<?xml version="1.0" encoding="UTF-8"?>
<pc:PcGts xmlns:pc="http://schema.primaresearch.org/PAGE/gts/pagecontent/2019-07-15" xmlns:xsi="http://www.w3.org/2001/XMLSchema-instance" xsi:schemaLocation="http://schema.primaresearch.org/PAGE/gts/pagecontent/2019-07-15 http://schema.primaresearch.org/PAGE/gts/pagecontent/2019-07-15/pagecontent.xsd">
    <pc:Metadata>
        <pc:Creator>OCR-D</pc:Creator>
        <pc:Created>2016-09-20T09:10:12</pc:Created>
        <pc:LastChange>2019-11-20T10:14:36</pc:LastChange>
    </pc:Metadata>
    <pc:Page imageFilename="OCR-D-IMG/OCR-D-IMG_0001.tif" imageWidth="1267" imageHeight="2155" imageXResolution="300." imageYResolution="300." type="content">
        <pc:Border>
            <pc:Coords points="47,307 813,307 813,1684 47,1684"/>
        </pc:Border>
        <pc:ReadingOrder>
            <pc:OrderedGroup id="ro357564684568544579089" caption="Regions reading order">
                <pc:RegionRefIndexed index="0" regionRef="r_1_1"/>
                <pc:RegionRefIndexed index="1" regionRef="r_2_1"/>
                <pc:RegionRefIndexed index="2" regionRef="r_2_2"/>
                <pc:RegionRefIndexed index="3" regionRef="r_2_3"/>
                <pc:RegionRefIndexed index="4" regionRef="r_2_4"/>
                <pc:RegionRefIndexed index="5" regionRef="region_1474980941996_32"/>
                <pc:RegionRefIndexed index="6" regionRef="region_1474980975427_34"/>
                <pc:RegionRefIndexed index="7" regionRef="region_1474980975427_33"/>
            </pc:OrderedGroup>
        </pc:ReadingOrder>
        <pc:TextRegion id="r_1_1" type="page-number">
            <pc:Coords points="722,338 766,338 766,373 722,373"/>
            <pc:TextLine id="tl_1" primaryLanguage="German">
                <pc:Coords points="723,339 765,339 765,372 723,372"/>
                <pc:Baseline points="723,374 765,374"/>
                <pc:Word id="w_w1aab1b1b2b1b1ab1" language="German">
                    <pc:Coords points="723,339 765,339 765,372 723,372"/>
                    <pc:TextEquiv>
                        <pc:Unicode>81</pc:Unicode>
                    </pc:TextEquiv>
                </pc:Word>
                <pc:TextEquiv>
                    <pc:Unicode>81</pc:Unicode>
                </pc:TextEquiv>
            </pc:TextLine>
            <pc:TextEquiv>
                <pc:Unicode>81</pc:Unicode>
            </pc:TextEquiv>
        </pc:TextRegion>
        <pc:TextRegion id="r_2_1" type="paragraph">
            <pc:Coords points="63,426 768,426 768,559 63,559"/>
            <pc:TextLine id="tl_2" primaryLanguage="German">
                <pc:Coords points="65,427 767,427 767,474 65,474"/>
                <pc:Baseline points="65,469 767,469"/>
                <pc:Word id="w_w1aab1b3b2b1b1ab1" language="German">
                    <pc:Coords points="65,433 108,433 108,464 65,464"/>
                    <pc:TextEquiv>
                        <pc:Unicode>die</pc:Unicode>
                    </pc:TextEquiv>
                </pc:Word>
                <pc:Word id="w_w1aab1b3b2b1b1ab9" language="German">
                    <pc:Coords points="123,434 179,434 179,464 123,464"/>
                    <pc:TextEquiv>
                        <pc:Unicode>uns</pc:Unicode>
                    </pc:TextEquiv>
                </pc:Word>
                <pc:Word id="w_w1aab1b3b2b1b1ac17" language="German">
                    <pc:Coords points="194,430 268,430 268,472 194,472"/>
                    <pc:TextEquiv>
                        <pc:Unicode>ſelbſt</pc:Unicode>
                    </pc:TextEquiv>
                </pc:Word>
                <pc:Word id="w_w1aab1b3b2b1b1ac31" language="German">
                    <pc:Coords points="284,433 312,433 312,465 284,465"/>
                    <pc:TextEquiv>
                        <pc:Unicode>in</pc:Unicode>
                    </pc:TextEquiv>
                </pc:Word>
                <pc:Word id="w_w1aab1b3b2b1b1ac37" language="German">
                    <pc:Coords points="329,433 380,433 380,464 329,464"/>
                    <pc:TextEquiv>
                        <pc:Unicode>den</pc:Unicode>
                    </pc:TextEquiv>
                </pc:Word>
                <pc:Word id="w_w1aab1b3b2b1b1ac45" language="German">
                    <pc:Coords points="407,429 692,429 692,474 407,474"/>
                    <pc:TextEquiv>
                        <pc:Unicode>Elementarbuͤchern</pc:Unicode>
                    </pc:TextEquiv>
                </pc:Word>
                <pc:Word id="w_w1aab1b3b2b1b1ac79" language="German">
                    <pc:Coords points="714,436 767,436 767,468 714,468"/>
                    <pc:TextEquiv>
                        <pc:Unicode>des</pc:Unicode>
                    </pc:TextEquiv>
                </pc:Word>
                <pc:TextEquiv>
                    <pc:Unicode>die uns ſelbſt in den Elementarbuͤchern des</pc:Unicode>
                </pc:TextEquiv>
            </pc:TextLine>
            <pc:TextLine id="tl_3" primaryLanguage="German">
                <pc:Coords points="64,512 593,512 593,558 64,558"/>
                <pc:Baseline points="64,550 593,550"/>
                <pc:Word id="w_w1aab1b3b2b1b3ab1" language="German">
                    <pc:Coords points="64,514 164,514 164,547 64,547"/>
                    <pc:TextEquiv>
                        <pc:Unicode>Neuen</pc:Unicode>
                    </pc:TextEquiv>
                </pc:Word>
                <pc:Word id="w_w1aab1b3b2b1b3ac13" language="German">
                    <pc:Coords points="179,516 303,516 303,548 179,548"/>
                    <pc:TextEquiv>
                        <pc:Unicode>Bundes</pc:Unicode>
                    </pc:TextEquiv>
                </pc:Word>
                <pc:Word id="w_w1aab1b3b2b1b3ac27" language="German">
                    <pc:Coords points="318,514 497,514 497,557 318,557"/>
                    <pc:TextEquiv>
                        <pc:Unicode>verſprochen</pc:Unicode>
                    </pc:TextEquiv>
                </pc:Word>
                <pc:Word id="word_1478540187009_626" language="German">
                    <pc:Coords points="512,515 593,515 593,548 512,548"/>
                    <pc:TextEquiv>
                        <pc:Unicode>wird.</pc:Unicode>
                    </pc:TextEquiv>
                </pc:Word>
                <pc:TextEquiv>
                    <pc:Unicode>Neuen Bundes verſprochen wird.</pc:Unicode>
                </pc:TextEquiv>
            </pc:TextLine>
            <pc:TextEquiv>
                <pc:Unicode>die uns ſelbſt in den Elementarbuͤchern des
Neuen Bundes verſprochen wird.</pc:Unicode>
            </pc:TextEquiv>
        </pc:TextRegion>
        <pc:TextRegion id="r_2_2" type="heading">
            <pc:Coords points="347,641 474,641 474,690 347,690"/>
            <pc:TextLine id="tl_4" primaryLanguage="German">
                <pc:Coords points="348,642 473,642 473,689 348,689"/>
                <pc:Baseline points="348,690 473,690"/>
                <pc:Word id="word_1478540195008_628" language="German">
                    <pc:Coords points="348,642 377,642 377,686 348,686"/>
                    <pc:TextEquiv>
                        <pc:Unicode>§.</pc:Unicode>
                    </pc:TextEquiv>
                </pc:Word>
                <pc:Word id="word_1478540198872_630" language="German">
                    <pc:Coords points="415,650 432,650 432,651 459,651 459,652 473,652 473,689 441,689 441,688 436,688 436,687 432,687 432,686 428,686 428,685 423,685 423,684 419,684 419,683 415,683"/>
                    <pc:TextEquiv>
                        <pc:Unicode>87.</pc:Unicode>
                    </pc:TextEquiv>
                </pc:Word>
                <pc:TextEquiv>
                    <pc:Unicode>§. 87.</pc:Unicode>
                </pc:TextEquiv>
            </pc:TextLine>
            <pc:TextEquiv>
                <pc:Unicode>§. 87.</pc:Unicode>
            </pc:TextEquiv>
        </pc:TextRegion>
        <pc:TextRegion id="r_2_3" type="paragraph">
            <pc:Coords points="54,756 762,756 762,1211 54,1211"/>
            <pc:TextLine id="tl_5" primaryLanguage="German">
                <pc:Coords points="110,757 761,757 761,803 110,803"/>
                <pc:Baseline points="110,796 761,796"/>
                <pc:Word id="word_1478540244347_632" language="German">
                    <pc:Coords points="110,760 271,760 271,801 110,801"/>
                    <pc:TextEquiv>
                        <pc:Unicode>Vielleicht,</pc:Unicode>
                    </pc:TextEquiv>
                </pc:Word>
                <pc:Word id="w_w1aab1b3b2b5b1ac25" language="German">
                    <pc:Coords points="306,759 361,759 361,801 306,801"/>
                    <pc:TextEquiv>
                        <pc:Unicode>daß</pc:Unicode>
                    </pc:TextEquiv>
                </pc:Word>
                <pc:Word id="w_w1aab1b3b2b5b1ac33" language="German">
                    <pc:Coords points="390,759 467,759 467,801 390,801"/>
                    <pc:TextEquiv>
                        <pc:Unicode>ſelbſt</pc:Unicode>
                    </pc:TextEquiv>
                </pc:Word>
                <pc:Word id="w_w1aab1b3b2b5b1ac47" language="German">
                    <pc:Coords points="488,760 597,760 597,801 488,801"/>
                    <pc:TextEquiv>
                        <pc:Unicode>gewiſſe</pc:Unicode>
                    </pc:TextEquiv>
                </pc:Word>
                <pc:Word id="word_1478540304090_640" language="German">
                    <pc:Coords points="620,762 761,762 761,802 620,802"/>
                    <pc:TextEquiv>
                        <pc:Unicode>Schwaͤr-</pc:Unicode>
                    </pc:TextEquiv>
                </pc:Word>
                <pc:TextEquiv>
                    <pc:Unicode>Vielleicht, daß ſelbſt gewiſſe Schwaͤr-</pc:Unicode>
                </pc:TextEquiv>
            </pc:TextLine>
            <pc:TextLine id="tl_6" primaryLanguage="German">
                <pc:Coords points="60,840 760,840 760,883 60,883"/>
                <pc:Baseline points="60,877 760,877"/>
                <pc:Word id="w_w1aab1b3b2b5b3ab1" language="German">
                    <pc:Coords points="60,847 123,847 123,873 60,873"/>
                    <pc:TextEquiv>
                        <pc:Unicode>mer</pc:Unicode>
                    </pc:TextEquiv>
                </pc:Word>
                <pc:Word id="w_w1aab1b3b2b5b3ac11" language="German">
                    <pc:Coords points="135,844 186,844 186,874 135,874"/>
                    <pc:TextEquiv>
                        <pc:Unicode>des</pc:Unicode>
                    </pc:TextEquiv>
                </pc:Word>
                <pc:Word id="w_w1aab1b3b2b5b3ac19" language="German">
                    <pc:Coords points="204,842 384,842 384,881 204,881"/>
                    <pc:TextEquiv>
                        <pc:Unicode>dreyzehnten</pc:Unicode>
                    </pc:TextEquiv>
                </pc:Word>
                <pc:Word id="w_w1aab1b3b2b5b3ac43" language="German">
                    <pc:Coords points="400,844 457,844 457,874 400,874"/>
                    <pc:TextEquiv>
                        <pc:Unicode>und</pc:Unicode>
                    </pc:TextEquiv>
                </pc:Word>
                <pc:Word id="w_w1aab1b3b2b5b3ac51" language="German">
                    <pc:Coords points="474,842 646,842 646,882 474,882"/>
                    <pc:TextEquiv>
                        <pc:Unicode>vierzehnten</pc:Unicode>
                    </pc:TextEquiv>
                </pc:Word>
                <pc:Word id="word_1478540307707_642" language="German">
                    <pc:Coords points="667,844 759,844 759,882 667,882"/>
                    <pc:TextEquiv>
                        <pc:Unicode>Jahr-</pc:Unicode>
                    </pc:TextEquiv>
                </pc:Word>
                <pc:TextEquiv>
                    <pc:Unicode>mer des dreyzehnten und vierzehnten Jahr-</pc:Unicode>
                </pc:TextEquiv>
            </pc:TextLine>
            <pc:TextLine id="tl_7" primaryLanguage="German">
                <pc:Coords points="58,921 758,921 758,966 58,966"/>
                <pc:Baseline points="58,959 758,959"/>
                <pc:Word id="w_w1aab1b3b2b5b5ab1" language="German">
                    <pc:Coords points="58,922 191,922 191,961 58,961"/>
                    <pc:TextEquiv>
                        <pc:Unicode>hunderts</pc:Unicode>
                    </pc:TextEquiv>
                </pc:Word>
                <pc:Word id="w_w1aab1b3b2b5b5ac19" language="German">
                    <pc:Coords points="209,924 287,924 287,956 209,956"/>
                    <pc:TextEquiv>
                        <pc:Unicode>einen</pc:Unicode>
                    </pc:TextEquiv>
                </pc:Word>
                <pc:Word id="w_w1aab1b3b2b5b5ac31" language="German">
                    <pc:Coords points="302,922 411,922 411,961 302,961"/>
                    <pc:TextEquiv>
                        <pc:Unicode>Strahl</pc:Unicode>
                    </pc:TextEquiv>
                </pc:Word>
                <pc:Word id="w_w1aab1b3b2b5b5ac45" language="German">
                    <pc:Coords points="431,924 517,924 517,965 431,965"/>
                    <pc:TextEquiv>
                        <pc:Unicode>dieſes</pc:Unicode>
                    </pc:TextEquiv>
                </pc:Word>
                <pc:Word id="w_w1aab1b3b2b5b5ac59" language="German">
                    <pc:Coords points="540,932 629,932 629,956 540,956"/>
                    <pc:TextEquiv>
                        <pc:Unicode>neuen</pc:Unicode>
                    </pc:TextEquiv>
                </pc:Word>
                <pc:Word id="w_w1aab1b3b2b5b5ac71" language="German">
                    <pc:Coords points="652,925 758,925 758,965 652,965"/>
                    <pc:TextEquiv>
                        <pc:Unicode>ewigen</pc:Unicode>
                    </pc:TextEquiv>
                </pc:Word>
                <pc:TextEquiv>
                    <pc:Unicode>hunderts einen Strahl dieſes neuen ewigen</pc:Unicode>
                </pc:TextEquiv>
            </pc:TextLine>
            <pc:TextLine id="tl_8" primaryLanguage="German">
                <pc:Coords points="58,1001 760,1001 760,1047 58,1047"/>
                <pc:Baseline points="58,1041 760,1041"/>
                <pc:Word id="w_w1aab1b3b2b5b7ab1" language="German">
                    <pc:Coords points="58,1002 269,1002 269,1044 58,1044"/>
                    <pc:TextEquiv>
                        <pc:Unicode>Evangeliums</pc:Unicode>
                    </pc:TextEquiv>
                </pc:Word>
                <pc:Word id="w_w1aab1b3b2b5b7ac25" language="German">
                    <pc:Coords points="284,1002 475,1002 475,1045 284,1045"/>
                    <pc:TextEquiv>
                        <pc:Unicode>aufgefangen</pc:Unicode>
                    </pc:TextEquiv>
                </pc:Word>
                <pc:Word id="word_1478540265106_634" language="German">
                    <pc:Coords points="492,1004 605,1004 605,1045 492,1045"/>
                    <pc:TextEquiv>
                        <pc:Unicode>hatten;</pc:Unicode>
                    </pc:TextEquiv>
                </pc:Word>
                <pc:Word id="w_w1aab1b3b2b5b7ac65" language="German">
                    <pc:Coords points="632,1008 689,1008 689,1038 632,1038"/>
                    <pc:TextEquiv>
                        <pc:Unicode>und</pc:Unicode>
                    </pc:TextEquiv>
                </pc:Word>
                <pc:Word id="w_w1aab1b3b2b5b7ac73" language="German">
                    <pc:Coords points="705,1016 760,1016 760,1039 705,1039"/>
                    <pc:TextEquiv>
                        <pc:Unicode>nur</pc:Unicode>
                    </pc:TextEquiv>
                </pc:Word>
                <pc:TextEquiv>
                    <pc:Unicode>Evangeliums aufgefangen hatten; und nur</pc:Unicode>
                </pc:TextEquiv>
            </pc:TextLine>
            <pc:TextLine id="tl_9" primaryLanguage="German">
                <pc:Coords points="56,1083 755,1083 755,1129 56,1129"/>
                <pc:Baseline points="56,1122 755,1122"/>
                <pc:Word id="w_w1aab1b3b2b5b9ab1" language="German">
                    <pc:Coords points="56,1086 157,1086 157,1117 56,1117"/>
                    <pc:TextEquiv>
                        <pc:Unicode>darinn</pc:Unicode>
                    </pc:TextEquiv>
                </pc:Word>
                <pc:Word id="word_1478540273712_636" language="German">
                    <pc:Coords points="173,1087 275,1087 275,1126 173,1126"/>
                    <pc:TextEquiv>
                        <pc:Unicode>irrten,</pc:Unicode>
                    </pc:TextEquiv>
                </pc:Word>
                <pc:Word id="w_w1aab1b3b2b5b9ac31" language="German">
                    <pc:Coords points="302,1087 356,1087 356,1127 302,1127"/>
                    <pc:TextEquiv>
                        <pc:Unicode>daß</pc:Unicode>
                    </pc:TextEquiv>
                </pc:Word>
                <pc:Word id="w_w1aab1b3b2b5b9ac39" language="German">
                    <pc:Coords points="372,1084 407,1084 407,1126 372,1126"/>
                    <pc:TextEquiv>
                        <pc:Unicode>ſie</pc:Unicode>
                    </pc:TextEquiv>
                </pc:Word>
                <pc:Word id="w_w1aab1b3b2b5b9ac47" language="German">
                    <pc:Coords points="423,1089 475,1089 475,1119 423,1119"/>
                    <pc:TextEquiv>
                        <pc:Unicode>den</pc:Unicode>
                    </pc:TextEquiv>
                </pc:Word>
                <pc:Word id="w_w1aab1b3b2b5b9ac55" language="German">
                    <pc:Coords points="490,1086 640,1086 640,1129 490,1129"/>
                    <pc:TextEquiv>
                        <pc:Unicode>Ausbruch</pc:Unicode>
                    </pc:TextEquiv>
                </pc:Word>
                <pc:Word id="word_1478540312155_644" language="German">
                    <pc:Coords points="664,1087 755,1087 755,1128 664,1128"/>
                    <pc:TextEquiv>
                        <pc:Unicode>deſſel-</pc:Unicode>
                    </pc:TextEquiv>
                </pc:Word>
                <pc:TextEquiv>
                    <pc:Unicode>darinn irrten, daß ſie den Ausbruch deſſel-</pc:Unicode>
                </pc:TextEquiv>
            </pc:TextLine>
            <pc:TextLine id="tl_10" primaryLanguage="German">
                <pc:Coords points="55,1164 460,1164 460,1210 55,1210"/>
                <pc:Baseline points="55,1204 460,1204"/>
                <pc:Word id="w_w1aab1b3b2b5c11ab1" language="German">
                    <pc:Coords points="55,1166 108,1166 108,1199 55,1199"/>
                    <pc:TextEquiv>
                        <pc:Unicode>ben</pc:Unicode>
                    </pc:TextEquiv>
                </pc:Word>
                <pc:Word id="w_w1aab1b3b2b5c11ab9" language="German">
                    <pc:Coords points="124,1167 151,1167 151,1208 124,1208"/>
                    <pc:TextEquiv>
                        <pc:Unicode>so</pc:Unicode>
                    </pc:TextEquiv>
                </pc:Word>
                <pc:Word id="w_w1aab1b3b2b5c11ac15" language="German">
                    <pc:Coords points="167,1168 239,1168 239,1204 167,1204"/>
                    <pc:TextEquiv>
                        <pc:Unicode>nahe</pc:Unicode>
                    </pc:TextEquiv>
                </pc:Word>
                <pc:Word id="word_1478540284046_638" language="German">
                    <pc:Coords points="253,1165 460,1165 460,1207 253,1207"/>
                    <pc:TextEquiv>
                        <pc:Unicode>verkuͤndigten.</pc:Unicode>
                    </pc:TextEquiv>
                </pc:Word>
                <pc:TextEquiv>
                    <pc:Unicode>ben so nahe verkuͤndigten.</pc:Unicode>
                </pc:TextEquiv>
            </pc:TextLine>
            <pc:TextEquiv>
                <pc:Unicode>Vielleicht, daß ſelbſt gewiſſe Schwaͤr-
mer des dreyzehnten und vierzehnten Jahr-
hunderts einen Strahl dieſes neuen ewigen
Evangeliums aufgefangen hatten; und nur
darinn irrten, daß ſie den Ausbruch deſſel-
ben so nahe verkuͤndigten.</pc:Unicode>
            </pc:TextEquiv>
        </pc:TextRegion>
        <pc:TextRegion id="r_2_4" type="heading">
            <pc:Coords points="339,1299 466,1299 466,1338 339,1338"/>
            <pc:TextLine id="tl_11" primaryLanguage="German">
                <pc:Coords points="340,1300 465,1300 465,1337 340,1337"/>
                <pc:Baseline points="340,1338 465,1338"/>
                <pc:Word id="word_1478540328164_646" language="German">
                    <pc:Coords points="340,1300 369,1300 369,1336 340,1336"/>
                    <pc:TextEquiv>
                        <pc:Unicode>§.</pc:Unicode>
                    </pc:TextEquiv>
                </pc:Word>
                <pc:Word id="word_1478540331913_648" language="German">
                    <pc:Coords points="406,1302 450,1302 450,1303 451,1303 451,1305 452,1305 452,1306 453,1306 453,1308 454,1308 454,1309 455,1309 455,1311 456,1311 456,1312 457,1312 457,1314 458,1314 458,1315 459,1315 459,1317 460,1317 460,1318 461,1318 461,1320 462,1320 462,1321 463,1321 463,1322 464,1322 464,1332 459,1332 459,1333 455,1333 455,1334 451,1334 451,1335 450,1335 450,1336 406,1336"/>
                    <pc:TextEquiv>
                        <pc:Unicode>88.</pc:Unicode>
                    </pc:TextEquiv>
                </pc:Word>
                <pc:TextEquiv>
                    <pc:Unicode>§. 88.</pc:Unicode>
                </pc:TextEquiv>
            </pc:TextLine>
            <pc:TextEquiv>
                <pc:Unicode>§. 88.</pc:Unicode>
            </pc:TextEquiv>
        </pc:TextRegion>
        <pc:TextRegion id="region_1474980941996_32" type="paragraph">
            <pc:Coords points="755,1542 53,1542 53,1407 755,1407"/>
            <pc:TextLine id="tl_12" primaryLanguage="German">
                <pc:Coords points="102,1408 754,1408 754,1461 102,1461"/>
                <pc:Baseline points="102,1450 754,1450"/>
                <pc:Word id="w_w1aab1b3b2b9b1ab1" language="German">
                    <pc:Coords points="102,1410 244,1410 244,1450 102,1450"/>
                    <pc:TextEquiv>
                        <pc:Unicode>Vielleicht</pc:Unicode>
                    </pc:TextEquiv>
                </pc:Word>
                <pc:Word id="w_w1aab1b3b2b9b1ac23" language="German">
                    <pc:Coords points="270,1419 331,1419 331,1445 270,1445"/>
                    <pc:TextEquiv>
                        <pc:Unicode>war</pc:Unicode>
                    </pc:TextEquiv>
                </pc:Word>
                <pc:Word id="w_w1aab1b3b2b9b1ac31" language="German">
                    <pc:Coords points="359,1412 401,1412 401,1451 359,1451"/>
                    <pc:TextEquiv>
                        <pc:Unicode>ihr</pc:Unicode>
                    </pc:TextEquiv>
                </pc:Word>
                <pc:Word id="w_w1aab1b3b2b9b1b1b1" language="German">
                    <pc:Coords points="428,1410 630,1410 630,1460 428,1460"/>
                    <pc:TextEquiv>
                        <pc:Unicode>dreyfaches</pc:Unicode>
                    </pc:TextEquiv>
                </pc:Word>
                <pc:Word id="w_w1aab1b3b2b9b1b1c23" language="German">
                    <pc:Coords points="652,1412 754,1412 754,1453 652,1453"/>
                    <pc:TextEquiv>
                        <pc:Unicode>Alter</pc:Unicode>
                    </pc:TextEquiv>
                </pc:Word>
                <pc:TextEquiv>
                    <pc:Unicode>Vielleicht war ihr dreyfaches Alter</pc:Unicode>
                </pc:TextEquiv>
            </pc:TextLine>
            <pc:TextLine id="tl_13" primaryLanguage="German">
                <pc:Coords points="54,1489 753,1489 753,1538 54,1538"/>
                <pc:Baseline points="54,1531 753,1531"/>
                <pc:Word id="w_w1aab1b3b2b9b3ab1" language="German">
                    <pc:Coords points="54,1489 115,1489 115,1527 54,1527"/>
                    <pc:TextEquiv>
                        <pc:Unicode>der</pc:Unicode>
                    </pc:TextEquiv>
                </pc:Word>
                <pc:Word id="w_w1aab1b3b2b9b3b1b1" language="German">
                    <pc:Coords points="140,1489 244,1489 244,1530 140,1530"/>
                    <pc:TextEquiv>
                        <pc:Unicode>Welt</pc:Unicode>
                    </pc:TextEquiv>
                </pc:Word>
                <pc:Word id="w_w1aab1b3b2b9b3b1c13" language="German">
                    <pc:Coords points="272,1492 344,1492 344,1525 272,1525"/>
                    <pc:TextEquiv>
                        <pc:Unicode>keine</pc:Unicode>
                    </pc:TextEquiv>
                </pc:Word>
                <pc:Word id="w_w1aab1b3b2b9b3b1c25" language="German">
                    <pc:Coords points="377,1493 405,1493 405,1534 377,1534"/>
                    <pc:TextEquiv>
                        <pc:Unicode>ſo</pc:Unicode>
                    </pc:TextEquiv>
                </pc:Word>
                <pc:Word id="w_w1aab1b3b2b9b3b1c31" language="German">
                    <pc:Coords points="438,1495 507,1495 507,1527 438,1527"/>
                    <pc:TextEquiv>
                        <pc:Unicode>leere</pc:Unicode>
                    </pc:TextEquiv>
                </pc:Word>
                <pc:Word id="word_1478540345098_650" language="German">
                    <pc:Coords points="540,1495 649,1495 649,1538 540,1538"/>
                    <pc:TextEquiv>
                        <pc:Unicode>Grille;</pc:Unicode>
                    </pc:TextEquiv>
                </pc:Word>
                <pc:Word id="w_w1aab1b3b2b9b3b1c59" language="German">
                    <pc:Coords points="693,1499 753,1499 753,1529 693,1529"/>
                    <pc:TextEquiv>
                        <pc:Unicode>und</pc:Unicode>
                    </pc:TextEquiv>
                </pc:Word>
                <pc:TextEquiv>
                    <pc:Unicode>der Welt keine ſo leere Grille; und</pc:Unicode>
                </pc:TextEquiv>
            </pc:TextLine>
            <pc:TextEquiv>
                <pc:Unicode>Vielleicht war ihr dreyfaches Alter
der Welt keine ſo leere Grille; und</pc:Unicode>
            </pc:TextEquiv>
        </pc:TextRegion>
        <pc:TextRegion id="region_1474980975427_34" type="signature-mark">
            <pc:Coords points="493,1628 437,1628 437,1561 493,1561"/>
            <pc:TextLine id="line_1474980975458_36" primaryLanguage="German">
                <pc:Coords points="488,1621 449,1621 449,1572 488,1572"/>
                <pc:Baseline points="449,1615 485,1615"/>
                <pc:Word id="w_w1aab1b3b2b9b5ab1" language="German">
                    <pc:Coords points="449,1577 474,1577 474,1616 449,1616"/>
                    <pc:TextEquiv>
                        <pc:Unicode>F</pc:Unicode>
                    </pc:TextEquiv>
                </pc:Word>
                <pc:TextEquiv>
                    <pc:Unicode>F</pc:Unicode>
                </pc:TextEquiv>
            </pc:TextLine>
            <pc:TextEquiv>
                <pc:Unicode>F</pc:Unicode>
            </pc:TextEquiv>
        </pc:TextRegion>
        <pc:TextRegion id="region_1474980975427_33" type="catch-word">
            <pc:Coords points="755,1635 684,1635 684,1566 755,1566"/>
            <pc:TextLine id="line_1474980975458_35" primaryLanguage="German">
                <pc:Coords points="751,1627 691,1627 691,1577 751,1577"/>
                <pc:Baseline points="691,1615 751,1615"/>
                <pc:Word id="word_1478540354752_652" language="German">
                    <pc:Coords points="703,1587 751,1587 751,1627 703,1627"/>
                    <pc:TextEquiv>
                        <pc:Unicode>ge-</pc:Unicode>
                    </pc:TextEquiv>
                </pc:Word>
                <pc:TextEquiv>
                    <pc:Unicode>ge-</pc:Unicode>
                </pc:TextEquiv>
            </pc:TextLine>
            <pc:TextEquiv>
                <pc:Unicode>ge-</pc:Unicode>
            </pc:TextEquiv>
        </pc:TextRegion>
        <pc:SeparatorRegion id="r_3">
            <pc:Coords points="312,344 512,344 512,358 312,358"/>
        </pc:SeparatorRegion>
    </pc:Page>
</pc:PcGts>
