<?xml version="1.0" encoding="UTF-8"?>
<pc:PcGts xmlns:pc="http://schema.primaresearch.org/PAGE/gts/pagecontent/2019-07-15" xmlns:xsi="http://www.w3.org/2001/XMLSchema-instance" xsi:schemaLocation="http://schema.primaresearch.org/PAGE/gts/pagecontent/2019-07-15 http://schema.primaresearch.org/PAGE/gts/pagecontent/2019-07-15/pagecontent.xsd">
    <pc:Metadata>
        <pc:Creator>OCR-D</pc:Creator>
        <pc:Created>2016-09-21T17:57:56.500000+02:00</pc:Created>
        <pc:LastChange>2017-01-04T09:31:37.476000+01:00</pc:LastChange>
    </pc:Metadata>
    <pc:Page imageFilename="OCR-D-IMG/OCR-D-IMG_0014.tif" imageWidth="1199" imageHeight="1929" type="content">
        <pc:Border>
            <pc:Coords points="306,126 1172,126 1172,1563 306,1563"/>
        </pc:Border>
        <pc:ReadingOrder>
            <pc:OrderedGroup id="ro_1483518697510" caption="Regions reading order">
                <pc:RegionRefIndexed index="0" regionRef="r_1_1"/>
                <pc:RegionRefIndexed index="1" regionRef="r_1_2"/>
                <pc:RegionRefIndexed index="2" regionRef="r_1_3"/>
                <pc:RegionRefIndexed index="3" regionRef="r_1_4"/>
                <pc:RegionRefIndexed index="4" regionRef="r_1_5"/>
                <pc:RegionRefIndexed index="5" regionRef="r_1_6"/>
                <pc:RegionRefIndexed index="6" regionRef="r_1_7"/>
            </pc:OrderedGroup>
        </pc:ReadingOrder>
        <pc:TextRegion id="r_1_1" type="paragraph">
            <pc:Coords points="314,138 1134,138 1134,312 314,312"/>
            <pc:TextLine id="tl_1" primaryLanguage="English">
                <pc:Coords points="319,139 1132,139 1132,201 319,201"/>
                <pc:Baseline points="319,188 1132,188"/>
                <pc:Word id="w_w1aab1b1b2b1b1ab1">
                    <pc:Coords points="319,145 424,145 424,189 319,189"/>
                    <pc:TextEquiv>
                        <pc:Unicode>rectè</pc:Unicode>
                    </pc:TextEquiv>
                </pc:Word>
                <pc:Word id="w_w1aab1b1b2b1b1ac11">
                    <pc:Coords points="434,145 579,145 579,187 434,187"/>
                    <pc:TextEquiv>
                        <pc:Unicode>exculta</pc:Unicode>
                    </pc:TextEquiv>
                </pc:Word>
                <pc:Word id="w_w1aab1b1b2b1b1ac27">
                    <pc:Coords points="600,146 756,146 756,199 600,199"/>
                    <pc:TextEquiv>
                        <pc:Unicode>pueritia</pc:Unicode>
                    </pc:TextEquiv>
                </pc:Word>
                <pc:Word id="w_w1aab1b1b2b1b1ac45">
                    <pc:Coords points="767,143 941,143 941,197 767,197"/>
                    <pc:TextEquiv>
                        <pc:Unicode>producit</pc:Unicode>
                    </pc:TextEquiv>
                </pc:Word>
                <pc:Word id="w_w1aab1b1b2b1b1b1b1">
                    <pc:Coords points="944,178 954,178 954,194 944,194"/>
                    <pc:TextEquiv>
                        <pc:Unicode>,</pc:Unicode>
                    </pc:TextEquiv>
                </pc:Word>
                <pc:Word id="w_w1aab1b1b2b1b1b2b1">
                    <pc:Coords points="958,140 1013,140 1013,185 958,185"/>
                    <pc:TextEquiv>
                        <pc:Unicode>ac</pc:Unicode>
                    </pc:TextEquiv>
                </pc:Word>
                <pc:Word id="w_w1aab1b1b2b1b1b2b9">
                    <pc:Coords points="1036,155 1132,155 1132,187 1036,187"/>
                    <pc:TextEquiv>
                        <pc:Unicode>ean-</pc:Unicode>
                    </pc:TextEquiv>
                </pc:Word>
                <pc:TextEquiv>
                    <pc:Unicode>rectè exculta pueritia producit , ac ean-</pc:Unicode>
                </pc:TextEquiv>
            </pc:TextLine>
            <pc:TextLine id="tl_2" primaryLanguage="English">
                <pc:Coords points="315,199 1133,199 1133,256 315,256"/>
                <pc:Baseline points="315,243 1133,243"/>
                <pc:Word id="w_w1aab1b1b2b1b3ab1">
                    <pc:Coords points="315,206 409,206 409,241 315,241"/>
                    <pc:TextEquiv>
                        <pc:Unicode>dem</pc:Unicode>
                    </pc:TextEquiv>
                </pc:Word>
                <pc:Word id="w_w1aab1b1b2b1b3ac11">
                    <pc:Coords points="425,215 536,215 536,253 425,253"/>
                    <pc:TextEquiv>
                        <pc:Unicode>porro</pc:Unicode>
                    </pc:TextEquiv>
                </pc:Word>
                <pc:Word id="w_w1aab1b1b2b1b3ac23">
                    <pc:Coords points="548,207 587,207 587,241 548,241"/>
                    <pc:TextEquiv>
                        <pc:Unicode>in</pc:Unicode>
                    </pc:TextEquiv>
                </pc:Word>
                <pc:Word id="w_w1aab1b1b2b1b3ac29">
                    <pc:Coords points="608,213 743,213 743,241 608,241"/>
                    <pc:TextEquiv>
                        <pc:Unicode>omnes</pc:Unicode>
                    </pc:TextEquiv>
                </pc:Word>
                <pc:Word id="w_w1aab1b1b2b1b3ac41">
                    <pc:Coords points="757,200 982,200 982,254 757,254"/>
                    <pc:TextEquiv>
                        <pc:Unicode>grandiores</pc:Unicode>
                    </pc:TextEquiv>
                </pc:Word>
                <pc:Word id="w_w1aab1b1b2b1b3ac63">
                    <pc:Coords points="1001,212 1133,212 1133,242 1001,242"/>
                    <pc:TextEquiv>
                        <pc:Unicode>ætates</pc:Unicode>
                    </pc:TextEquiv>
                </pc:Word>
                <pc:TextEquiv>
                    <pc:Unicode>dem porro in omnes grandiores ætates</pc:Unicode>
                </pc:TextEquiv>
            </pc:TextLine>
            <pc:TextLine id="tl_3" primaryLanguage="English">
                <pc:Coords points="322,268 522,268 522,311 322,311"/>
                <pc:Baseline points="322,297 522,297"/>
                <pc:Word id="w_w1aab1b1b2b1b5ab1">
                    <pc:Coords points="322,268 522,268 522,310 322,310"/>
                    <pc:TextEquiv>
                        <pc:Unicode>propagat.</pc:Unicode>
                    </pc:TextEquiv>
                </pc:Word>
                <pc:TextEquiv>
                    <pc:Unicode>propagat.</pc:Unicode>
                </pc:TextEquiv>
            </pc:TextLine>
            <pc:TextEquiv>
                <pc:Unicode>rectè exculta pueritia producit , ac ean-
dem porro in omnes grandiores ætates
propagat.</pc:Unicode>
            </pc:TextEquiv>
        </pc:TextRegion>
        <pc:TextRegion id="r_1_2" type="paragraph">
            <pc:Coords points="320,318 1139,318 1139,529 320,529"/>
            <pc:TextLine id="tl_4" primaryLanguage="English">
                <pc:Coords points="321,319 1137,319 1137,378 321,378"/>
                <pc:Baseline points="321,365 1137,365"/>
                <pc:Word id="w_w1aab1b1b2b3b1ab1">
                    <pc:Coords points="321,340 345,340 345,375 321,375"/>
                    <pc:TextEquiv>
                        <pc:Unicode>5</pc:Unicode>
                    </pc:TextEquiv>
                </pc:Word>
                <pc:Word id="w_w1aab1b1b2b3b1ab5">
                    <pc:Coords points="349,356 360,356 360,366 349,366"/>
                    <pc:TextEquiv>
                        <pc:Unicode>.</pc:Unicode>
                    </pc:TextEquiv>
                </pc:Word>
                <pc:Word id="w_w1aab1b1b2b3b1b1b3">
                    <pc:Coords points="417,323 478,323 478,363 417,363"/>
                    <pc:TextEquiv>
                        <pc:Unicode>At</pc:Unicode>
                    </pc:TextEquiv>
                </pc:Word>
                <pc:Word id="w_w1aab1b1b2b3b1b1b9">
                    <pc:Coords points="489,323 626,323 626,362 489,362"/>
                    <pc:TextEquiv>
                        <pc:Unicode>nullam</pc:Unicode>
                    </pc:TextEquiv>
                </pc:Word>
                <pc:Word id="w_w1aab1b1b2b3b1b1c23">
                    <pc:Coords points="640,321 935,321 935,373 640,373"/>
                    <pc:TextEquiv>
                        <pc:Unicode>Rempublicam</pc:Unicode>
                    </pc:TextEquiv>
                </pc:Word>
                <pc:Word id="w_w1aab1b1b2b3b1b1c47">
                    <pc:Coords points="950,321 1051,321 1051,375 950,375"/>
                    <pc:TextEquiv>
                        <pc:Unicode>abſ</pc:Unicode>
                    </pc:TextEquiv>
                </pc:Word>
                <pc:Word id="w_w1aab1b1b2b3b1b1c59">
                    <pc:Coords points="1063,320 1137,320 1137,361 1063,361"/>
                    <pc:TextEquiv>
                        <pc:Unicode>bo-</pc:Unicode>
                    </pc:TextEquiv>
                </pc:Word>
                <pc:TextEquiv>
                    <pc:Unicode>5 . At nullam Rempublicam abſ bo-</pc:Unicode>
                </pc:TextEquiv>
            </pc:TextLine>
            <pc:TextLine id="tl_5" primaryLanguage="English">
                <pc:Coords points="321,374 1136,374 1136,422 321,422"/>
                <pc:Baseline points="321,419 1136,419"/>
                <pc:Word id="w_w1aab1b1b2b3b3ab1">
                    <pc:Coords points="321,391 460,391 460,419 321,419"/>
                    <pc:TextEquiv>
                        <pc:Unicode>norum</pc:Unicode>
                    </pc:TextEquiv>
                </pc:Word>
                <pc:Word id="w_w1aab1b1b2b3b3ac13">
                    <pc:Coords points="470,380 638,380 638,417 470,417"/>
                    <pc:TextEquiv>
                        <pc:Unicode>uirorum</pc:Unicode>
                    </pc:TextEquiv>
                </pc:Word>
                <pc:Word id="word_1483435412305_276">
                    <pc:Coords points="971,419 648,419 648,375 971,375"/>
                    <pc:TextEquiv>
                        <pc:Unicode>adminiſtratione</pc:Unicode>
                    </pc:TextEquiv>
                </pc:Word>
                <pc:Word id="word_1483435412305_275">
                    <pc:Coords points="1136,419 971,419 971,375 1136,375"/>
                    <pc:TextEquiv>
                        <pc:Unicode>fęliciter</pc:Unicode>
                    </pc:TextEquiv>
                </pc:Word>
                <pc:TextEquiv>
                    <pc:Unicode>norum uirorum adminiſtratione fęliciter</pc:Unicode>
                </pc:TextEquiv>
            </pc:TextLine>
            <pc:TextLine id="tl_6" primaryLanguage="English">
                <pc:Coords points="323,427 1138,427 1138,488 323,488"/>
                <pc:Baseline points="323,475 1138,475"/>
                <pc:Word id="w_w1aab1b1b2b3b5ab1">
                    <pc:Coords points="323,432 534,432 534,488 323,488"/>
                    <pc:TextEquiv>
                        <pc:Unicode>gubernari</pc:Unicode>
                    </pc:TextEquiv>
                </pc:Word>
                <pc:Word id="w_w1aab1b1b2b3b5ac21">
                    <pc:Coords points="541,429 644,429 644,484 541,484"/>
                    <pc:TextEquiv>
                        <pc:Unicode>poſſe</pc:Unicode>
                    </pc:TextEquiv>
                </pc:Word>
                <pc:Word id="w_w1aab1b1b2b3b5ac33">
                    <pc:Coords points="654,434 694,434 694,469 654,469"/>
                    <pc:TextEquiv>
                        <pc:Unicode>in</pc:Unicode>
                    </pc:TextEquiv>
                </pc:Word>
                <pc:Word id="w_w1aab1b1b2b3b5ac39">
                    <pc:Coords points="708,428 874,428 874,471 708,471"/>
                    <pc:TextEquiv>
                        <pc:Unicode>confeſſo</pc:Unicode>
                    </pc:TextEquiv>
                </pc:Word>
                <pc:Word id="w_w1aab1b1b2b3b5ac57">
                    <pc:Coords points="885,429 934,429 934,470 885,470"/>
                    <pc:TextEquiv>
                        <pc:Unicode>eſt</pc:Unicode>
                    </pc:TextEquiv>
                </pc:Word>
                <pc:Word id="w_w1aab1b1b2b3b5ac65">
                    <pc:Coords points="945,431 1046,431 1046,483 945,483"/>
                    <pc:TextEquiv>
                        <pc:Unicode>apud</pc:Unicode>
                    </pc:TextEquiv>
                </pc:Word>
                <pc:Word id="w_w1aab1b1b2b3b5ac75">
                    <pc:Coords points="1056,444 1138,444 1138,471 1056,471"/>
                    <pc:TextEquiv>
                        <pc:Unicode>om-</pc:Unicode>
                    </pc:TextEquiv>
                </pc:Word>
                <pc:TextEquiv>
                    <pc:Unicode>gubernari poſſe in confeſſo eſt apud om-</pc:Unicode>
                </pc:TextEquiv>
            </pc:TextLine>
            <pc:TextLine id="tl_7" primaryLanguage="English">
                <pc:Coords points="325,500 411,500 411,528 325,528"/>
                <pc:Baseline points="325,528 411,528"/>
                <pc:Word id="w_w1aab1b1b2b3b7ab1">
                    <pc:Coords points="325,500 411,500 411,528 325,528"/>
                    <pc:TextEquiv>
                        <pc:Unicode>nes.</pc:Unicode>
                    </pc:TextEquiv>
                </pc:Word>
                <pc:TextEquiv>
                    <pc:Unicode>nes.</pc:Unicode>
                </pc:TextEquiv>
            </pc:TextLine>
            <pc:TextEquiv>
                <pc:Unicode>5 . At nullam Rempublicam abſ bo-
norum uirorum adminiſtratione fęliciter
gubernari poſſe in confeſſo eſt apud om-
nes.</pc:Unicode>
            </pc:TextEquiv>
        </pc:TextRegion>
        <pc:TextRegion id="r_1_3" type="paragraph">
            <pc:Coords points="322,548 1141,548 1141,823 322,823"/>
            <pc:TextLine id="tl_8" primaryLanguage="English">
                <pc:Coords points="327,549 1138,549 1138,596 327,596"/>
                <pc:Baseline points="327,595 1138,595"/>
                <pc:Word id="w_w1aab1b1b2b5b1b1b1">
                    <pc:Coords points="327,557 357,564 357,594 327,597"/>
                    <pc:TextEquiv>
                        <pc:Unicode>6</pc:Unicode>
                    </pc:TextEquiv>
                </pc:Word>
                <pc:Word id="w_w1aab1b1b2b5b1b2b1">
                    <pc:Coords points="360,553 372,553 372,594 360,594"/>
                    <pc:TextEquiv>
                        <pc:Unicode>.</pc:Unicode>
                    </pc:TextEquiv>
                </pc:Word>
                <pc:Word id="w_w1aab1b1b2b5b1b3b1">
                    <pc:Coords points="432,552 493,552 493,594 432,594"/>
                    <pc:TextEquiv>
                        <pc:Unicode>Eſt</pc:Unicode>
                    </pc:TextEquiv>
                </pc:Word>
                <pc:Word id="w_w1aab1b1b2b5b1b4b3">
                    <pc:Coords points="504,552 627,552 627,592 504,592"/>
                    <pc:TextEquiv>
                        <pc:Unicode>&amp; hoc</pc:Unicode>
                    </pc:TextEquiv>
                </pc:Word>
                <pc:Word id="w_w1aab1b1b2b5b1b4c17">
                    <pc:Coords points="638,562 742,562 742,591 638,591"/>
                    <pc:TextEquiv>
                        <pc:Unicode>extra</pc:Unicode>
                    </pc:TextEquiv>
                </pc:Word>
                <pc:Word id="w_w1aab1b1b2b5b1b4c29">
                    <pc:Coords points="752,563 909,563 909,591 752,591"/>
                    <pc:TextEquiv>
                        <pc:Unicode>omnem</pc:Unicode>
                    </pc:TextEquiv>
                </pc:Word>
                <pc:Word id="w_w1aab1b1b2b5b1b4c41">
                    <pc:Coords points="921,561 1138,561 1138,592 921,592"/>
                    <pc:TextEquiv>
                        <pc:Unicode>controuer-</pc:Unicode>
                    </pc:TextEquiv>
                </pc:Word>
                <pc:TextEquiv>
                    <pc:Unicode>6 . Eſt &amp; hoc extra omnem controuer-</pc:Unicode>
                </pc:TextEquiv>
            </pc:TextLine>
            <pc:TextLine id="tl_9" primaryLanguage="English">
                <pc:Coords points="325,602 1139,602 1139,661 325,661"/>
                <pc:Baseline points="325,649 1139,649"/>
                <pc:Word id="w_w1aab1b1b2b5b3ab1">
                    <pc:Coords points="325,610 439,610 439,656 325,656"/>
                    <pc:TextEquiv>
                        <pc:Unicode>ſiam,</pc:Unicode>
                    </pc:TextEquiv>
                </pc:Word>
                <pc:Word id="w_w1aab1b1b2b5b3ac13">
                    <pc:Coords points="460,620 615,620 615,646 460,646"/>
                    <pc:TextEquiv>
                        <pc:Unicode>morum</pc:Unicode>
                    </pc:TextEquiv>
                </pc:Word>
                <pc:Word id="w_w1aab1b1b2b5b3ac25">
                    <pc:Coords points="636,618 678,618 678,643 636,643"/>
                    <pc:TextEquiv>
                        <pc:Unicode>ac</pc:Unicode>
                    </pc:TextEquiv>
                </pc:Word>
                <pc:Word id="w_w1aab1b1b2b5b3ac31">
                    <pc:Coords points="700,603 900,603 900,645 700,645"/>
                    <pc:TextEquiv>
                        <pc:Unicode>honeſtatis</pc:Unicode>
                    </pc:TextEquiv>
                </pc:Word>
                <pc:Word id="w_w1aab1b1b2b5b3ac53">
                    <pc:Coords points="925,604 1139,604 1139,658 925,658"/>
                    <pc:TextEquiv>
                        <pc:Unicode>Magiſtros</pc:Unicode>
                    </pc:TextEquiv>
                </pc:Word>
                <pc:TextEquiv>
                    <pc:Unicode>ſiam, morum ac honeſtatis Magiſtros</pc:Unicode>
                </pc:TextEquiv>
            </pc:TextLine>
            <pc:TextLine id="tl_10" primaryLanguage="English">
                <pc:Coords points="326,658 1139,658 1139,715 326,715"/>
                <pc:Baseline points="326,702 1139,702"/>
                <pc:Word id="w_w1aab1b1b2b5b5ab1">
                    <pc:Coords points="326,665 555,665 555,702 326,702"/>
                    <pc:TextEquiv>
                        <pc:Unicode>nullos:item</pc:Unicode>
                    </pc:TextEquiv>
                </pc:Word>
                <pc:Word id="w_w1aab1b1b2b5b5ac25">
                    <pc:Coords points="565,661 708,661 708,712 565,712"/>
                    <pc:TextEquiv>
                        <pc:Unicode>pietatis</pc:Unicode>
                    </pc:TextEquiv>
                </pc:Word>
                <pc:Word id="w_w1aab1b1b2b5b5ac43">
                    <pc:Coords points="720,674 758,674 758,699 720,699"/>
                    <pc:TextEquiv>
                        <pc:Unicode>ac</pc:Unicode>
                    </pc:TextEquiv>
                </pc:Word>
                <pc:Word id="w_w1aab1b1b2b5b5ac49">
                    <pc:Coords points="772,659 1058,659 1058,712 772,712"/>
                    <pc:TextEquiv>
                        <pc:Unicode>ueręreligionis</pc:Unicode>
                    </pc:TextEquiv>
                </pc:Word>
                <pc:Word id="w_w1aab1b1b2b5b5ac79">
                    <pc:Coords points="1070,659 1139,659 1139,699 1070,699"/>
                    <pc:TextEquiv>
                        <pc:Unicode>Do</pc:Unicode>
                    </pc:TextEquiv>
                </pc:Word>
                <pc:TextEquiv>
                    <pc:Unicode>nullos:item pietatis ac ueręreligionis Do</pc:Unicode>
                </pc:TextEquiv>
            </pc:TextLine>
            <pc:TextLine id="tl_11" primaryLanguage="English">
                <pc:Coords points="326,711 1140,711 1140,767 326,767"/>
                <pc:Baseline points="326,757 1140,757"/>
                <pc:Word id="w_w1aab1b1b2b5b7ab1">
                    <pc:Coords points="326,719 453,719 453,756 326,756"/>
                    <pc:TextEquiv>
                        <pc:Unicode>ctores</pc:Unicode>
                    </pc:TextEquiv>
                </pc:Word>
                <pc:Word id="w_w1aab1b1b2b5b7ac15">
                    <pc:Coords points="468,717 591,717 591,754 468,754"/>
                    <pc:TextEquiv>
                        <pc:Unicode>nullos</pc:Unicode>
                    </pc:TextEquiv>
                </pc:Word>
                <pc:Word id="word_1483435434313_278">
                    <pc:Coords points="706,765 605,765 605,712 706,712"/>
                    <pc:TextEquiv>
                        <pc:Unicode>illinc</pc:Unicode>
                    </pc:TextEquiv>
                </pc:Word>
                <pc:Word id="word_1483435438017_280">
                    <pc:Coords points="856,765 706,765 706,712 856,712"/>
                    <pc:TextEquiv>
                        <pc:Unicode>ſperare</pc:Unicode>
                    </pc:TextEquiv>
                </pc:Word>
                <pc:Word id="word_1483435442009_282">
                    <pc:Coords points="980,765 856,765 856,712 980,712"/>
                    <pc:TextEquiv>
                        <pc:Unicode>poſſe,</pc:Unicode>
                    </pc:TextEquiv>
                </pc:Word>
                <pc:Word id="word_1483435445177_284">
                    <pc:Coords points="1057,765 980,765 980,712 1057,712"/>
                    <pc:TextEquiv>
                        <pc:Unicode>ubi</pc:Unicode>
                    </pc:TextEquiv>
                </pc:Word>
                <pc:Word id="word_1483435445177_283">
                    <pc:Coords points="1140,765 1057,765 1057,712 1140,712"/>
                    <pc:TextEquiv>
                        <pc:Unicode>diſ-</pc:Unicode>
                    </pc:TextEquiv>
                </pc:Word>
                <pc:TextEquiv>
                    <pc:Unicode>ctores nullos illinc ſperare poſſe, ubi diſ-</pc:Unicode>
                </pc:TextEquiv>
            </pc:TextLine>
            <pc:TextLine id="tl_12" primaryLanguage="English">
                <pc:Coords points="323,764 1125,764 1125,822 323,822"/>
                <pc:Baseline points="323,811 1125,811"/>
                <pc:Word id="w_w1aab1b1b2b5b9ab1">
                    <pc:Coords points="323,768 463,768 463,822 323,822"/>
                    <pc:TextEquiv>
                        <pc:Unicode>ciplina</pc:Unicode>
                    </pc:TextEquiv>
                </pc:Word>
                <pc:Word id="w_w1aab1b1b2b5b9b1b1">
                    <pc:Coords points="475,768 516,768 516,807 475,807"/>
                    <pc:TextEquiv>
                        <pc:Unicode>&amp;</pc:Unicode>
                    </pc:TextEquiv>
                </pc:Word>
                <pc:Word id="w_w1aab1b1b2b5b9b2b3">
                    <pc:Coords points="528,767 708,767 708,809 528,809"/>
                    <pc:TextEquiv>
                        <pc:Unicode>inſtitutio</pc:Unicode>
                    </pc:TextEquiv>
                </pc:Word>
                <pc:Word id="w_w1aab1b1b2b5b9b2c25">
                    <pc:Coords points="718,766 871,766 871,818 718,818"/>
                    <pc:TextEquiv>
                        <pc:Unicode>puerilis</pc:Unicode>
                    </pc:TextEquiv>
                </pc:Word>
                <pc:Word id="w_w1aab1b1b2b5b9b2c43">
                    <pc:Coords points="882,767 982,767 982,806 882,806"/>
                    <pc:TextEquiv>
                        <pc:Unicode>nulla</pc:Unicode>
                    </pc:TextEquiv>
                </pc:Word>
                <pc:Word id="w_w1aab1b1b2b5b9b2c55">
                    <pc:Coords points="996,766 1125,766 1125,808 996,808"/>
                    <pc:TextEquiv>
                        <pc:Unicode>fuerit.</pc:Unicode>
                    </pc:TextEquiv>
                </pc:Word>
                <pc:TextEquiv>
                    <pc:Unicode>ciplina &amp; inſtitutio puerilis nulla fuerit.</pc:Unicode>
                </pc:TextEquiv>
            </pc:TextLine>
            <pc:TextEquiv>
                <pc:Unicode>6 . Eſt &amp; hoc extra omnem controuer-
ſiam, morum ac honeſtatis Magiſtros
nullos:item pietatis ac ueręreligionis Do
ctores nullos illinc ſperare poſſe, ubi diſ-
ciplina &amp; inſtitutio puerilis nulla fuerit.</pc:Unicode>
            </pc:TextEquiv>
        </pc:TextRegion>
        <pc:TextRegion id="r_1_4" type="paragraph">
            <pc:Coords points="327,862 1163,862 1163,1079 327,1079"/>
            <pc:TextLine id="tl_13" primaryLanguage="English">
                <pc:Coords points="328,863 1162,863 1162,921 328,921"/>
                <pc:Baseline points="328,910 1162,910"/>
                <pc:Word id="w_w1aab1b1b2b7b1ab1">
                    <pc:Coords points="328,887 376,887 376,920 328,920"/>
                    <pc:TextEquiv>
                        <pc:Unicode>7.</pc:Unicode>
                    </pc:TextEquiv>
                </pc:Word>
                <pc:Word id="w_w1aab1b1b2b7b1ab7">
                    <pc:Coords points="438,868 496,868 496,908 438,908"/>
                    <pc:TextEquiv>
                        <pc:Unicode>At</pc:Unicode>
                    </pc:TextEquiv>
                </pc:Word>
                <pc:Word id="w_w1aab1b1b2b7b1ac13">
                    <pc:Coords points="508,868 576,868 576,909 508,909"/>
                    <pc:TextEquiv>
                        <pc:Unicode>illis</pc:Unicode>
                    </pc:TextEquiv>
                </pc:Word>
                <pc:Word id="w_w1aab1b1b2b7b1ac25">
                    <pc:Coords points="588,865 768,865 768,919 588,919"/>
                    <pc:TextEquiv>
                        <pc:Unicode>nuſquam</pc:Unicode>
                    </pc:TextEquiv>
                </pc:Word>
                <pc:Word id="w_w1aab1b1b2b7b1ac41">
                    <pc:Coords points="791,864 1049,864 1049,917 791,917"/>
                    <pc:TextEquiv>
                        <pc:Unicode>exiſtentibus,</pc:Unicode>
                    </pc:TextEquiv>
                </pc:Word>
                <pc:Word id="w_w1aab1b1b2b7b1ac69">
                    <pc:Coords points="1069,870 1142,870 1142,909 1069,909"/>
                    <pc:TextEquiv>
                        <pc:Unicode>eti-</pc:Unicode>
                    </pc:TextEquiv>
                </pc:Word>
                <pc:TextEquiv>
                    <pc:Unicode>7. At illis nuſquam exiſtentibus, eti-</pc:Unicode>
                </pc:TextEquiv>
            </pc:TextLine>
            <pc:TextLine id="tl_14" primaryLanguage="English">
                <pc:Coords points="329,919 1141,919 1141,973 329,973"/>
                <pc:Baseline points="329,965 1141,965"/>
                <pc:Word id="w_w1aab1b1b2b7b3ab1">
                    <pc:Coords points="329,940 390,940 390,965 329,965"/>
                    <pc:TextEquiv>
                        <pc:Unicode>am</pc:Unicode>
                    </pc:TextEquiv>
                </pc:Word>
                <pc:Word id="w_w1aab1b1b2b7b3ab7">
                    <pc:Coords points="414,924 554,924 554,962 414,962"/>
                    <pc:TextEquiv>
                        <pc:Unicode>nullam</pc:Unicode>
                    </pc:TextEquiv>
                </pc:Word>
                <pc:Word id="w_w1aab1b1b2b7b3ac21">
                    <pc:Coords points="578,926 673,926 673,961 578,961"/>
                    <pc:TextEquiv>
                        <pc:Unicode>inter</pc:Unicode>
                    </pc:TextEquiv>
                </pc:Word>
                <pc:Word id="w_w1aab1b1b2b7b3ac33">
                    <pc:Coords points="692,923 868,923 868,961 692,961"/>
                    <pc:TextEquiv>
                        <pc:Unicode>homines</pc:Unicode>
                    </pc:TextEquiv>
                </pc:Word>
                <pc:Word id="w_w1aab1b1b2b7b3ac49">
                    <pc:Coords points="891,920 1141,920 1141,969 891,969"/>
                    <pc:TextEquiv>
                        <pc:Unicode>honeſtatem,</pc:Unicode>
                    </pc:TextEquiv>
                </pc:Word>
                <pc:TextEquiv>
                    <pc:Unicode>am nullam inter homines honeſtatem,</pc:Unicode>
                </pc:TextEquiv>
            </pc:TextLine>
            <pc:TextLine id="tl_15" primaryLanguage="English">
                <pc:Coords points="328,973 1143,973 1143,1033 328,1033"/>
                <pc:Baseline points="328,1018 1143,1018"/>
                <pc:Word id="w_w1aab1b1b2b7b5ab1">
                    <pc:Coords points="328,979 474,979 474,1020 328,1020"/>
                    <pc:TextEquiv>
                        <pc:Unicode>nullum</pc:Unicode>
                    </pc:TextEquiv>
                </pc:Word>
                <pc:Word id="w_w1aab1b1b2b7b5ac15">
                    <pc:Coords points="499,979 646,979 646,1016 499,1016"/>
                    <pc:TextEquiv>
                        <pc:Unicode>uirtutis</pc:Unicode>
                    </pc:TextEquiv>
                </pc:Word>
                <pc:Word id="w_w1aab1b1b2b7b5ac33">
                    <pc:Coords points="657,975 829,975 829,1021 657,1021"/>
                    <pc:TextEquiv>
                        <pc:Unicode>ſtudium,</pc:Unicode>
                    </pc:TextEquiv>
                </pc:Word>
                <pc:Word id="w_w1aab1b1b2b7b5ac51">
                    <pc:Coords points="844,974 973,974 973,1030 844,1030"/>
                    <pc:TextEquiv>
                        <pc:Unicode>deni</pc:Unicode>
                    </pc:TextEquiv>
                </pc:Word>
                <pc:Word id="w_w1aab1b1b2b7b5ac65">
                    <pc:Coords points="997,976 1143,976 1143,1018 997,1018"/>
                    <pc:TextEquiv>
                        <pc:Unicode>nullum</pc:Unicode>
                    </pc:TextEquiv>
                </pc:Word>
                <pc:TextEquiv>
                    <pc:Unicode>nullum uirtutis ſtudium, deni nullum</pc:Unicode>
                </pc:TextEquiv>
            </pc:TextLine>
            <pc:TextLine id="tl_16" primaryLanguage="English">
                <pc:Coords points="329,1024 1020,1024 1020,1078 329,1078"/>
                <pc:Baseline points="329,1071 1020,1071"/>
                <pc:Word id="w_w1aab1b1b2b7b7ab1">
                    <pc:Coords points="329,1046 462,1046 462,1074 329,1074"/>
                    <pc:TextEquiv>
                        <pc:Unicode>uerum</pc:Unicode>
                    </pc:TextEquiv>
                </pc:Word>
                <pc:Word id="w_w1aab1b1b2b7b7ac13">
                    <pc:Coords points="474,1030 553,1030 553,1071 474,1071"/>
                    <pc:TextEquiv>
                        <pc:Unicode>Dei</pc:Unicode>
                    </pc:TextEquiv>
                </pc:Word>
                <pc:Word id="w_w1aab1b1b2b7b7ac21">
                    <pc:Coords points="565,1030 707,1030 707,1069 565,1069"/>
                    <pc:TextEquiv>
                        <pc:Unicode>cultum</pc:Unicode>
                    </pc:TextEquiv>
                </pc:Word>
                <pc:Word id="w_w1aab1b1b2b7b7ac35">
                    <pc:Coords points="717,1025 790,1025 790,1067 717,1067"/>
                    <pc:TextEquiv>
                        <pc:Unicode>eſſe</pc:Unicode>
                    </pc:TextEquiv>
                </pc:Word>
                <pc:Word id="w_w1aab1b1b2b7b7ac45">
                    <pc:Coords points="800,1027 943,1027 943,1069 800,1069"/>
                    <pc:TextEquiv>
                        <pc:Unicode>neceſſe</pc:Unicode>
                    </pc:TextEquiv>
                </pc:Word>
                <pc:Word id="w_w1aab1b1b2b7b7ac61">
                    <pc:Coords points="953,1027 1007,1027 1007,1075 953,1075"/>
                    <pc:TextEquiv>
                        <pc:Unicode>eſt</pc:Unicode>
                    </pc:TextEquiv>
                </pc:Word>
                <pc:Word id="w_w1aab1b1b2b7b7b1b1">
                    <pc:Coords points="1009,1062 1020,1062 1020,1075 1009,1075"/>
                    <pc:TextEquiv>
                        <pc:Unicode>.</pc:Unicode>
                    </pc:TextEquiv>
                </pc:Word>
                <pc:TextEquiv>
                    <pc:Unicode>uerum Dei cultum eſſe neceſſe eſt .</pc:Unicode>
                </pc:TextEquiv>
            </pc:TextLine>
            <pc:TextEquiv>
                <pc:Unicode>7. At illis nuſquam exiſtentibus, eti-
am nullam inter homines honeſtatem,
nullum uirtutis ſtudium, deni nullum
uerum Dei cultum eſſe neceſſe eſt .</pc:Unicode>
            </pc:TextEquiv>
        </pc:TextRegion>
        <pc:TextRegion id="r_1_5" type="paragraph">
            <pc:Coords points="322,1121 1147,1121 1147,1347 322,1347"/>
            <pc:TextLine id="tl_17" primaryLanguage="English">
                <pc:Coords points="330,1122 1146,1122 1146,1183 330,1183"/>
                <pc:Baseline points="330,1172 1146,1172"/>
                <pc:Word id="w_w1aab1b1b2b9b1ab1">
                    <pc:Coords points="330,1137 376,1137 376,1175 330,1175"/>
                    <pc:TextEquiv>
                        <pc:Unicode>8.</pc:Unicode>
                    </pc:TextEquiv>
                </pc:Word>
                <pc:Word id="w_w1aab1b1b2b9b1ab7">
                    <pc:Coords points="436,1129 498,1129 498,1171 436,1171"/>
                    <pc:TextEquiv>
                        <pc:Unicode>Eſt</pc:Unicode>
                    </pc:TextEquiv>
                </pc:Word>
                <pc:Word id="w_w1aab1b1b2b9b1ac17">
                    <pc:Coords points="508,1134 599,1134 599,1182 508,1182"/>
                    <pc:TextEquiv>
                        <pc:Unicode>ita</pc:Unicode>
                    </pc:TextEquiv>
                </pc:Word>
                <pc:Word id="w_w1aab1b1b2b9b1ac29">
                    <pc:Coords points="608,1130 786,1130 786,1181 608,1181"/>
                    <pc:TextEquiv>
                        <pc:Unicode>prima, &amp;</pc:Unicode>
                    </pc:TextEquiv>
                </pc:Word>
                <pc:Word id="w_w1aab1b1b2b9b1ac45">
                    <pc:Coords points="796,1128 970,1128 970,1169 796,1169"/>
                    <pc:TextEquiv>
                        <pc:Unicode>maxima</pc:Unicode>
                    </pc:TextEquiv>
                </pc:Word>
                <pc:Word id="w_w1aab1b1b2b9b1ac59">
                    <pc:Coords points="982,1142 1085,1142 1085,1177 982,1177"/>
                    <pc:TextEquiv>
                        <pc:Unicode>cura,</pc:Unicode>
                    </pc:TextEquiv>
                </pc:Word>
                <pc:Word id="w_w1aab1b1b2b9b1ac71">
                    <pc:Coords points="1097,1122 1146,1122 1146,1167 1097,1167"/>
                    <pc:TextEquiv>
                        <pc:Unicode>ad</pc:Unicode>
                    </pc:TextEquiv>
                </pc:Word>
                <pc:TextEquiv>
                    <pc:Unicode>8. Eſt ita prima, &amp; maxima cura, ad</pc:Unicode>
                </pc:TextEquiv>
            </pc:TextLine>
            <pc:TextLine id="tl_18" primaryLanguage="English">
                <pc:Coords points="331,1180 1145,1180 1145,1239 331,1239"/>
                <pc:Baseline points="331,1225 1145,1225"/>
                <pc:Word id="w_w1aab1b1b2b9b3ab1">
                    <pc:Coords points="331,1188 518,1188 518,1239 331,1239"/>
                    <pc:TextEquiv>
                        <pc:Unicode>puerilem</pc:Unicode>
                    </pc:TextEquiv>
                </pc:Word>
                <pc:Word id="w_w1aab1b1b2b9b3b1b1">
                    <pc:Coords points="528,1196 677,1196 677,1224 528,1224"/>
                    <pc:TextEquiv>
                        <pc:Unicode>ætatem</pc:Unicode>
                    </pc:TextEquiv>
                </pc:Word>
                <pc:Word id="w_w1aab1b1b2b9b3b1c17">
                    <pc:Coords points="689,1184 789,1184 789,1222 689,1222"/>
                    <pc:TextEquiv>
                        <pc:Unicode>recte</pc:Unicode>
                    </pc:TextEquiv>
                </pc:Word>
                <pc:Word id="word_1483435489433_286">
                    <pc:Coords points="1080,1231 799,1231 799,1181 1080,1181"/>
                    <pc:TextEquiv>
                        <pc:Unicode>inſtituendam,</pc:Unicode>
                    </pc:TextEquiv>
                </pc:Word>
                <pc:Word id="word_1483435489433_285">
                    <pc:Coords points="1145,1231 1080,1231 1080,1181 1145,1181"/>
                    <pc:TextEquiv>
                        <pc:Unicode>ad-</pc:Unicode>
                    </pc:TextEquiv>
                </pc:Word>
                <pc:TextEquiv>
                    <pc:Unicode>puerilem ætatem recte inſtituendam, ad-</pc:Unicode>
                </pc:TextEquiv>
            </pc:TextLine>
            <pc:TextLine id="tl_19" primaryLanguage="English">
                <pc:Coords points="323,1234 1145,1234 1145,1290 323,1290"/>
                <pc:Baseline points="323,1278 1145,1278"/>
                <pc:Word id="w_w1aab1b1b2b9b5ab1">
                    <pc:Coords points="323,1241 549,1241 549,1284 323,1284"/>
                    <pc:TextEquiv>
                        <pc:Unicode>hibenda:ut</pc:Unicode>
                    </pc:TextEquiv>
                </pc:Word>
                <pc:Word id="w_w1aab1b1b2b9b5ac23">
                    <pc:Coords points="560,1251 644,1251 644,1277 560,1277"/>
                    <pc:TextEquiv>
                        <pc:Unicode>cum</pc:Unicode>
                    </pc:TextEquiv>
                </pc:Word>
                <pc:Word id="word_1483435502857_288">
                    <pc:Coords points="830,1288 658,1288 658,1236 830,1236"/>
                    <pc:TextEquiv>
                        <pc:Unicode>publicis,</pc:Unicode>
                    </pc:TextEquiv>
                </pc:Word>
                <pc:Word id="word_1483435502857_287">
                    <pc:Coords points="916,1288 830,1288 830,1236 916,1236"/>
                    <pc:TextEquiv>
                        <pc:Unicode>tum</pc:Unicode>
                    </pc:TextEquiv>
                </pc:Word>
                <pc:Word id="w_w1aab1b1b2b9b5ac57">
                    <pc:Coords points="927,1240 1081,1240 1081,1285 927,1285"/>
                    <pc:TextEquiv>
                        <pc:Unicode>priuatis</pc:Unicode>
                    </pc:TextEquiv>
                </pc:Word>
                <pc:Word id="w_w1aab1b1b2b9b5ac75">
                    <pc:Coords points="1094,1239 1145,1239 1145,1275 1094,1275"/>
                    <pc:TextEquiv>
                        <pc:Unicode>ho</pc:Unicode>
                    </pc:TextEquiv>
                </pc:Word>
                <pc:TextEquiv>
                    <pc:Unicode>hibenda:ut cum publicis, tum priuatis ho</pc:Unicode>
                </pc:TextEquiv>
            </pc:TextLine>
            <pc:TextLine id="tl_20" primaryLanguage="English">
                <pc:Coords points="326,1285 1144,1285 1144,1346 326,1346"/>
                <pc:Baseline points="326,1334 1144,1334"/>
                <pc:Word id="w_w1aab1b1b2b9b7ab1">
                    <pc:Coords points="327,1300 482,1300 482,1338 327,1338"/>
                    <pc:TextEquiv>
                        <pc:Unicode>minum</pc:Unicode>
                    </pc:TextEquiv>
                </pc:Word>
                <pc:Word id="w_w1aab1b1b2b9b7ac13">
                    <pc:Coords points="490,1293 618,1293 618,1341 490,1341"/>
                    <pc:TextEquiv>
                        <pc:Unicode>rebus,</pc:Unicode>
                    </pc:TextEquiv>
                </pc:Word>
                <pc:Word id="w_w1aab1b1b2b9b7ac27">
                    <pc:Coords points="630,1294 666,1294 666,1344 630,1344"/>
                    <pc:TextEquiv>
                        <pc:Unicode></pc:Unicode>
                    </pc:TextEquiv>
                </pc:Word>
                <pc:Word id="w_w1aab1b1b2b9b7ac33">
                    <pc:Coords points="678,1287 905,1287 905,1331 678,1331"/>
                    <pc:TextEquiv>
                        <pc:Unicode>fœliciſsime</pc:Unicode>
                    </pc:TextEquiv>
                </pc:Word>
                <pc:Word id="w_w1aab1b1b2b9b7ac59">
                    <pc:Coords points="916,1289 1144,1289 1144,1331 916,1331"/>
                    <pc:TextEquiv>
                        <pc:Unicode>conſulatur.</pc:Unicode>
                    </pc:TextEquiv>
                </pc:Word>
                <pc:TextEquiv>
                    <pc:Unicode>minum rebus,  fœliciſsime conſulatur.</pc:Unicode>
                </pc:TextEquiv>
            </pc:TextLine>
            <pc:TextEquiv>
                <pc:Unicode>8. Eſt ita prima, &amp; maxima cura, ad
puerilem ætatem recte inſtituendam, ad-
hibenda:ut cum publicis, tum priuatis ho
minum rebus,  fœliciſsime conſulatur.</pc:Unicode>
            </pc:TextEquiv>
        </pc:TextRegion>
        <pc:TextRegion id="r_1_6" type="paragraph">
            <pc:Coords points="331,1386 1150,1386 1150,1503 331,1503"/>
            <pc:TextLine id="tl_21" primaryLanguage="English">
                <pc:Coords points="332,1387 1148,1387 1148,1445 332,1445"/>
                <pc:Baseline points="332,1434 1148,1434"/>
                <pc:Word id="w_w1aab1b1b2c11b1ab1">
                    <pc:Coords points="332,1409 374,1409 374,1444 332,1444"/>
                    <pc:TextEquiv>
                        <pc:Unicode>9.</pc:Unicode>
                    </pc:TextEquiv>
                </pc:Word>
                <pc:Word id="w_w1aab1b1b2c11b1ab7">
                    <pc:Coords points="437,1393 620,1393 620,1433 437,1433"/>
                    <pc:TextEquiv>
                        <pc:Unicode>Maxime</pc:Unicode>
                    </pc:TextEquiv>
                </pc:Word>
                <pc:Word id="word_1483435516250_290">
                    <pc:Coords points="742,1439 636,1439 636,1401 742,1401"/>
                    <pc:TextEquiv>
                        <pc:Unicode>uero,</pc:Unicode>
                    </pc:TextEquiv>
                </pc:Word>
                <pc:Word id="word_1483435516249_289">
                    <pc:Coords points="787,1439 742,1439 742,1401 787,1401"/>
                    <pc:TextEquiv>
                        <pc:Unicode>ut</pc:Unicode>
                    </pc:TextEquiv>
                </pc:Word>
                <pc:Word id="w_w1aab1b1b2c11b1ac37">
                    <pc:Coords points="800,1402 884,1402 884,1443 800,1443"/>
                    <pc:TextEquiv>
                        <pc:Unicode>quæ</pc:Unicode>
                    </pc:TextEquiv>
                </pc:Word>
                <pc:Word id="w_w1aab1b1b2c11b1ac47">
                    <pc:Coords points="898,1388 945,1388 945,1428 898,1428"/>
                    <pc:TextEquiv>
                        <pc:Unicode>ad</pc:Unicode>
                    </pc:TextEquiv>
                </pc:Word>
                <pc:Word id="w_w1aab1b1b2c11b1ac53">
                    <pc:Coords points="958,1392 1148,1392 1148,1439 958,1439"/>
                    <pc:TextEquiv>
                        <pc:Unicode>pietatem,</pc:Unicode>
                    </pc:TextEquiv>
                </pc:Word>
                <pc:TextEquiv>
                    <pc:Unicode>9. Maxime uero, ut quæ ad pietatem,</pc:Unicode>
                </pc:TextEquiv>
            </pc:TextLine>
            <pc:TextLine id="tl_22" primaryLanguage="English">
                <pc:Coords points="332,1441 1149,1441 1149,1502 332,1502"/>
                <pc:Baseline points="332,1488 1149,1488"/>
                <pc:Word id="w_w1aab1b1b2c11b3ab1">
                    <pc:Coords points="332,1444 377,1444 377,1491 332,1491"/>
                    <pc:TextEquiv>
                        <pc:Unicode>&amp;</pc:Unicode>
                    </pc:TextEquiv>
                </pc:Word>
                <pc:Word id="w_w1aab1b1b2c11b3ab5">
                    <pc:Coords points="386,1448 610,1448 610,1501 386,1501"/>
                    <pc:TextEquiv>
                        <pc:Unicode>religionem</pc:Unicode>
                    </pc:TextEquiv>
                </pc:Word>
                <pc:Word id="w_w1aab1b1b2c11b3ac27">
                    <pc:Coords points="621,1449 825,1449 825,1498 621,1498"/>
                    <pc:TextEquiv>
                        <pc:Unicode>pertinent,</pc:Unicode>
                    </pc:TextEquiv>
                </pc:Word>
                <pc:Word id="w_w1aab1b1b2c11b3ac49">
                    <pc:Coords points="837,1443 907,1443 907,1484 837,1484"/>
                    <pc:TextEquiv>
                        <pc:Unicode>hac</pc:Unicode>
                    </pc:TextEquiv>
                </pc:Word>
                <pc:Word id="w_w1aab1b1b2c11b3ac57">
                    <pc:Coords points="917,1445 978,1445 978,1483 917,1483"/>
                    <pc:TextEquiv>
                        <pc:Unicode>uia</pc:Unicode>
                    </pc:TextEquiv>
                </pc:Word>
                <pc:Word id="w_w1aab1b1b2c11b3ac65">
                    <pc:Coords points="991,1456 1071,1456 1071,1482 991,1482"/>
                    <pc:TextEquiv>
                        <pc:Unicode>non</pc:Unicode>
                    </pc:TextEquiv>
                </pc:Word>
                <pc:Word id="w_w1aab1b1b2c11b3ac73">
                    <pc:Coords points="1082,1454 1149,1454 1149,1481 1082,1481"/>
                    <pc:TextEquiv>
                        <pc:Unicode>ne-</pc:Unicode>
                    </pc:TextEquiv>
                </pc:Word>
                <pc:TextEquiv>
                    <pc:Unicode>&amp; religionem pertinent, hac uia non ne-</pc:Unicode>
                </pc:TextEquiv>
            </pc:TextLine>
            <pc:TextEquiv>
                <pc:Unicode>9. Maxime uero, ut quæ ad pietatem,
&amp; religionem pertinent, hac uia non ne-</pc:Unicode>
            </pc:TextEquiv>
        </pc:TextRegion>
        <pc:TextRegion id="r_1_7" type="catch-word">
            <pc:Coords points="939,1495 1149,1495 1149,1554 939,1554"/>
            <pc:TextLine id="tl_23" primaryLanguage="English">
                <pc:Coords points="940,1496 1148,1496 1148,1553 940,1553"/>
                <pc:Baseline points="940,1542 1148,1542"/>
                <pc:Word id="w_w1aab1b1b2c13b1ab1">
                    <pc:Coords points="940,1497 1148,1497 1148,1553 940,1553"/>
                    <pc:TextEquiv>
                        <pc:Unicode>gligantur.</pc:Unicode>
                    </pc:TextEquiv>
                </pc:Word>
                <pc:TextEquiv>
                    <pc:Unicode>gligantur.</pc:Unicode>
                </pc:TextEquiv>
            </pc:TextLine>
            <pc:TextEquiv>
                <pc:Unicode>gligantur.</pc:Unicode>
            </pc:TextEquiv>
        </pc:TextRegion>
    </pc:Page>
</pc:PcGts>
