<?xml version="1.0" encoding="UTF-8"?>
<pc:PcGts xmlns:pc="http://schema.primaresearch.org/PAGE/gts/pagecontent/2019-07-15" xmlns:xsi="http://www.w3.org/2001/XMLSchema-instance" xsi:schemaLocation="http://schema.primaresearch.org/PAGE/gts/pagecontent/2019-07-15 http://schema.primaresearch.org/PAGE/gts/pagecontent/2019-07-15/pagecontent.xsd">
    <pc:Metadata>
        <pc:Creator>OCR-D</pc:Creator>
        <pc:Created>2016-09-20T15:22:55</pc:Created>
        <pc:LastChange>2018-04-24T13:11:23</pc:LastChange>
    </pc:Metadata>
    <pc:Page imageFilename="OCR-D-IMG/OCR-D-IMG_0001.tif" imageWidth="1675" imageHeight="2286" type="content">
        <pc:Border>
            <pc:Coords points="203,288 1143,288 1143,1911 203,1911"/>
        </pc:Border>
        <pc:ReadingOrder>
            <pc:OrderedGroup id="ro357564684568544579089" caption="Regions reading order">
                <pc:RegionRefIndexed index="0" regionRef="r_1_1"/>
                <pc:RegionRefIndexed index="1" regionRef="r_2_1"/>
                <pc:RegionRefIndexed index="2" regionRef="r_2_2"/>
                <pc:RegionRefIndexed index="3" regionRef="r_3_1"/>
                <pc:RegionRefIndexed index="4" regionRef="r_3_2"/>
            </pc:OrderedGroup>
        </pc:ReadingOrder>
        <pc:TextRegion id="r_1_1" type="page-number" primaryLanguage="German" secondaryLanguage="Latin">
            <pc:Coords points="644,319 690,319 690,357 644,357"/>
            <pc:TextLine id="tl_1" primaryLanguage="German">
                <pc:Coords points="645,320 689,320 689,356 645,356"/>
                <pc:Baseline points="645,356 689,356"/>
                <pc:Word id="w_w1aab1b1b2b1b1ab1" language="German">
                    <pc:Coords points="645,320 689,320 689,356 645,356"/>
                    <pc:TextEquiv>
                        <pc:Unicode>19</pc:Unicode>
                    </pc:TextEquiv>
                    <pc:TextStyle/>
                </pc:Word>
                <pc:TextEquiv>
                    <pc:Unicode>19</pc:Unicode>
                </pc:TextEquiv>
            </pc:TextLine>
            <pc:TextEquiv>
                <pc:Unicode>19</pc:Unicode>
            </pc:TextEquiv>
        </pc:TextRegion>
        <pc:TextRegion id="r_2_1" type="paragraph" primaryLanguage="German" secondaryLanguage="Latin">
            <pc:Coords points="224,413 1108,413 1108,703 224,703"/>
            <pc:TextLine id="tl_2" primaryLanguage="German">
                <pc:Coords points="225,414 1106,414 1106,453 225,453"/>
                <pc:Baseline points="225,444 1106,444"/>
                <pc:Word id="w_w1aab1b3b2b1b1ab1" language="German">
                    <pc:Coords points="225,427 285,427 285,447 225,447"/>
                    <pc:TextEquiv>
                        <pc:Unicode>nem</pc:Unicode>
                    </pc:TextEquiv>
                    <pc:TextStyle/>
                </pc:Word>
                <pc:Word id="w_w1aab1b3b2b1b1ac11" language="German">
                    <pc:Coords points="306,418 381,418 381,453 306,453"/>
                    <pc:TextEquiv>
                        <pc:Unicode>Geiſt</pc:Unicode>
                    </pc:TextEquiv>
                    <pc:TextStyle/>
                </pc:Word>
                <pc:Word id="w_w1aab1b3b2b1b1ac23" language="German">
                    <pc:Coords points="401,417 510,417 510,453 401,453"/>
                    <pc:TextEquiv>
                        <pc:Unicode>duften,</pc:Unicode>
                    </pc:TextEquiv>
                    <pc:TextStyle/>
                </pc:Word>
                <pc:Word id="w_w1aab1b3b2b1b1ac39" language="German">
                    <pc:Coords points="541,417 592,417 592,443 541,443"/>
                    <pc:TextEquiv>
                        <pc:Unicode>wie</pc:Unicode>
                    </pc:TextEquiv>
                    <pc:TextStyle/>
                </pc:Word>
                <pc:Word id="w_w1aab1b3b2b1b1ac47" language="German">
                    <pc:Coords points="613,417 679,417 679,453 613,453"/>
                    <pc:TextEquiv>
                        <pc:Unicode>dieſe</pc:Unicode>
                    </pc:TextEquiv>
                    <pc:TextStyle/>
                </pc:Word>
                <pc:Word id="w_w1aab1b3b2b1b1ac59" language="German">
                    <pc:Coords points="696,415 827,415 827,446 696,446"/>
                    <pc:TextEquiv>
                        <pc:Unicode>Kräuter,</pc:Unicode>
                    </pc:TextEquiv>
                    <pc:TextStyle/>
                </pc:Word>
                <pc:Word id="w_w1aab1b3b2b1b1ac77" language="German">
                    <pc:Coords points="853,417 909,417 909,443 853,443"/>
                    <pc:TextEquiv>
                        <pc:Unicode>dem</pc:Unicode>
                    </pc:TextEquiv>
                    <pc:TextStyle/>
                </pc:Word>
                <pc:Word id="w_w1aab1b3b2b1b1ac85" language="German">
                    <pc:Coords points="935,414 1010,414 1010,449 935,449"/>
                    <pc:TextEquiv>
                        <pc:Unicode>Geiſt</pc:Unicode>
                    </pc:TextEquiv>
                    <pc:TextStyle/>
                </pc:Word>
                <pc:Word id="w_w1aab1b3b2b1b1ac97" language="German">
                    <pc:Coords points="1034,416 1106,416 1106,450 1034,450"/>
                    <pc:TextEquiv>
                        <pc:Unicode>jener</pc:Unicode>
                    </pc:TextEquiv>
                    <pc:TextStyle/>
                </pc:Word>
                <pc:TextEquiv>
                    <pc:Unicode>nem Geiſt duften, wie dieſe Kräuter, dem Geiſt jener</pc:Unicode>
                </pc:TextEquiv>
                <pc:TextStyle/>
            </pc:TextLine>
            <pc:TextLine id="tl_3" primaryLanguage="German">
                <pc:Coords points="227,478 1107,478 1107,517 227,517"/>
                <pc:Baseline points="227,506 1107,506"/>
                <pc:Word id="w_w1aab1b3b2b1b3ab1" language="German">
                    <pc:Coords points="227,481 334,481 334,517 227,517"/>
                    <pc:TextEquiv>
                        <pc:Unicode>ſchönen</pc:Unicode>
                    </pc:TextEquiv>
                    <pc:TextStyle/>
                </pc:Word>
                <pc:Word id="w_w1aab1b3b2b1b3ac17" language="German">
                    <pc:Coords points="347,480 482,480 482,508 347,508"/>
                    <pc:TextEquiv>
                        <pc:Unicode>Vorwelt,</pc:Unicode>
                    </pc:TextEquiv>
                    <pc:TextStyle/>
                </pc:Word>
                <pc:Word id="w_w1aab1b3b2b1b3ac35" language="German">
                    <pc:Coords points="502,478 528,478 528,504 502,504"/>
                    <pc:TextEquiv>
                        <pc:Unicode>in</pc:Unicode>
                    </pc:TextEquiv>
                    <pc:TextStyle/>
                </pc:Word>
                <pc:Word id="w_w1aab1b3b2b1b3ac41" language="German">
                    <pc:Coords points="550,479 626,479 626,506 550,506"/>
                    <pc:TextEquiv>
                        <pc:Unicode>deren</pc:Unicode>
                    </pc:TextEquiv>
                    <pc:TextStyle/>
                </pc:Word>
                <pc:Word id="w_w1aab1b3b2b1b3ac53" language="German">
                    <pc:Coords points="640,478 719,478 719,507 640,507"/>
                    <pc:TextEquiv>
                        <pc:Unicode>Sinn</pc:Unicode>
                    </pc:TextEquiv>
                    <pc:TextStyle/>
                </pc:Word>
                <pc:Word id="w_w1aab1b3b2b1b3ac63" language="German">
                    <pc:Coords points="742,482 784,482 784,507 742,507"/>
                    <pc:TextEquiv>
                        <pc:Unicode>der</pc:Unicode>
                    </pc:TextEquiv>
                    <pc:TextStyle/>
                </pc:Word>
                <pc:Word id="w_w1aab1b3b2b1b3ac71" language="German">
                    <pc:Coords points="797,478 908,478 908,515 797,515"/>
                    <pc:TextEquiv>
                        <pc:Unicode>Tempel</pc:Unicode>
                    </pc:TextEquiv>
                    <pc:TextStyle/>
                </pc:Word>
                <pc:Word id="w_w1aab1b3b2b1b3ac85" language="German">
                    <pc:Coords points="928,478 983,478 983,515 928,515"/>
                    <pc:TextEquiv>
                        <pc:Unicode>hier</pc:Unicode>
                    </pc:TextEquiv>
                    <pc:TextStyle/>
                </pc:Word>
                <pc:Word id="w_w1aab1b3b2b1b3ac95" language="German">
                    <pc:Coords points="1003,478 1107,478 1107,514 1003,514"/>
                    <pc:TextEquiv>
                        <pc:Unicode>gebaut</pc:Unicode>
                    </pc:TextEquiv>
                    <pc:TextStyle/>
                </pc:Word>
                <pc:TextEquiv>
                    <pc:Unicode>ſchönen Vorwelt, in deren Sinn der Tempel hier gebaut</pc:Unicode>
                </pc:TextEquiv>
                <pc:TextStyle/>
            </pc:TextLine>
            <pc:TextLine id="tl_4" primaryLanguage="German">
                <pc:Coords points="227,539 1103,539 1103,578 227,578"/>
                <pc:Baseline points="227,568 1103,568"/>
                <pc:Word id="w_w1aab1b3b2b1b5ab1" language="German">
                    <pc:Coords points="227,543 266,543 266,577 227,577"/>
                    <pc:TextEquiv>
                        <pc:Unicode>iſt.</pc:Unicode>
                    </pc:TextEquiv>
                    <pc:TextStyle/>
                </pc:Word>
                <pc:Word id="w_w1aab1b3b2b1b5ac11" language="German">
                    <pc:Coords points="285,557 320,557 320,563 285,563"/>
                    <pc:TextEquiv>
                        <pc:Unicode>—</pc:Unicode>
                    </pc:TextEquiv>
                    <pc:TextStyle/>
                </pc:Word>
                <pc:Word id="w_w1aab1b3b2b1b5ac15" language="German">
                    <pc:Coords points="343,542 417,542 417,569 343,569"/>
                    <pc:TextEquiv>
                        <pc:Unicode>Dein</pc:Unicode>
                    </pc:TextEquiv>
                    <pc:TextStyle/>
                </pc:Word>
                <pc:Word id="w_w1aab1b3b2b1b5ac25" language="German">
                    <pc:Coords points="437,539 512,539 512,575 437,575"/>
                    <pc:TextEquiv>
                        <pc:Unicode>Geiſt</pc:Unicode>
                    </pc:TextEquiv>
                    <pc:TextStyle/>
                </pc:Word>
                <pc:Word id="w_w1aab1b3b2b1b5ac37" language="German">
                    <pc:Coords points="537,539 630,539 630,575 537,575"/>
                    <pc:TextEquiv>
                        <pc:Unicode>ſpricht</pc:Unicode>
                    </pc:TextEquiv>
                    <pc:TextStyle/>
                </pc:Word>
                <pc:Word id="w_w1aab1b3b2b1b5ac53" language="German">
                    <pc:Coords points="653,540 681,540 681,575 653,575"/>
                    <pc:TextEquiv>
                        <pc:Unicode>ja</pc:Unicode>
                    </pc:TextEquiv>
                    <pc:TextStyle/>
                </pc:Word>
                <pc:Word id="w_w1aab1b3b2b1b5ac59" language="German">
                    <pc:Coords points="707,542 749,542 749,569 707,569"/>
                    <pc:TextEquiv>
                        <pc:Unicode>die</pc:Unicode>
                    </pc:TextEquiv>
                    <pc:TextStyle/>
                </pc:Word>
                <pc:Word id="w_w1aab1b3b2b1b5ac67" language="German">
                    <pc:Coords points="773,543 871,543 871,577 773,577"/>
                    <pc:TextEquiv>
                        <pc:Unicode>heilige</pc:Unicode>
                    </pc:TextEquiv>
                    <pc:TextStyle/>
                </pc:Word>
                <pc:Word id="w_w1aab1b3b2b1b5ac83" language="German">
                    <pc:Coords points="893,541 1030,541 1030,578 893,578"/>
                    <pc:TextEquiv>
                        <pc:Unicode>Ordnung</pc:Unicode>
                    </pc:TextEquiv>
                    <pc:TextStyle/>
                </pc:Word>
                <pc:Word id="w_w1aab1b3b2b1b5ac99" language="German">
                    <pc:Coords points="1058,543 1103,543 1103,569 1058,569"/>
                    <pc:TextEquiv>
                        <pc:Unicode>der</pc:Unicode>
                    </pc:TextEquiv>
                    <pc:TextStyle/>
                </pc:Word>
                <pc:TextEquiv>
                    <pc:Unicode>iſt. — Dein Geiſt ſpricht ja die heilige Ordnung der</pc:Unicode>
                </pc:TextEquiv>
                <pc:TextStyle/>
            </pc:TextLine>
            <pc:TextLine id="tl_5" primaryLanguage="German">
                <pc:Coords points="226,602 1106,602 1106,639 226,639"/>
                <pc:Baseline points="226,630 1106,630"/>
                <pc:Word id="w_w1aab1b3b2b1b7ab1" language="German">
                    <pc:Coords points="226,602 377,602 377,638 226,638"/>
                    <pc:TextEquiv>
                        <pc:Unicode>Schönheit</pc:Unicode>
                    </pc:TextEquiv>
                    <pc:TextStyle/>
                </pc:Word>
                <pc:Word id="w_w1aab1b3b2b1b7ac21" language="German">
                    <pc:Coords points="396,610 449,610 449,631 396,631"/>
                    <pc:TextEquiv>
                        <pc:Unicode>aus</pc:Unicode>
                    </pc:TextEquiv>
                    <pc:TextStyle/>
                </pc:Word>
                <pc:Word id="w_w1aab1b3b2b1b7ac29" language="German">
                    <pc:Coords points="470,604 519,604 519,631 470,631"/>
                    <pc:TextEquiv>
                        <pc:Unicode>wie</pc:Unicode>
                    </pc:TextEquiv>
                    <pc:TextStyle/>
                </pc:Word>
                <pc:Word id="w_w1aab1b3b2b1b7ac37" language="German">
                    <pc:Coords points="539,613 573,613 573,634 539,634"/>
                    <pc:TextEquiv>
                        <pc:Unicode>er,</pc:Unicode>
                    </pc:TextEquiv>
                    <pc:TextStyle/>
                </pc:Word>
                <pc:Word id="w_w1aab1b3b2b1b7ac45" language="German">
                    <pc:Coords points="595,605 649,605 649,631 595,631"/>
                    <pc:TextEquiv>
                        <pc:Unicode>und</pc:Unicode>
                    </pc:TextEquiv>
                    <pc:TextStyle/>
                </pc:Word>
                <pc:Word id="w_w1aab1b3b2b1b7ac53" language="German">
                    <pc:Coords points="670,603 703,603 703,630 670,630"/>
                    <pc:TextEquiv>
                        <pc:Unicode>ob</pc:Unicode>
                    </pc:TextEquiv>
                    <pc:TextStyle/>
                </pc:Word>
                <pc:Word id="w_w1aab1b3b2b1b7ac59" language="German">
                    <pc:Coords points="723,604 759,604 759,638 723,638"/>
                    <pc:TextEquiv>
                        <pc:Unicode>ich</pc:Unicode>
                    </pc:TextEquiv>
                    <pc:TextStyle/>
                </pc:Word>
                <pc:Word id="w_w1aab1b3b2b1b7ac67" language="German">
                    <pc:Coords points="780,603 833,603 833,637 780,637"/>
                    <pc:TextEquiv>
                        <pc:Unicode>ihm</pc:Unicode>
                    </pc:TextEquiv>
                    <pc:TextStyle/>
                </pc:Word>
                <pc:Word id="w_w1aab1b3b2b1b7ac75" language="German">
                    <pc:Coords points="854,610 914,610 914,630 854,630"/>
                    <pc:TextEquiv>
                        <pc:Unicode>was</pc:Unicode>
                    </pc:TextEquiv>
                    <pc:TextStyle/>
                </pc:Word>
                <pc:Word id="w_w1aab1b3b2b1b7ac83" language="German">
                    <pc:Coords points="935,605 994,605 994,633 935,633"/>
                    <pc:TextEquiv>
                        <pc:Unicode>bin,</pc:Unicode>
                    </pc:TextEquiv>
                    <pc:TextStyle/>
                </pc:Word>
                <pc:Word id="w_w1aab1b3b2b1b7ac93" language="German">
                    <pc:Coords points="1015,605 1048,605 1048,631 1015,631"/>
                    <pc:TextEquiv>
                        <pc:Unicode>ob</pc:Unicode>
                    </pc:TextEquiv>
                    <pc:TextStyle/>
                </pc:Word>
                <pc:Word id="w_w1aab1b3b2b1b7ac99" language="German">
                    <pc:Coords points="1068,606 1106,606 1106,639 1068,639"/>
                    <pc:TextEquiv>
                        <pc:Unicode>ich</pc:Unicode>
                    </pc:TextEquiv>
                    <pc:TextStyle/>
                </pc:Word>
                <pc:TextEquiv>
                    <pc:Unicode>Schönheit aus wie er, und ob ich ihm was bin, ob ich</pc:Unicode>
                </pc:TextEquiv>
                <pc:TextStyle/>
            </pc:TextLine>
            <pc:TextLine id="tl_6" primaryLanguage="German">
                <pc:Coords points="227,665 830,665 830,702 227,702"/>
                <pc:Baseline points="227,693 830,693"/>
                <pc:Word id="w_w1aab1b3b2b1b9ab1" language="German">
                    <pc:Coords points="227,667 282,667 282,702 227,702"/>
                    <pc:TextEquiv>
                        <pc:Unicode>ihm</pc:Unicode>
                    </pc:TextEquiv>
                    <pc:TextStyle/>
                </pc:Word>
                <pc:Word id="w_w1aab1b3b2b1b9ab9" language="German">
                    <pc:Coords points="303,672 363,672 363,694 303,694"/>
                    <pc:TextEquiv>
                        <pc:Unicode>was</pc:Unicode>
                    </pc:TextEquiv>
                    <pc:TextStyle/>
                </pc:Word>
                <pc:Word id="w_w1aab1b3b2b1b9ac17" language="German">
                    <pc:Coords points="383,667 476,667 476,697 383,697"/>
                    <pc:TextEquiv>
                        <pc:Unicode>bleibe,</pc:Unicode>
                    </pc:TextEquiv>
                    <pc:TextStyle/>
                </pc:Word>
                <pc:Word id="w_w1aab1b3b2b1b9ac33" language="German">
                    <pc:Coords points="497,668 548,668 548,694 497,694"/>
                    <pc:TextEquiv>
                        <pc:Unicode>das</pc:Unicode>
                    </pc:TextEquiv>
                    <pc:TextStyle/>
                </pc:Word>
                <pc:Word id="w_w1aab1b3b2b1b9ac41" language="German">
                    <pc:Coords points="568,666 599,666 599,702 568,702"/>
                    <pc:TextEquiv>
                        <pc:Unicode>iſt</pc:Unicode>
                    </pc:TextEquiv>
                    <pc:TextStyle/>
                </pc:Word>
                <pc:Word id="w_w1aab1b3b2b1b9ac49" language="German">
                    <pc:Coords points="619,668 693,668 693,693 619,693"/>
                    <pc:TextEquiv>
                        <pc:Unicode>dann</pc:Unicode>
                    </pc:TextEquiv>
                    <pc:TextStyle/>
                </pc:Word>
                <pc:Word id="w_w1aab1b3b2b1b9ac59" language="German">
                    <pc:Coords points="714,665 830,665 830,693 714,693"/>
                    <pc:TextEquiv>
                        <pc:Unicode>einerlei.</pc:Unicode>
                    </pc:TextEquiv>
                    <pc:TextStyle/>
                </pc:Word>
                <pc:TextEquiv>
                    <pc:Unicode>ihm was bleibe, das iſt dann einerlei.</pc:Unicode>
                </pc:TextEquiv>
                <pc:TextStyle/>
            </pc:TextLine>
            <pc:TextEquiv>
                <pc:Unicode>nem Geiſt duften, wie dieſe Kräuter, dem Geiſt jener
ſchönen Vorwelt, in deren Sinn der Tempel hier gebaut
iſt. — Dein Geiſt ſpricht ja die heilige Ordnung der
Schönheit aus wie er, und ob ich ihm was bin, ob ich
ihm was bleibe, das iſt dann einerlei.</pc:Unicode>
            </pc:TextEquiv>
        </pc:TextRegion>
        <pc:TextRegion id="r_2_2" type="paragraph" primaryLanguage="German" secondaryLanguage="Latin">
            <pc:Coords points="227,726 1117,726 1117,1319 227,1319"/>
            <pc:TextLine id="tl_7" primaryLanguage="German">
                <pc:Coords points="299,727 1111,727 1111,763 299,763"/>
                <pc:Baseline points="299,754 1111,754"/>
                <pc:Word id="w_w1aab1b3b2b3b1ab1" language="German">
                    <pc:Coords points="299,727 341,727 341,762 299,762"/>
                    <pc:TextEquiv>
                        <pc:Unicode>Ja</pc:Unicode>
                    </pc:TextEquiv>
                    <pc:TextStyle/>
                </pc:Word>
                <pc:Word id="w_w1aab1b3b2b3b1ab7" language="German">
                    <pc:Coords points="363,729 439,729 439,763 363,763"/>
                    <pc:TextEquiv>
                        <pc:Unicode>ſüßer</pc:Unicode>
                    </pc:TextEquiv>
                    <pc:TextStyle/>
                </pc:Word>
                <pc:Word id="w_w1aab1b3b2b3b1ac19" language="German">
                    <pc:Coords points="458,727 578,727 578,763 458,763"/>
                    <pc:TextEquiv>
                        <pc:Unicode>Freund!</pc:Unicode>
                    </pc:TextEquiv>
                    <pc:TextStyle/>
                </pc:Word>
                <pc:Word id="w_w1aab1b3b2b3b1ac35" language="German">
                    <pc:Coords points="610,729 642,729 642,755 610,755"/>
                    <pc:TextEquiv>
                        <pc:Unicode>ob</pc:Unicode>
                    </pc:TextEquiv>
                    <pc:TextStyle/>
                </pc:Word>
                <pc:Word id="w_w1aab1b3b2b3b1ac41" language="German">
                    <pc:Coords points="670,730 705,730 705,762 670,762"/>
                    <pc:TextEquiv>
                        <pc:Unicode>ich</pc:Unicode>
                    </pc:TextEquiv>
                    <pc:TextStyle/>
                </pc:Word>
                <pc:Word id="w_w1aab1b3b2b3b1ac49" language="German">
                    <pc:Coords points="724,727 777,727 777,756 724,756"/>
                    <pc:TextEquiv>
                        <pc:Unicode>Dir</pc:Unicode>
                    </pc:TextEquiv>
                    <pc:TextStyle/>
                </pc:Word>
                <pc:Word id="w_w1aab1b3b2b3b1ac57" language="German">
                    <pc:Coords points="804,732 864,732 864,754 804,754"/>
                    <pc:TextEquiv>
                        <pc:Unicode>was</pc:Unicode>
                    </pc:TextEquiv>
                    <pc:TextStyle/>
                </pc:Word>
                <pc:Word id="w_w1aab1b3b2b3b1ac65" language="German">
                    <pc:Coords points="885,727 945,727 945,754 885,754"/>
                    <pc:TextEquiv>
                        <pc:Unicode>bin:</pc:Unicode>
                    </pc:TextEquiv>
                    <pc:TextStyle/>
                </pc:Word>
                <pc:Word id="w_w1aab1b3b2b3b1ac75" language="German">
                    <pc:Coords points="979,732 1040,732 1040,754 979,754"/>
                    <pc:TextEquiv>
                        <pc:Unicode>was</pc:Unicode>
                    </pc:TextEquiv>
                    <pc:TextStyle/>
                </pc:Word>
                <pc:Word id="w_w1aab1b3b2b3b1ac83" language="German">
                    <pc:Coords points="1064,727 1111,727 1111,762 1064,762"/>
                    <pc:TextEquiv>
                        <pc:Unicode>ſoll</pc:Unicode>
                    </pc:TextEquiv>
                    <pc:TextStyle/>
                </pc:Word>
                <pc:TextEquiv>
                    <pc:Unicode>Ja ſüßer Freund! ob ich Dir was bin: was ſoll</pc:Unicode>
                </pc:TextEquiv>
                <pc:TextStyle/>
            </pc:TextLine>
            <pc:TextLine id="tl_8" primaryLanguage="German">
                <pc:Coords points="229,788 1113,788 1113,825 229,825"/>
                <pc:Baseline points="229,816 1113,816"/>
                <pc:Word id="w_w1aab1b3b2b3b3ab1" language="German">
                    <pc:Coords points="229,790 267,790 267,824 229,824"/>
                    <pc:TextEquiv>
                        <pc:Unicode>ich</pc:Unicode>
                    </pc:TextEquiv>
                    <pc:TextStyle/>
                </pc:Word>
                <pc:Word id="w_w1aab1b3b2b3b3ab9" language="German">
                    <pc:Coords points="295,792 398,792 398,824 295,824"/>
                    <pc:TextEquiv>
                        <pc:Unicode>danach</pc:Unicode>
                    </pc:TextEquiv>
                    <pc:TextStyle/>
                </pc:Word>
                <pc:Word id="w_w1aab1b3b2b3b3ac23" language="German">
                    <pc:Coords points="425,791 542,791 542,825 425,825"/>
                    <pc:TextEquiv>
                        <pc:Unicode>fragen?</pc:Unicode>
                    </pc:TextEquiv>
                    <pc:TextStyle/>
                </pc:Word>
                <pc:Word id="w_w1aab1b3b2b3b3ac39" language="German">
                    <pc:Coords points="561,805 596,805 596,810 561,810"/>
                    <pc:TextEquiv>
                        <pc:Unicode>—</pc:Unicode>
                    </pc:TextEquiv>
                    <pc:TextStyle/>
                </pc:Word>
                <pc:Word id="w_w1aab1b3b2b3b3ac43" language="German">
                    <pc:Coords points="623,791 692,791 692,824 623,824"/>
                    <pc:TextEquiv>
                        <pc:Unicode>weiß</pc:Unicode>
                    </pc:TextEquiv>
                    <pc:TextStyle/>
                </pc:Word>
                <pc:Word id="w_w1aab1b3b2b3b3ac53" language="German">
                    <pc:Coords points="718,790 753,790 753,825 718,825"/>
                    <pc:TextEquiv>
                        <pc:Unicode>ich</pc:Unicode>
                    </pc:TextEquiv>
                    <pc:TextStyle/>
                </pc:Word>
                <pc:Word id="w_w1aab1b3b2b3b3ac61" language="German">
                    <pc:Coords points="775,791 851,791 851,824 775,824"/>
                    <pc:TextEquiv>
                        <pc:Unicode>doch,</pc:Unicode>
                    </pc:TextEquiv>
                    <pc:TextStyle/>
                </pc:Word>
                <pc:Word id="w_w1aab1b3b2b3b3ac73" language="German">
                    <pc:Coords points="882,790 935,790 935,823 882,823"/>
                    <pc:TextEquiv>
                        <pc:Unicode>daß</pc:Unicode>
                    </pc:TextEquiv>
                    <pc:TextStyle/>
                </pc:Word>
                <pc:Word id="w_w1aab1b3b2b3b3ac81" language="German">
                    <pc:Coords points="960,791 1001,791 1001,817 960,817"/>
                    <pc:TextEquiv>
                        <pc:Unicode>die</pc:Unicode>
                    </pc:TextEquiv>
                    <pc:TextStyle/>
                </pc:Word>
                <pc:Word id="w_w1aab1b3b2b3b3ac89" language="German">
                    <pc:Coords points="1025,788 1113,788 1113,823 1025,823"/>
                    <pc:TextEquiv>
                        <pc:Unicode>Lerche</pc:Unicode>
                    </pc:TextEquiv>
                    <pc:TextStyle/>
                </pc:Word>
                <pc:TextEquiv>
                    <pc:Unicode>ich danach fragen? — weiß ich doch, daß die Lerche</pc:Unicode>
                </pc:TextEquiv>
                <pc:TextStyle/>
            </pc:TextLine>
            <pc:TextLine id="tl_9" primaryLanguage="German">
                <pc:Coords points="228,850 1112,850 1112,886 228,886"/>
                <pc:Baseline points="228,877 1112,877"/>
                <pc:Word id="w_w1aab1b3b2b3b5ab1" language="German">
                    <pc:Coords points="228,852 298,852 298,885 228,885"/>
                    <pc:TextEquiv>
                        <pc:Unicode>nicht</pc:Unicode>
                    </pc:TextEquiv>
                    <pc:TextStyle/>
                </pc:Word>
                <pc:Word id="w_w1aab1b3b2b3b5ac13" language="German">
                    <pc:Coords points="318,850 434,850 434,885 318,885"/>
                    <pc:TextEquiv>
                        <pc:Unicode>umſonſt</pc:Unicode>
                    </pc:TextEquiv>
                    <pc:TextStyle/>
                </pc:Word>
                <pc:Word id="w_w1aab1b3b2b3b5ac29" language="German">
                    <pc:Coords points="459,852 569,852 569,884 459,884"/>
                    <pc:TextEquiv>
                        <pc:Unicode>jubelnd</pc:Unicode>
                    </pc:TextEquiv>
                    <pc:TextStyle/>
                </pc:Word>
                <pc:Word id="w_w1aab1b3b2b3b5ac45" language="German">
                    <pc:Coords points="597,852 738,852 738,886 597,886"/>
                    <pc:TextEquiv>
                        <pc:Unicode>aufſteigt,</pc:Unicode>
                    </pc:TextEquiv>
                    <pc:TextStyle/>
                </pc:Word>
                <pc:Word id="w_w1aab1b3b2b3b5ac67" language="German">
                    <pc:Coords points="764,852 818,852 818,885 764,885"/>
                    <pc:TextEquiv>
                        <pc:Unicode>daß</pc:Unicode>
                    </pc:TextEquiv>
                    <pc:TextStyle/>
                </pc:Word>
                <pc:Word id="w_w1aab1b3b2b3b5ac75" language="German">
                    <pc:Coords points="843,853 886,853 886,878 843,878"/>
                    <pc:TextEquiv>
                        <pc:Unicode>der</pc:Unicode>
                    </pc:TextEquiv>
                    <pc:TextStyle/>
                </pc:Word>
                <pc:Word id="w_w1aab1b3b2b3b5ac83" language="German">
                    <pc:Coords points="909,850 1112,850 1112,885 909,885"/>
                    <pc:TextEquiv>
                        <pc:Unicode>Morgenwind</pc:Unicode>
                    </pc:TextEquiv>
                    <pc:TextStyle/>
                </pc:Word>
                <pc:TextEquiv>
                    <pc:Unicode>nicht umſonſt jubelnd aufſteigt, daß der Morgenwind</pc:Unicode>
                </pc:TextEquiv>
                <pc:TextStyle/>
            </pc:TextLine>
            <pc:TextLine id="tl_10" primaryLanguage="German">
                <pc:Coords points="229,910 1114,910 1114,944 229,944"/>
                <pc:Baseline points="229,935 1114,935"/>
                <pc:Word id="w_w1aab1b3b2b3b7ab1" language="German">
                    <pc:Coords points="229,911 299,911 299,944 229,944"/>
                    <pc:TextEquiv>
                        <pc:Unicode>nicht</pc:Unicode>
                    </pc:TextEquiv>
                    <pc:TextStyle/>
                </pc:Word>
                <pc:Word id="w_w1aab1b3b2b3b7ac13" language="German">
                    <pc:Coords points="320,910 465,910 465,943 320,943"/>
                    <pc:TextEquiv>
                        <pc:Unicode>ungefühlt</pc:Unicode>
                    </pc:TextEquiv>
                    <pc:TextStyle/>
                </pc:Word>
                <pc:Word id="w_w1aab1b3b2b3b7ac33" language="German">
                    <pc:Coords points="478,911 506,911 506,935 478,935"/>
                    <pc:TextEquiv>
                        <pc:Unicode>in</pc:Unicode>
                    </pc:TextEquiv>
                    <pc:TextStyle/>
                </pc:Word>
                <pc:Word id="w_w1aab1b3b2b3b7ac39" language="German">
                    <pc:Coords points="527,911 575,911 575,936 527,936"/>
                    <pc:TextEquiv>
                        <pc:Unicode>den</pc:Unicode>
                    </pc:TextEquiv>
                    <pc:TextStyle/>
                </pc:Word>
                <pc:Word id="w_w1aab1b3b2b3b7ac47" language="German">
                    <pc:Coords points="587,910 714,910 714,942 587,942"/>
                    <pc:TextEquiv>
                        <pc:Unicode>Zweigen</pc:Unicode>
                    </pc:TextEquiv>
                    <pc:TextStyle/>
                </pc:Word>
                <pc:Word id="w_w1aab1b3b2b3b7ac63" language="German">
                    <pc:Coords points="736,911 831,911 831,944 736,944"/>
                    <pc:TextEquiv>
                        <pc:Unicode>liſpelt,</pc:Unicode>
                    </pc:TextEquiv>
                    <pc:TextStyle/>
                </pc:Word>
                <pc:Word id="w_w1aab1b3b2b3b7ac81" language="German">
                    <pc:Coords points="850,910 878,910 878,943 850,943"/>
                    <pc:TextEquiv>
                        <pc:Unicode>ja</pc:Unicode>
                    </pc:TextEquiv>
                    <pc:TextStyle/>
                </pc:Word>
                <pc:Word id="w_w1aab1b3b2b3b7ac87" language="German">
                    <pc:Coords points="900,911 954,911 954,942 900,942"/>
                    <pc:TextEquiv>
                        <pc:Unicode>daß</pc:Unicode>
                    </pc:TextEquiv>
                    <pc:TextStyle/>
                </pc:Word>
                <pc:Word id="w_w1aab1b3b2b3b7ac95" language="German">
                    <pc:Coords points="968,912 1008,912 1008,936 968,936"/>
                    <pc:TextEquiv>
                        <pc:Unicode>die</pc:Unicode>
                    </pc:TextEquiv>
                    <pc:TextStyle/>
                </pc:Word>
                <pc:Word id="w_w1aab1b3b2b3b7ad103" language="German">
                    <pc:Coords points="1028,919 1114,919 1114,944 1028,944"/>
                    <pc:TextEquiv>
                        <pc:Unicode>ganze</pc:Unicode>
                    </pc:TextEquiv>
                    <pc:TextStyle/>
                </pc:Word>
                <pc:TextEquiv>
                    <pc:Unicode>nicht ungefühlt in den Zweigen liſpelt, ja daß die ganze</pc:Unicode>
                </pc:TextEquiv>
                <pc:TextStyle/>
            </pc:TextLine>
            <pc:TextLine id="tl_11" primaryLanguage="German">
                <pc:Coords points="229,968 1114,968 1114,1008 229,1008"/>
                <pc:Baseline points="229,999 1114,999"/>
                <pc:Word id="w_w1aab1b3b2b3b9ab1" language="German">
                    <pc:Coords points="229,971 327,971 327,1000 229,1000"/>
                    <pc:TextEquiv>
                        <pc:Unicode>Natur</pc:Unicode>
                    </pc:TextEquiv>
                    <pc:TextStyle/>
                </pc:Word>
                <pc:Word id="w_w1aab1b3b2b3b9ac13" language="German">
                    <pc:Coords points="347,972 417,972 417,1008 347,1008"/>
                    <pc:TextEquiv>
                        <pc:Unicode>nicht</pc:Unicode>
                    </pc:TextEquiv>
                    <pc:TextStyle/>
                </pc:Word>
                <pc:Word id="w_w1aab1b3b2b3b9ac25" language="German">
                    <pc:Coords points="437,970 603,970 603,1008 437,1008"/>
                    <pc:TextEquiv>
                        <pc:Unicode>unbegriffen</pc:Unicode>
                    </pc:TextEquiv>
                    <pc:TextStyle/>
                </pc:Word>
                <pc:Word id="w_w1aab1b3b2b3b9ac49" language="German">
                    <pc:Coords points="625,971 652,971 652,998 625,998"/>
                    <pc:TextEquiv>
                        <pc:Unicode>in</pc:Unicode>
                    </pc:TextEquiv>
                    <pc:TextStyle/>
                </pc:Word>
                <pc:Word id="w_w1aab1b3b2b3b9ac55" language="German">
                    <pc:Coords points="673,971 715,971 715,1007 673,1007"/>
                    <pc:TextEquiv>
                        <pc:Unicode>ihr</pc:Unicode>
                    </pc:TextEquiv>
                    <pc:TextStyle/>
                </pc:Word>
                <pc:Word id="w_w1aab1b3b2b3b9ac63" language="German">
                    <pc:Coords points="728,968 889,968 889,1007 728,1007"/>
                    <pc:TextEquiv>
                        <pc:Unicode>Schweigen</pc:Unicode>
                    </pc:TextEquiv>
                    <pc:TextStyle/>
                </pc:Word>
                <pc:Word id="w_w1aab1b3b2b3b9ac83" language="German">
                    <pc:Coords points="905,969 1047,969 1047,1006 905,1006"/>
                    <pc:TextEquiv>
                        <pc:Unicode>verſunken</pc:Unicode>
                    </pc:TextEquiv>
                    <pc:TextStyle/>
                </pc:Word>
                <pc:Word id="w_w1aab1b3b2b3b9ad103" language="German">
                    <pc:Coords points="1067,970 1114,970 1114,1006 1067,1006"/>
                    <pc:TextEquiv>
                        <pc:Unicode>iſt;</pc:Unicode>
                    </pc:TextEquiv>
                    <pc:TextStyle/>
                </pc:Word>
                <pc:TextEquiv>
                    <pc:Unicode>Natur nicht unbegriffen in ihr Schweigen verſunken iſt;</pc:Unicode>
                </pc:TextEquiv>
                <pc:TextStyle/>
            </pc:TextLine>
            <pc:TextLine id="tl_12" primaryLanguage="German">
                <pc:Coords points="231,1033 1114,1033 1114,1072 231,1072"/>
                <pc:Baseline points="231,1061 1114,1061"/>
                <pc:Word id="w_w1aab1b3b2b3c11ab1" language="German">
                    <pc:Coords points="231,1042 292,1042 292,1062 231,1062"/>
                    <pc:TextEquiv>
                        <pc:Unicode>was</pc:Unicode>
                    </pc:TextEquiv>
                    <pc:TextStyle/>
                </pc:Word>
                <pc:Word id="w_w1aab1b3b2b3c11ab9" language="German">
                    <pc:Coords points="313,1035 380,1035 380,1069 313,1069"/>
                    <pc:TextEquiv>
                        <pc:Unicode>ſollt’</pc:Unicode>
                    </pc:TextEquiv>
                    <pc:TextStyle/>
                </pc:Word>
                <pc:Word id="w_w1aab1b3b2b3c11ac23" language="German">
                    <pc:Coords points="400,1035 437,1035 437,1070 400,1070"/>
                    <pc:TextEquiv>
                        <pc:Unicode>ich</pc:Unicode>
                    </pc:TextEquiv>
                    <pc:TextStyle/>
                </pc:Word>
                <pc:Word id="w_w1aab1b3b2b3c11ac31" language="German">
                    <pc:Coords points="456,1043 553,1043 553,1072 456,1072"/>
                    <pc:TextEquiv>
                        <pc:Unicode>zagen,</pc:Unicode>
                    </pc:TextEquiv>
                    <pc:TextStyle/>
                </pc:Word>
                <pc:Word id="w_w1aab1b3b2b3c11ac45" language="German">
                    <pc:Coords points="573,1042 627,1042 627,1062 573,1062"/>
                    <pc:TextEquiv>
                        <pc:Unicode>von</pc:Unicode>
                    </pc:TextEquiv>
                    <pc:TextStyle/>
                </pc:Word>
                <pc:Word id="w_w1aab1b3b2b3c11ac53" language="German">
                    <pc:Coords points="642,1033 696,1033 696,1062 642,1062"/>
                    <pc:TextEquiv>
                        <pc:Unicode>Dir</pc:Unicode>
                    </pc:TextEquiv>
                    <pc:TextStyle/>
                </pc:Word>
                <pc:Word id="w_w1aab1b3b2b3c11ac61" language="German">
                    <pc:Coords points="715,1035 784,1035 784,1070 715,1070"/>
                    <pc:TextEquiv>
                        <pc:Unicode>nicht</pc:Unicode>
                    </pc:TextEquiv>
                    <pc:TextStyle/>
                </pc:Word>
                <pc:Word id="w_w1aab1b3b2b3c11ac73" language="German">
                    <pc:Coords points="803,1034 959,1034 959,1069 803,1069"/>
                    <pc:TextEquiv>
                        <pc:Unicode>verſtanden</pc:Unicode>
                    </pc:TextEquiv>
                    <pc:TextStyle/>
                </pc:Word>
                <pc:Word id="w_w1aab1b3b2b3c11ac95" language="German">
                    <pc:Coords points="982,1035 1051,1035 1051,1069 982,1069"/>
                    <pc:TextEquiv>
                        <pc:Unicode>nicht</pc:Unicode>
                    </pc:TextEquiv>
                    <pc:TextStyle/>
                </pc:Word>
                <pc:Word id="w_w1aab1b3b2b3c11ad107" language="German">
                    <pc:Coords points="1071,1043 1114,1043 1114,1070 1071,1070"/>
                    <pc:TextEquiv>
                        <pc:Unicode>ge-</pc:Unicode>
                    </pc:TextEquiv>
                    <pc:TextStyle/>
                </pc:Word>
                <pc:TextEquiv>
                    <pc:Unicode>was ſollt’ ich zagen, von Dir nicht verſtanden nicht ge-</pc:Unicode>
                </pc:TextEquiv>
                <pc:TextStyle/>
            </pc:TextLine>
            <pc:TextLine id="tl_13" primaryLanguage="German">
                <pc:Coords points="231,1096 1115,1096 1115,1133 231,1133"/>
                <pc:Baseline points="231,1123 1115,1123"/>
                <pc:Word id="w_w1aab1b3b2b3c13ab1" language="German">
                    <pc:Coords points="231,1096 306,1096 306,1131 231,1131"/>
                    <pc:TextEquiv>
                        <pc:Unicode>fühlt</pc:Unicode>
                    </pc:TextEquiv>
                    <pc:TextStyle/>
                </pc:Word>
                <pc:Word id="w_w1aab1b3b2b3c13ac13" language="German">
                    <pc:Coords points="324,1106 357,1106 357,1133 324,1133"/>
                    <pc:TextEquiv>
                        <pc:Unicode>zu</pc:Unicode>
                    </pc:TextEquiv>
                    <pc:TextStyle/>
                </pc:Word>
                <pc:Word id="w_w1aab1b3b2b3c13ac19" language="German">
                    <pc:Coords points="379,1097 453,1097 453,1132 379,1132"/>
                    <pc:TextEquiv>
                        <pc:Unicode>ſein?</pc:Unicode>
                    </pc:TextEquiv>
                    <pc:TextStyle/>
                </pc:Word>
                <pc:Word id="w_w1aab1b3b2b3c13ac31" language="German">
                    <pc:Coords points="471,1112 508,1112 508,1118 471,1118"/>
                    <pc:TextEquiv>
                        <pc:Unicode>—</pc:Unicode>
                    </pc:TextEquiv>
                    <pc:TextStyle/>
                </pc:Word>
                <pc:Word id="w_w1aab1b3b2b3c13ac35" language="German">
                    <pc:Coords points="526,1096 617,1096 617,1124 526,1124"/>
                    <pc:TextEquiv>
                        <pc:Unicode>Drum</pc:Unicode>
                    </pc:TextEquiv>
                    <pc:TextStyle/>
                </pc:Word>
                <pc:Word id="w_w1aab1b3b2b3c13ac45" language="German">
                    <pc:Coords points="637,1097 693,1097 693,1122 637,1122"/>
                    <pc:TextEquiv>
                        <pc:Unicode>will</pc:Unicode>
                    </pc:TextEquiv>
                    <pc:TextStyle/>
                </pc:Word>
                <pc:Word id="w_w1aab1b3b2b3c13ac55" language="German">
                    <pc:Coords points="713,1097 751,1097 751,1130 713,1130"/>
                    <pc:TextEquiv>
                        <pc:Unicode>ich</pc:Unicode>
                    </pc:TextEquiv>
                    <pc:TextStyle/>
                </pc:Word>
                <pc:Word id="w_w1aab1b3b2b3c13ac63" language="German">
                    <pc:Coords points="770,1098 839,1098 839,1131 770,1131"/>
                    <pc:TextEquiv>
                        <pc:Unicode>nicht</pc:Unicode>
                    </pc:TextEquiv>
                    <pc:TextStyle/>
                </pc:Word>
                <pc:Word id="w_w1aab1b3b2b3c13ac75" language="German">
                    <pc:Coords points="859,1097 986,1097 986,1131 859,1131"/>
                    <pc:TextEquiv>
                        <pc:Unicode>ſchwören</pc:Unicode>
                    </pc:TextEquiv>
                    <pc:TextStyle/>
                </pc:Word>
                <pc:Word id="w_w1aab1b3b2b3c13ac93" language="German">
                    <pc:Coords points="1006,1096 1060,1096 1060,1124 1006,1124"/>
                    <pc:TextEquiv>
                        <pc:Unicode>Dir</pc:Unicode>
                    </pc:TextEquiv>
                    <pc:TextStyle/>
                </pc:Word>
                <pc:Word id="w_w1aab1b3b2b3c13ad101" language="German">
                    <pc:Coords points="1080,1102 1115,1102 1115,1123 1080,1123"/>
                    <pc:TextEquiv>
                        <pc:Unicode>et-</pc:Unicode>
                    </pc:TextEquiv>
                    <pc:TextStyle/>
                </pc:Word>
                <pc:TextEquiv>
                    <pc:Unicode>fühlt zu ſein? — Drum will ich nicht ſchwören Dir et-</pc:Unicode>
                </pc:TextEquiv>
                <pc:TextStyle/>
            </pc:TextLine>
            <pc:TextLine id="tl_14" primaryLanguage="German">
                <pc:Coords points="232,1156 1114,1156 1114,1194 232,1194"/>
                <pc:Baseline points="232,1183 1114,1183"/>
                <pc:Word id="w_w1aab1b3b2b3c15ab1" language="German">
                    <pc:Coords points="232,1163 294,1163 294,1185 232,1185"/>
                    <pc:TextEquiv>
                        <pc:Unicode>was</pc:Unicode>
                    </pc:TextEquiv>
                    <pc:TextStyle/>
                </pc:Word>
                <pc:Word id="w_w1aab1b3b2b3c15ab9" language="German">
                    <pc:Coords points="314,1167 347,1167 347,1194 314,1194"/>
                    <pc:TextEquiv>
                        <pc:Unicode>zu</pc:Unicode>
                    </pc:TextEquiv>
                    <pc:TextStyle/>
                </pc:Word>
                <pc:Word id="w_w1aab1b3b2b3c15ac15" language="German">
                    <pc:Coords points="369,1158 438,1158 438,1192 369,1192"/>
                    <pc:TextEquiv>
                        <pc:Unicode>ſein;</pc:Unicode>
                    </pc:TextEquiv>
                    <pc:TextStyle/>
                </pc:Word>
                <pc:Word id="w_w1aab1b3b2b3c15ac27" language="German">
                    <pc:Coords points="466,1162 494,1162 494,1184 466,1184"/>
                    <pc:TextEquiv>
                        <pc:Unicode>es</pc:Unicode>
                    </pc:TextEquiv>
                    <pc:TextStyle/>
                </pc:Word>
                <pc:Word id="w_w1aab1b3b2b3c15ac33" language="German">
                    <pc:Coords points="513,1157 544,1157 544,1192 513,1192"/>
                    <pc:TextEquiv>
                        <pc:Unicode>iſt</pc:Unicode>
                    </pc:TextEquiv>
                    <pc:TextStyle/>
                </pc:Word>
                <pc:Word id="w_w1aab1b3b2b3c15ac41" language="German">
                    <pc:Coords points="564,1157 615,1157 615,1183 564,1183"/>
                    <pc:TextEquiv>
                        <pc:Unicode>mir</pc:Unicode>
                    </pc:TextEquiv>
                    <pc:TextStyle/>
                </pc:Word>
                <pc:Word id="w_w1aab1b3b2b3c15ac51" language="German">
                    <pc:Coords points="634,1157 736,1157 736,1189 634,1189"/>
                    <pc:TextEquiv>
                        <pc:Unicode>gewiß,</pc:Unicode>
                    </pc:TextEquiv>
                    <pc:TextStyle/>
                </pc:Word>
                <pc:Word id="w_w1aab1b3b2b3c15ac65" language="German">
                    <pc:Coords points="762,1156 816,1156 816,1190 762,1190"/>
                    <pc:TextEquiv>
                        <pc:Unicode>daß</pc:Unicode>
                    </pc:TextEquiv>
                    <pc:TextStyle/>
                </pc:Word>
                <pc:Word id="w_w1aab1b3b2b3c15ac73" language="German">
                    <pc:Coords points="842,1157 877,1157 877,1190 842,1190"/>
                    <pc:TextEquiv>
                        <pc:Unicode>ich</pc:Unicode>
                    </pc:TextEquiv>
                    <pc:TextStyle/>
                </pc:Word>
                <pc:Word id="w_w1aab1b3b2b3c15ac81" language="German">
                    <pc:Coords points="896,1156 950,1156 950,1183 896,1183"/>
                    <pc:TextEquiv>
                        <pc:Unicode>Dir</pc:Unicode>
                    </pc:TextEquiv>
                    <pc:TextStyle/>
                </pc:Word>
                <pc:Word id="w_w1aab1b3b2b3c15ac89" language="German">
                    <pc:Coords points="970,1157 1029,1157 1029,1184 970,1184"/>
                    <pc:TextEquiv>
                        <pc:Unicode>bin,</pc:Unicode>
                    </pc:TextEquiv>
                    <pc:TextStyle/>
                </pc:Word>
                <pc:Word id="w_w1aab1b3b2b3c15ac99" language="German">
                    <pc:Coords points="1053,1162 1114,1162 1114,1184 1053,1184"/>
                    <pc:TextEquiv>
                        <pc:Unicode>was</pc:Unicode>
                    </pc:TextEquiv>
                    <pc:TextStyle/>
                </pc:Word>
                <pc:TextEquiv>
                    <pc:Unicode>was zu ſein; es iſt mir gewiß, daß ich Dir bin, was</pc:Unicode>
                </pc:TextEquiv>
                <pc:TextStyle/>
            </pc:TextLine>
            <pc:TextLine id="tl_15" primaryLanguage="German">
                <pc:Coords points="233,1214 1116,1214 1116,1253 233,1253"/>
                <pc:Baseline points="233,1244 1116,1244"/>
                <pc:Word id="w_w1aab1b3b2b3c17ab1" language="German">
                    <pc:Coords points="233,1220 260,1220 260,1245 233,1245"/>
                    <pc:TextEquiv>
                        <pc:Unicode>in</pc:Unicode>
                    </pc:TextEquiv>
                    <pc:TextStyle/>
                </pc:Word>
                <pc:Word id="w_w1aab1b3b2b3c17ab7" language="German">
                    <pc:Coords points="287,1218 496,1218 496,1251 287,1251"/>
                    <pc:TextEquiv>
                        <pc:Unicode>einſtimmender</pc:Unicode>
                    </pc:TextEquiv>
                    <pc:TextStyle/>
                </pc:Word>
                <pc:Word id="w_w1aab1b3b2b3c17ac35" language="German">
                    <pc:Coords points="520,1215 671,1215 671,1253 520,1253"/>
                    <pc:TextEquiv>
                        <pc:Unicode>Schönheit</pc:Unicode>
                    </pc:TextEquiv>
                    <pc:TextStyle/>
                </pc:Word>
                <pc:Word id="w_w1aab1b3b2b3c17ac55" language="German">
                    <pc:Coords points="695,1217 737,1217 737,1244 695,1244"/>
                    <pc:TextEquiv>
                        <pc:Unicode>ein</pc:Unicode>
                    </pc:TextEquiv>
                    <pc:TextStyle/>
                </pc:Word>
                <pc:Word id="w_w1aab1b3b2b3c17ac63" language="German">
                    <pc:Coords points="762,1214 823,1214 823,1245 762,1245"/>
                    <pc:TextEquiv>
                        <pc:Unicode>Ton</pc:Unicode>
                    </pc:TextEquiv>
                    <pc:TextStyle/>
                </pc:Word>
                <pc:Word id="w_w1aab1b3b2b3c17ac71" language="German">
                    <pc:Coords points="850,1217 894,1217 894,1244 850,1244"/>
                    <pc:TextEquiv>
                        <pc:Unicode>der</pc:Unicode>
                    </pc:TextEquiv>
                    <pc:TextStyle/>
                </pc:Word>
                <pc:Word id="w_w1aab1b3b2b3c17ac79" language="German">
                    <pc:Coords points="917,1215 1028,1215 1028,1247 917,1247"/>
                    <pc:TextEquiv>
                        <pc:Unicode>Natur,</pc:Unicode>
                    </pc:TextEquiv>
                    <pc:TextStyle/>
                </pc:Word>
                <pc:Word id="w_w1aab1b3b2b3c17ac93" language="German">
                    <pc:Coords points="1058,1218 1116,1218 1116,1246 1058,1246"/>
                    <pc:TextEquiv>
                        <pc:Unicode>eine</pc:Unicode>
                    </pc:TextEquiv>
                    <pc:TextStyle/>
                </pc:Word>
                <pc:TextEquiv>
                    <pc:Unicode>in einſtimmender Schönheit ein Ton der Natur, eine</pc:Unicode>
                </pc:TextEquiv>
                <pc:TextStyle/>
            </pc:TextLine>
            <pc:TextLine id="tl_16" primaryLanguage="German">
                <pc:Coords points="233,1278 1098,1278 1098,1318 233,1318"/>
                <pc:Baseline points="233,1309 1098,1309"/>
                <pc:Word id="w_w1aab1b3b2b3c19ab1" language="German">
                    <pc:Coords points="233,1279 340,1279 340,1316 233,1316"/>
                    <pc:TextEquiv>
                        <pc:Unicode>geiſtige</pc:Unicode>
                    </pc:TextEquiv>
                    <pc:TextStyle/>
                </pc:Word>
                <pc:Word id="w_w1aab1b3b2b3c19ac19" language="German">
                    <pc:Coords points="352,1278 519,1278 519,1316 352,1316"/>
                    <pc:TextEquiv>
                        <pc:Unicode>Berührung</pc:Unicode>
                    </pc:TextEquiv>
                    <pc:TextStyle/>
                </pc:Word>
                <pc:Word id="w_w1aab1b3b2b3c19ac39" language="German">
                    <pc:Coords points="536,1280 615,1280 615,1316 536,1316"/>
                    <pc:TextEquiv>
                        <pc:Unicode>dieſer</pc:Unicode>
                    </pc:TextEquiv>
                    <pc:TextStyle/>
                </pc:Word>
                <pc:Word id="w_w1aab1b3b2b3c19ac53" language="German">
                    <pc:Coords points="629,1280 770,1280 770,1318 629,1318"/>
                    <pc:TextEquiv>
                        <pc:Unicode>sinnlichen</pc:Unicode>
                    </pc:TextEquiv>
                    <pc:TextStyle/>
                </pc:Word>
                <pc:Word id="w_w1aab1b3b2b3c19ac75" language="German">
                    <pc:Coords points="785,1279 864,1279 864,1309 785,1309"/>
                    <pc:TextEquiv>
                        <pc:Unicode>Welt</pc:Unicode>
                    </pc:TextEquiv>
                    <pc:TextStyle/>
                </pc:Word>
                <pc:Word id="w_w1aab1b3b2b3c19ac85" language="German">
                    <pc:Coords points="876,1279 931,1279 931,1309 876,1309"/>
                    <pc:TextEquiv>
                        <pc:Unicode>Dir</pc:Unicode>
                    </pc:TextEquiv>
                    <pc:TextStyle/>
                </pc:Word>
                <pc:Word id="w_w1aab1b3b2b3c19ac93" language="German">
                    <pc:Coords points="948,1281 1000,1281 1000,1318 948,1318"/>
                    <pc:TextEquiv>
                        <pc:Unicode>ſein</pc:Unicode>
                    </pc:TextEquiv>
                    <pc:TextStyle/>
                </pc:Word>
                <pc:Word id="w_w1aab1b3b2b3c19ad103" language="German">
                    <pc:Coords points="1016,1279 1098,1279 1098,1310 1016,1310"/>
                    <pc:TextEquiv>
                        <pc:Unicode>kann.</pc:Unicode>
                    </pc:TextEquiv>
                    <pc:TextStyle/>
                </pc:Word>
                <pc:TextEquiv>
                    <pc:Unicode>geiſtige Berührung dieſer sinnlichen Welt Dir ſein kann.</pc:Unicode>
                </pc:TextEquiv>
                <pc:TextStyle/>
            </pc:TextLine>
            <pc:TextEquiv>
                <pc:Unicode>Ja ſüßer Freund! ob ich Dir was bin: was ſoll
ich danach fragen? — weiß ich doch, daß die Lerche
nicht umſonſt jubelnd aufſteigt, daß der Morgenwind
nicht ungefühlt in den Zweigen liſpelt, ja daß die ganze
Natur nicht unbegriffen in ihr Schweigen verſunken iſt;
was ſollt’ ich zagen, von Dir nicht verſtanden nicht ge-
fühlt zu ſein? — Drum will ich nicht ſchwören Dir et-
was zu ſein; es iſt mir gewiß, daß ich Dir bin, was
in einſtimmender Schönheit ein Ton der Natur, eine
geiſtige Berührung dieſer sinnlichen Welt Dir ſein kann.</pc:Unicode>
            </pc:TextEquiv>
        </pc:TextRegion>
        <pc:TextRegion id="r_3_1" type="paragraph" primaryLanguage="German" secondaryLanguage="Latin">
            <pc:Coords points="832,1525 962,1525 962,1553 832,1553"/>
            <pc:TextLine id="tl_17" primaryLanguage="German">
                <pc:Coords points="833,1526 961,1526 961,1552 833,1552"/>
                <pc:Baseline points="833,1547 961,1547"/>
                <pc:Word id="w_w1aab1b5b2b1b1ab1" language="German">
                    <pc:Coords points="833,1526 880,1526 880,1552 833,1552"/>
                    <pc:TextEquiv>
                        <pc:Unicode>Jm</pc:Unicode>
                    </pc:TextEquiv>
                    <pc:TextStyle/>
                </pc:Word>
                <pc:Word id="w_w1aab1b5b2b1b1ab7" language="German">
                    <pc:Coords points="895,1526 961,1526 961,1552 895,1552"/>
                    <pc:TextEquiv>
                        <pc:Unicode>Juli.</pc:Unicode>
                    </pc:TextEquiv>
                    <pc:TextStyle/>
                </pc:Word>
                <pc:TextEquiv>
                    <pc:Unicode>Jm Juli.</pc:Unicode>
                </pc:TextEquiv>
                <pc:TextStyle/>
            </pc:TextLine>
            <pc:TextEquiv>
                <pc:Unicode>Jm Juli.</pc:Unicode>
            </pc:TextEquiv>
        </pc:TextRegion>
        <pc:TextRegion id="r_3_2" type="paragraph" primaryLanguage="German" secondaryLanguage="Latin">
            <pc:Coords points="235,1583 1120,1583 1120,1877 235,1877"/>
            <pc:TextLine id="tl_18" primaryLanguage="German">
                <pc:Coords points="307,1584 1117,1584 1117,1625 307,1625"/>
                <pc:Baseline points="307,1614 1117,1614"/>
                <pc:Word id="w_w1aab1b5b2b3b1ab1" language="German">
                    <pc:Coords points="307,1588 386,1588 386,1625 307,1625"/>
                    <pc:TextEquiv>
                        <pc:Unicode>Dieſe</pc:Unicode>
                    </pc:TextEquiv>
                    <pc:TextStyle/>
                </pc:Word>
                <pc:Word id="w_w1aab1b5b2b3b1ac13" language="German">
                    <pc:Coords points="405,1586 497,1586 497,1623 405,1623"/>
                    <pc:TextEquiv>
                        <pc:Unicode>Tage,</pc:Unicode>
                    </pc:TextEquiv>
                    <pc:TextStyle/>
                </pc:Word>
                <pc:Word id="w_w1aab1b5b2b3b1ac25" language="German">
                    <pc:Coords points="522,1585 588,1585 588,1622 522,1622"/>
                    <pc:TextEquiv>
                        <pc:Unicode>dieſe</pc:Unicode>
                    </pc:TextEquiv>
                    <pc:TextStyle/>
                </pc:Word>
                <pc:Word id="w_w1aab1b5b2b3b1ac37" language="German">
                    <pc:Coords points="606,1584 753,1584 753,1620 606,1620"/>
                    <pc:TextEquiv>
                        <pc:Unicode>Gegenden</pc:Unicode>
                    </pc:TextEquiv>
                    <pc:TextStyle/>
                </pc:Word>
                <pc:Word id="w_w1aab1b5b2b3b1ac55" language="German">
                    <pc:Coords points="779,1585 813,1585 813,1620 779,1620"/>
                    <pc:TextEquiv>
                        <pc:Unicode>ſie</pc:Unicode>
                    </pc:TextEquiv>
                    <pc:TextStyle/>
                </pc:Word>
                <pc:Word id="w_w1aab1b5b2b3b1ac63" language="German">
                    <pc:Coords points="833,1590 928,1590 928,1620 833,1620"/>
                    <pc:TextEquiv>
                        <pc:Unicode>tragen</pc:Unicode>
                    </pc:TextEquiv>
                    <pc:TextStyle/>
                </pc:Word>
                <pc:Word id="w_w1aab1b5b2b3b1ac77" language="German">
                    <pc:Coords points="950,1588 1001,1588 1001,1613 950,1613"/>
                    <pc:TextEquiv>
                        <pc:Unicode>das</pc:Unicode>
                    </pc:TextEquiv>
                    <pc:TextStyle/>
                </pc:Word>
                <pc:Word id="w_w1aab1b5b2b3b1ac85" language="German">
                    <pc:Coords points="1020,1584 1117,1584 1117,1623 1020,1623"/>
                    <pc:TextEquiv>
                        <pc:Unicode>Antlitz</pc:Unicode>
                    </pc:TextEquiv>
                    <pc:TextStyle/>
                </pc:Word>
                <pc:TextEquiv>
                    <pc:Unicode>Dieſe Tage, dieſe Gegenden ſie tragen das Antlitz</pc:Unicode>
                </pc:TextEquiv>
                <pc:TextStyle/>
            </pc:TextLine>
            <pc:TextLine id="tl_19" primaryLanguage="German">
                <pc:Coords points="236,1647 1118,1647 1118,1686 236,1686"/>
                <pc:Baseline points="236,1676 1118,1676"/>
                <pc:Word id="w_w1aab1b5b2b3b3ab1" language="German">
                    <pc:Coords points="236,1652 281,1652 281,1678 236,1678"/>
                    <pc:TextEquiv>
                        <pc:Unicode>des</pc:Unicode>
                    </pc:TextEquiv>
                    <pc:TextStyle/>
                </pc:Word>
                <pc:Word id="w_w1aab1b5b2b3b3ab9" language="German">
                    <pc:Coords points="299,1650 470,1650 470,1686 299,1686"/>
                    <pc:TextEquiv>
                        <pc:Unicode>Paradieſes.</pc:Unicode>
                    </pc:TextEquiv>
                    <pc:TextStyle/>
                </pc:Word>
                <pc:Word id="w_w1aab1b5b2b3b3ac33" language="German">
                    <pc:Coords points="506,1648 562,1648 562,1676 506,1676"/>
                    <pc:TextEquiv>
                        <pc:Unicode>Die</pc:Unicode>
                    </pc:TextEquiv>
                    <pc:TextStyle/>
                </pc:Word>
                <pc:Word id="w_w1aab1b5b2b3b3ac41" language="German">
                    <pc:Coords points="580,1647 657,1647 657,1682 580,1682"/>
                    <pc:TextEquiv>
                        <pc:Unicode>Fülle</pc:Unicode>
                    </pc:TextEquiv>
                    <pc:TextStyle/>
                </pc:Word>
                <pc:Word id="w_w1aab1b5b2b3b3ac53" language="German">
                    <pc:Coords points="678,1649 747,1649 747,1682 678,1682"/>
                    <pc:TextEquiv>
                        <pc:Unicode>lacht</pc:Unicode>
                    </pc:TextEquiv>
                    <pc:TextStyle/>
                </pc:Word>
                <pc:Word id="w_w1aab1b5b2b3b3ac65" language="German">
                    <pc:Coords points="767,1649 831,1649 831,1683 767,1683"/>
                    <pc:TextEquiv>
                        <pc:Unicode>mich</pc:Unicode>
                    </pc:TextEquiv>
                    <pc:TextStyle/>
                </pc:Word>
                <pc:Word id="w_w1aab1b5b2b3b3ac75" language="German">
                    <pc:Coords points="852,1657 889,1657 889,1676 852,1676"/>
                    <pc:TextEquiv>
                        <pc:Unicode>an</pc:Unicode>
                    </pc:TextEquiv>
                    <pc:TextStyle/>
                </pc:Word>
                <pc:Word id="w_w1aab1b5b2b3b3ac81" language="German">
                    <pc:Coords points="910,1650 937,1650 937,1677 910,1677"/>
                    <pc:TextEquiv>
                        <pc:Unicode>in</pc:Unicode>
                    </pc:TextEquiv>
                    <pc:TextStyle/>
                </pc:Word>
                <pc:Word id="w_w1aab1b5b2b3b3ac87" language="German">
                    <pc:Coords points="959,1651 1003,1651 1003,1678 959,1678"/>
                    <pc:TextEquiv>
                        <pc:Unicode>der</pc:Unicode>
                    </pc:TextEquiv>
                    <pc:TextStyle/>
                </pc:Word>
                <pc:Word id="w_w1aab1b5b2b3b3ac95" language="German">
                    <pc:Coords points="1023,1650 1118,1650 1118,1686 1023,1686"/>
                    <pc:TextEquiv>
                        <pc:Unicode>reifen-</pc:Unicode>
                    </pc:TextEquiv>
                    <pc:TextStyle/>
                </pc:Word>
                <pc:TextEquiv>
                    <pc:Unicode>des Paradieſes. Die Fülle lacht mich an in der reifen-</pc:Unicode>
                </pc:TextEquiv>
                <pc:TextStyle/>
            </pc:TextLine>
            <pc:TextLine id="tl_20" primaryLanguage="German">
                <pc:Coords points="237,1710 1117,1710 1117,1749 237,1749"/>
                <pc:Baseline points="237,1739 1117,1739"/>
                <pc:Word id="w_w1aab1b5b2b3b5ab1" language="German">
                    <pc:Coords points="237,1713 285,1713 285,1739 237,1739"/>
                    <pc:TextEquiv>
                        <pc:Unicode>den</pc:Unicode>
                    </pc:TextEquiv>
                    <pc:TextStyle/>
                </pc:Word>
                <pc:Word id="w_w1aab1b5b2b3b5ab9" language="German">
                    <pc:Coords points="305,1712 415,1712 415,1748 305,1748"/>
                    <pc:TextEquiv>
                        <pc:Unicode>Frucht,</pc:Unicode>
                    </pc:TextEquiv>
                    <pc:TextStyle/>
                </pc:Word>
                <pc:Word id="w_w1aab1b5b2b3b5ac25" language="German">
                    <pc:Coords points="437,1715 488,1715 488,1740 437,1740"/>
                    <pc:TextEquiv>
                        <pc:Unicode>das</pc:Unicode>
                    </pc:TextEquiv>
                    <pc:TextStyle/>
                </pc:Word>
                <pc:Word id="w_w1aab1b5b2b3b5ac33" language="German">
                    <pc:Coords points="507,1710 589,1710 589,1739 507,1739"/>
                    <pc:TextEquiv>
                        <pc:Unicode>Leben</pc:Unicode>
                    </pc:TextEquiv>
                    <pc:TextStyle/>
                </pc:Word>
                <pc:Word id="w_w1aab1b5b2b3b5ac45" language="German">
                    <pc:Coords points="609,1710 713,1710 713,1746 609,1746"/>
                    <pc:TextEquiv>
                        <pc:Unicode>jauchzt</pc:Unicode>
                    </pc:TextEquiv>
                    <pc:TextStyle/>
                </pc:Word>
                <pc:Word id="w_w1aab1b5b2b3b5ac61" language="German">
                    <pc:Coords points="732,1711 760,1711 760,1738 732,1738"/>
                    <pc:TextEquiv>
                        <pc:Unicode>in</pc:Unicode>
                    </pc:TextEquiv>
                    <pc:TextStyle/>
                </pc:Word>
                <pc:Word id="w_w1aab1b5b2b3b5ac67" language="German">
                    <pc:Coords points="781,1713 847,1713 847,1743 781,1743"/>
                    <pc:TextEquiv>
                        <pc:Unicode>mir,</pc:Unicode>
                    </pc:TextEquiv>
                    <pc:TextStyle/>
                </pc:Word>
                <pc:Word id="w_w1aab1b5b2b3b5ac77" language="German">
                    <pc:Coords points="875,1714 929,1714 929,1741 875,1741"/>
                    <pc:TextEquiv>
                        <pc:Unicode>und</pc:Unicode>
                    </pc:TextEquiv>
                    <pc:TextStyle/>
                </pc:Word>
                <pc:Word id="w_w1aab1b5b2b3b5ac85" language="German">
                    <pc:Coords points="950,1713 1050,1713 1050,1749 950,1749"/>
                    <pc:TextEquiv>
                        <pc:Unicode>einſam</pc:Unicode>
                    </pc:TextEquiv>
                    <pc:TextStyle/>
                </pc:Word>
                <pc:Word id="w_w1aab1b5b2b3b5ac99" language="German">
                    <pc:Coords points="1072,1713 1117,1713 1117,1740 1072,1740"/>
                    <pc:TextEquiv>
                        <pc:Unicode>bin</pc:Unicode>
                    </pc:TextEquiv>
                    <pc:TextStyle/>
                </pc:Word>
                <pc:TextEquiv>
                    <pc:Unicode>den Frucht, das Leben jauchzt in mir, und einſam bin</pc:Unicode>
                </pc:TextEquiv>
                <pc:TextStyle/>
            </pc:TextLine>
            <pc:TextLine id="tl_21" primaryLanguage="German">
                <pc:Coords points="237,1772 1119,1772 1119,1811 237,1811"/>
                <pc:Baseline points="237,1802 1119,1802"/>
                <pc:Word id="w_w1aab1b5b2b3b7ab1" language="German">
                    <pc:Coords points="237,1772 274,1772 274,1806 237,1806"/>
                    <pc:TextEquiv>
                        <pc:Unicode>ich</pc:Unicode>
                    </pc:TextEquiv>
                    <pc:TextStyle/>
                </pc:Word>
                <pc:Word id="w_w1aab1b5b2b3b7ab9" language="German">
                    <pc:Coords points="294,1776 344,1776 344,1802 294,1802"/>
                    <pc:TextEquiv>
                        <pc:Unicode>wie</pc:Unicode>
                    </pc:TextEquiv>
                    <pc:TextStyle/>
                </pc:Word>
                <pc:Word id="w_w1aab1b5b2b3b7ac17" language="German">
                    <pc:Coords points="365,1778 408,1778 408,1803 365,1803"/>
                    <pc:TextEquiv>
                        <pc:Unicode>der</pc:Unicode>
                    </pc:TextEquiv>
                    <pc:TextStyle/>
                </pc:Word>
                <pc:Word id="w_w1aab1b5b2b3b7ac25" language="German">
                    <pc:Coords points="426,1776 489,1776 489,1811 426,1811"/>
                    <pc:TextEquiv>
                        <pc:Unicode>erſte</pc:Unicode>
                    </pc:TextEquiv>
                    <pc:TextStyle/>
                </pc:Word>
                <pc:Word id="w_w1aab1b5b2b3b7ac37" language="German">
                    <pc:Coords points="507,1773 638,1773 638,1810 507,1810"/>
                    <pc:TextEquiv>
                        <pc:Unicode>Mensch;</pc:Unicode>
                    </pc:TextEquiv>
                    <pc:TextStyle/>
                </pc:Word>
                <pc:Word id="w_w1aab1b5b2b3b7ac53" language="German">
                    <pc:Coords points="659,1774 714,1774 714,1800 659,1800"/>
                    <pc:TextEquiv>
                        <pc:Unicode>und</pc:Unicode>
                    </pc:TextEquiv>
                    <pc:TextStyle/>
                </pc:Word>
                <pc:Word id="w_w1aab1b5b2b3b7ac61" language="German">
                    <pc:Coords points="734,1774 771,1774 771,1809 734,1809"/>
                    <pc:TextEquiv>
                        <pc:Unicode>ich</pc:Unicode>
                    </pc:TextEquiv>
                    <pc:TextStyle/>
                </pc:Word>
                <pc:Word id="w_w1aab1b5b2b3b7ac69" language="German">
                    <pc:Coords points="792,1776 863,1776 863,1803 792,1803"/>
                    <pc:TextEquiv>
                        <pc:Unicode>lerne</pc:Unicode>
                    </pc:TextEquiv>
                    <pc:TextStyle/>
                </pc:Word>
                <pc:Word id="w_w1aab1b5b2b3b7ac81" language="German">
                    <pc:Coords points="882,1776 932,1776 932,1803 882,1803"/>
                    <pc:TextEquiv>
                        <pc:Unicode>wie</pc:Unicode>
                    </pc:TextEquiv>
                    <pc:TextStyle/>
                </pc:Word>
                <pc:Word id="w_w1aab1b5b2b3b7ac89" language="German">
                    <pc:Coords points="952,1775 1032,1775 1032,1810 952,1810"/>
                    <pc:TextEquiv>
                        <pc:Unicode>dieſer</pc:Unicode>
                    </pc:TextEquiv>
                    <pc:TextStyle/>
                </pc:Word>
                <pc:Word id="w_w1aab1b5b2b3b7ad103" language="German">
                    <pc:Coords points="1051,1775 1119,1775 1119,1809 1051,1809"/>
                    <pc:TextEquiv>
                        <pc:Unicode>herr-</pc:Unicode>
                    </pc:TextEquiv>
                    <pc:TextStyle/>
                </pc:Word>
                <pc:TextEquiv>
                    <pc:Unicode>ich wie der erſte Mensch; und ich lerne wie dieſer herr-</pc:Unicode>
                </pc:TextEquiv>
                <pc:TextStyle/>
            </pc:TextLine>
            <pc:TextLine id="tl_22" primaryLanguage="German">
                <pc:Coords points="238,1833 1117,1833 1117,1876 238,1876"/>
                <pc:Baseline points="238,1865 1117,1865"/>
                <pc:Word id="w_w1aab1b5b2b3b9ab1" language="German">
                    <pc:Coords points="238,1833 309,1833 309,1870 238,1870"/>
                    <pc:TextEquiv>
                        <pc:Unicode>ſchen</pc:Unicode>
                    </pc:TextEquiv>
                    <pc:TextStyle/>
                </pc:Word>
                <pc:Word id="w_w1aab1b5b2b3b9ac13" language="German">
                    <pc:Coords points="341,1839 395,1839 395,1865 341,1865"/>
                    <pc:TextEquiv>
                        <pc:Unicode>und</pc:Unicode>
                    </pc:TextEquiv>
                    <pc:TextStyle/>
                </pc:Word>
                <pc:Word id="w_w1aab1b5b2b3b9ac21" language="German">
                    <pc:Coords points="430,1840 550,1840 550,1875 430,1875"/>
                    <pc:TextEquiv>
                        <pc:Unicode>gebieten</pc:Unicode>
                    </pc:TextEquiv>
                    <pc:TextStyle/>
                </pc:Word>
                <pc:Word id="w_w1aab1b5b2b3b9ac39" language="German">
                    <pc:Coords points="581,1839 638,1839 638,1867 581,1867"/>
                    <pc:TextEquiv>
                        <pc:Unicode>dem</pc:Unicode>
                    </pc:TextEquiv>
                    <pc:TextStyle/>
                </pc:Word>
                <pc:Word id="w_w1aab1b5b2b3b9ac47" language="German">
                    <pc:Coords points="670,1834 769,1834 769,1867 670,1867"/>
                    <pc:TextEquiv>
                        <pc:Unicode>Glück:</pc:Unicode>
                    </pc:TextEquiv>
                    <pc:TextStyle/>
                </pc:Word>
                <pc:Word id="w_w1aab1b5b2b3b9ac61" language="German">
                    <pc:Coords points="807,1839 861,1839 861,1876 807,1876"/>
                    <pc:TextEquiv>
                        <pc:Unicode>daß</pc:Unicode>
                    </pc:TextEquiv>
                    <pc:TextStyle/>
                </pc:Word>
                <pc:Word id="w_w1aab1b5b2b3b9ac69" language="German">
                    <pc:Coords points="891,1839 932,1839 932,1867 891,1867"/>
                    <pc:TextEquiv>
                        <pc:Unicode>die</pc:Unicode>
                    </pc:TextEquiv>
                    <pc:TextStyle/>
                </pc:Word>
                <pc:Word id="w_w1aab1b5b2b3b9ac77" language="German">
                    <pc:Coords points="962,1835 1040,1835 1040,1865 962,1865"/>
                    <pc:TextEquiv>
                        <pc:Unicode>Welt</pc:Unicode>
                    </pc:TextEquiv>
                    <pc:TextStyle/>
                </pc:Word>
                <pc:Word id="w_w1aab1b5b2b3b9ac87" language="German">
                    <pc:Coords points="1070,1834 1117,1834 1117,1869 1070,1869"/>
                    <pc:TextEquiv>
                        <pc:Unicode>ſoll</pc:Unicode>
                    </pc:TextEquiv>
                    <pc:TextStyle/>
                </pc:Word>
                <pc:TextEquiv>
                    <pc:Unicode>ſchen und gebieten dem Glück: daß die Welt ſoll</pc:Unicode>
                </pc:TextEquiv>
                <pc:TextStyle/>
            </pc:TextLine>
            <pc:TextEquiv>
                <pc:Unicode>Dieſe Tage, dieſe Gegenden ſie tragen das Antlitz
des Paradieſes. Die Fülle lacht mich an in der reifen-
den Frucht, das Leben jauchzt in mir, und einſam bin
ich wie der erſte Mensch; und ich lerne wie dieſer herr-
ſchen und gebieten dem Glück: daß die Welt ſoll</pc:Unicode>
            </pc:TextEquiv>
        </pc:TextRegion>
        <pc:SeparatorRegion id="Separator_1476802950906_487">
            <pc:Coords points="548,1385 803,1385 803,1457 548,1457"/>
        </pc:SeparatorRegion>
    </pc:Page>
</pc:PcGts>
