<?xml version="1.0" encoding="UTF-8"?>
<pc:PcGts xmlns:pc="http://schema.primaresearch.org/PAGE/gts/pagecontent/2019-07-15" xmlns:xsi="http://www.w3.org/2001/XMLSchema-instance" xsi:schemaLocation="http://schema.primaresearch.org/PAGE/gts/pagecontent/2019-07-15 http://schema.primaresearch.org/PAGE/gts/pagecontent/2019-07-15/pagecontent.xsd">
    <pc:Metadata>
        <pc:Creator>OCR-D</pc:Creator>
        <pc:Created>2016-10-10T12:28:50</pc:Created>
        <pc:LastChange>2019-02-25T11:30:07</pc:LastChange>
    </pc:Metadata>
    <pc:Page imageFilename="OCR-D-IMG/OCR-D-IMG_0002.tif" imageWidth="1553" imageHeight="2607" imageXResolution="300." imageYResolution="300." type="content">
        <pc:Border>
            <pc:Coords points="227,93 1442,93 1442,2275 227,2275"/>
        </pc:Border>
        <pc:ReadingOrder>
            <pc:OrderedGroup id="ro357564684568544579089" caption="Regions reading order">
                <pc:RegionRefIndexed index="0" regionRef="TextRegion_1476108220230_409"/>
                <pc:RegionRefIndexed index="1" regionRef="TextRegion_1476108220229_408"/>
                <pc:RegionRefIndexed index="2" regionRef="TextRegion_1476108678225_419"/>
                <pc:RegionRefIndexed index="3" regionRef="TextRegion_1476108678224_418"/>
                <pc:RegionRefIndexed index="4" regionRef="TextRegion_1476108611501_417"/>
                <pc:RegionRefIndexed index="5" regionRef="TextRegion_1476108523125_412"/>
            </pc:OrderedGroup>
        </pc:ReadingOrder>
        <pc:TextRegion id="TextRegion_1476108220230_409" type="page-number" primaryLanguage="German" secondaryLanguage="Latin">
            <pc:Coords points="327,189 270,189 270,111 327,111"/>
            <pc:TextLine id="line_1476108220302_411" primaryLanguage="German">
                <pc:Coords points="327,188 271,188 271,112 327,112"/>
                <pc:Baseline points="271,176 327,176"/>
                <pc:Word id="w_w1aab1b1b2b1b1ab1" language="German">
                    <pc:Coords points="271,146 305,146 305,184 271,184"/>
                    <pc:TextEquiv>
                        <pc:Unicode>2</pc:Unicode>
                    </pc:TextEquiv>
                </pc:Word>
                <pc:TextEquiv>
                    <pc:Unicode>2</pc:Unicode>
                </pc:TextEquiv>
            </pc:TextLine>
            <pc:TextEquiv>
                <pc:Unicode>2</pc:Unicode>
            </pc:TextEquiv>
        </pc:TextRegion>
        <pc:TextRegion id="TextRegion_1476108220229_408" type="header" primaryLanguage="German" secondaryLanguage="Latin">
            <pc:Coords points="1233,189 327,189 327,111 1233,111"/>
            <pc:TextLine id="line_1476108220300_410" primaryLanguage="German">
                <pc:Coords points="1232,188 327,188 327,112 1232,112"/>
                <pc:Baseline points="327,176 1232,176"/>
                <pc:Word id="w_w1aab1b1b2b1b1ab5" language="German">
                    <pc:Coords points="408,124 737,124 737,188 408,188"/>
                    <pc:TextEquiv>
                        <pc:Unicode>Herrnhuterey</pc:Unicode>
                    </pc:TextEquiv>
                </pc:Word>
                <pc:Word id="w_w1aab1b1b2b1b1ac31" language="German">
                    <pc:Coords points="755,122 802,122 802,173 755,173"/>
                    <pc:TextEquiv>
                        <pc:Unicode>in</pc:Unicode>
                    </pc:TextEquiv>
                </pc:Word>
                <pc:Word id="w_w1aab1b1b2b1b1ac37" language="German">
                    <pc:Coords points="821,119 940,119 940,177 821,177"/>
                    <pc:TextEquiv>
                        <pc:Unicode>ihrer</pc:Unicode>
                    </pc:TextEquiv>
                </pc:Word>
                <pc:Word id="w_w1aab1b1b2b1b1ac49" language="German">
                    <pc:Coords points="945,113 1232,113 1232,172 945,172"/>
                    <pc:TextEquiv>
                        <pc:Unicode>Schalkheit</pc:Unicode>
                    </pc:TextEquiv>
                </pc:Word>
                <pc:TextEquiv>
                    <pc:Unicode>Herrnhuterey in ihrer Schalkheit</pc:Unicode>
                </pc:TextEquiv>
            </pc:TextLine>
            <pc:TextEquiv>
                <pc:Unicode>Herrnhuterey in ihrer Schalkheit</pc:Unicode>
            </pc:TextEquiv>
        </pc:TextRegion>
        <pc:TextRegion id="TextRegion_1476108678225_419" type="paragraph" primaryLanguage="German" secondaryLanguage="Latin">
            <pc:Coords points="1414,381 273,381 273,194 1414,194"/>
            <pc:TextLine id="tl_2" primaryLanguage="German">
                <pc:Coords points="274,195 1402,195 1402,330 274,330"/>
                <pc:Baseline points="274,283 1401,283"/>
                <pc:Word id="w_w1aab1b1b2b3b1ab1" language="German">
                    <pc:Coords points="274,246 371,246 371,295 274,295"/>
                    <pc:TextEquiv>
                        <pc:Unicode>dert</pc:Unicode>
                    </pc:TextEquiv>
                </pc:Word>
                <pc:Word id="w_w1aab1b1b2b3b1ac11" language="German">
                    <pc:Coords points="388,238 518,238 518,301 388,301"/>
                    <pc:TextEquiv>
                        <pc:Unicode>haͤtte.</pc:Unicode>
                    </pc:TextEquiv>
                </pc:Word>
                <pc:Word id="w_w1aab1b1b2b3b1b1b1" language="German">
                    <pc:Coords points="561,233 654,233 654,293 561,293"/>
                    <pc:TextEquiv>
                        <pc:Unicode>Die</pc:Unicode>
                    </pc:TextEquiv>
                </pc:Word>
                <pc:Word id="w_w1aab1b1b2b3b1b2b1" language="German">
                    <pc:Coords points="663,231 873,231 873,293 663,293"/>
                    <pc:TextEquiv>
                        <pc:Unicode>ſaͤmtliche</pc:Unicode>
                    </pc:TextEquiv>
                </pc:Word>
                <pc:Word id="w_w1aab1b1b2b3b1b2c21" language="German">
                    <pc:Coords points="879,225 1232,225 1232,293 879,293"/>
                    <pc:TextEquiv>
                        <pc:Unicode>Zinzendorfiſche</pc:Unicode>
                    </pc:TextEquiv>
                </pc:Word>
                <pc:Word id="w_w1aab1b1b2b3b1b2c53" language="German">
                    <pc:Coords points="1245,226 1398,226 1398,291 1245,291"/>
                    <pc:TextEquiv>
                        <pc:Unicode>Secte,</pc:Unicode>
                    </pc:TextEquiv>
                </pc:Word>
                <pc:TextEquiv>
                    <pc:Unicode>dert haͤtte. Die ſaͤmtliche Zinzendorfiſche Secte,</pc:Unicode>
                </pc:TextEquiv>
            </pc:TextLine>
            <pc:TextLine id="tl_3" primaryLanguage="German">
                <pc:Coords points="276,286 1400,286 1400,372 276,372"/>
                <pc:Baseline points="276,352 1400,352"/>
                <pc:Word id="w_w1aab1b1b2b3b3ab1" language="German">
                    <pc:Coords points="276,309 354,309 354,369 276,369"/>
                    <pc:TextEquiv>
                        <pc:Unicode>hat</pc:Unicode>
                    </pc:TextEquiv>
                </pc:Word>
                <pc:Word id="w_w1aab1b1b2b3b3ab9" language="German">
                    <pc:Coords points="377,305 420,305 420,356 377,356"/>
                    <pc:TextEquiv>
                        <pc:Unicode>in</pc:Unicode>
                    </pc:TextEquiv>
                </pc:Word>
                <pc:Word id="w_w1aab1b1b2b3b3ac15" language="German">
                    <pc:Coords points="442,307 537,307 537,354 442,354"/>
                    <pc:TextEquiv>
                        <pc:Unicode>dem</pc:Unicode>
                    </pc:TextEquiv>
                </pc:Word>
                <pc:Word id="w_w1aab1b1b2b3b3ac23" language="German">
                    <pc:Coords points="555,300 809,300 809,360 555,360"/>
                    <pc:TextEquiv>
                        <pc:Unicode>ſogenanten</pc:Unicode>
                    </pc:TextEquiv>
                </pc:Word>
                <pc:Word id="w_w1aab1b1b2b3b3ac47" language="German">
                    <pc:Coords points="819,294 1111,294 1111,353 819,353"/>
                    <pc:TextEquiv>
                        <pc:Unicode>Kreutzreich</pc:Unicode>
                    </pc:TextEquiv>
                </pc:Word>
                <pc:Word id="w_w1aab1b1b2b3b3ac69" language="German">
                    <pc:Coords points="1121,292 1200,292 1200,354 1121,354"/>
                    <pc:TextEquiv>
                        <pc:Unicode>(*)</pc:Unicode>
                    </pc:TextEquiv>
                </pc:Word>
                <pc:Word id="w_w1aab1b1b2b3b3ac77" language="German">
                    <pc:Coords points="1217,290 1293,290 1293,352 1217,352"/>
                    <pc:TextEquiv>
                        <pc:Unicode>ſich</pc:Unicode>
                    </pc:TextEquiv>
                </pc:Word>
                <pc:Word id="w_w1aab1b1b2b3b3ac87" language="German">
                    <pc:Coords points="1314,297 1400,297 1400,346 1314,346"/>
                    <pc:TextEquiv>
                        <pc:Unicode>der-</pc:Unicode>
                    </pc:TextEquiv>
                </pc:Word>
                <pc:TextEquiv>
                    <pc:Unicode>hat in dem ſogenanten Kreutzreich (*) ſich der-</pc:Unicode>
                </pc:TextEquiv>
            </pc:TextLine>
            <pc:TextEquiv>
                <pc:Unicode>dert haͤtte. Die ſaͤmtliche Zinzendorfiſche Secte,
hat in dem ſogenanten Kreutzreich (*) ſich der-</pc:Unicode>
            </pc:TextEquiv>
        </pc:TextRegion>
        <pc:TextRegion id="TextRegion_1476108678224_418" type="catch-word" primaryLanguage="German" secondaryLanguage="Latin">
            <pc:Coords points="1414,423 273,423 273,360 1414,360"/>
            <pc:TextLine id="tl_4" primaryLanguage="German">
                <pc:Coords points="1260,359 1402,359 1402,422 1260,422"/>
                <pc:Baseline points="1260,405 1402,405"/>
                <pc:Word id="word_1476108678283_420" language="German">
                    <pc:Coords points="1402,413 1260,413 1260,358 1402,358"/>
                    <pc:TextEquiv>
                        <pc:Unicode>geſtalt</pc:Unicode>
                    </pc:TextEquiv>
                </pc:Word>
                <pc:TextEquiv>
                    <pc:Unicode>geſtalt</pc:Unicode>
                </pc:TextEquiv>
            </pc:TextLine>
            <pc:TextEquiv>
                <pc:Unicode>geſtalt</pc:Unicode>
            </pc:TextEquiv>
        </pc:TextRegion>
        <pc:TextRegion id="TextRegion_1476108611501_417" type="footnote" primaryLanguage="German" secondaryLanguage="Latin">
            <pc:Coords points="331,430 1416,430 1416,1215 1412,1970 1410,2159 465,2159 423,2098 331,847"/>
            <pc:TextLine id="tl_5" primaryLanguage="German">
                <pc:Coords points="342,431 1406,431 1406,558 342,558"/>
                <pc:Baseline points="341,513 1411,513"/>
                <pc:Word id="word_1476108913492_422">
                    <pc:Coords points="345,457 417,457 417,521 345,521"/>
                    <pc:TextEquiv>
                        <pc:Unicode>(*)</pc:Unicode>
                    </pc:TextEquiv>
                </pc:Word>
                <pc:Word id="w_w1aab1b1b2b5b1ab1" language="German">
                    <pc:Coords points="424,461 537,461 537,529 424,529"/>
                    <pc:TextEquiv>
                        <pc:Unicode>Jch</pc:Unicode>
                    </pc:TextEquiv>
                </pc:Word>
                <pc:Word id="w_w1aab1b1b2b5b1ac11" language="German">
                    <pc:Coords points="556,463 663,463 663,519 556,519"/>
                    <pc:TextEquiv>
                        <pc:Unicode>habe</pc:Unicode>
                    </pc:TextEquiv>
                </pc:Word>
                <pc:Word id="w_w1aab1b1b2b5b1ac21" language="German">
                    <pc:Coords points="684,471 770,471 770,510 684,510"/>
                    <pc:TextEquiv>
                        <pc:Unicode>von</pc:Unicode>
                    </pc:TextEquiv>
                </pc:Word>
                <pc:Word id="w_w1aab1b1b2b5b1ac29" language="German">
                    <pc:Coords points="791,457 937,457 937,515 791,515"/>
                    <pc:TextEquiv>
                        <pc:Unicode>dieſem</pc:Unicode>
                    </pc:TextEquiv>
                </pc:Word>
                <pc:Word id="w_w1aab1b1b2b5b1ac43" language="German">
                    <pc:Coords points="958,455 1309,455 1309,515 958,515"/>
                    <pc:TextEquiv>
                        <pc:Unicode>Bekentnisbuch</pc:Unicode>
                    </pc:TextEquiv>
                </pc:Word>
                <pc:Word id="w_w1aab1b1b2b5b1ac69" language="German">
                    <pc:Coords points="1334,464 1400,464 1400,513 1334,513"/>
                    <pc:TextEquiv>
                        <pc:Unicode>der</pc:Unicode>
                    </pc:TextEquiv>
                </pc:Word>
                <pc:TextEquiv>
                    <pc:Unicode>(*) Jch habe von dieſem Bekentnisbuch der</pc:Unicode>
                </pc:TextEquiv>
            </pc:TextLine>
            <pc:TextLine id="tl_6" primaryLanguage="German">
                <pc:Coords points="409,508 1406,508 1406,607 409,607"/>
                <pc:Baseline points="409,575 1408,575"/>
                <pc:Word id="w_w1aab1b1b2b5b3ab1" language="German">
                    <pc:Coords points="409,521 771,521 771,585 409,585"/>
                    <pc:TextEquiv>
                        <pc:Unicode>Herrnhutischen</pc:Unicode>
                    </pc:TextEquiv>
                </pc:Word>
                <pc:Word id="w_w1aab1b1b2b5b3ac31" language="German">
                    <pc:Coords points="792,521 974,521 974,575 792,575"/>
                    <pc:TextEquiv>
                        <pc:Unicode>Sekte,</pc:Unicode>
                    </pc:TextEquiv>
                </pc:Word>
                <pc:Word id="w_w1aab1b1b2b5b3ac45" language="German">
                    <pc:Coords points="1006,518 1163,518 1163,568 1006,568"/>
                    <pc:TextEquiv>
                        <pc:Unicode>bereits</pc:Unicode>
                    </pc:TextEquiv>
                </pc:Word>
                <pc:Word id="w_w1aab1b1b2b5b3ac61" language="German">
                    <pc:Coords points="1190,520 1249,520 1249,568 1190,568"/>
                    <pc:TextEquiv>
                        <pc:Unicode>im</pc:Unicode>
                    </pc:TextEquiv>
                </pc:Word>
                <pc:Word id="w_w1aab1b1b2b5b3ac67" language="German">
                    <pc:Coords points="1270,521 1400,521 1400,580 1270,580"/>
                    <pc:TextEquiv>
                        <pc:Unicode>erſten</pc:Unicode>
                    </pc:TextEquiv>
                </pc:Word>
                <pc:TextEquiv>
                    <pc:Unicode>Herrnhutischen Sekte, bereits im erſten</pc:Unicode>
                </pc:TextEquiv>
            </pc:TextLine>
            <pc:TextLine id="tl_7" primaryLanguage="German">
                <pc:Coords points="409,566 1406,566 1406,680 409,680"/>
                <pc:Baseline points="409,637 1408,637"/>
                <pc:Word id="w_w1aab1b1b2b5b5ab1" language="German">
                    <pc:Coords points="409,586 581,586 581,646 409,646"/>
                    <pc:TextEquiv>
                        <pc:Unicode>Theil/</pc:Unicode>
                    </pc:TextEquiv>
                </pc:Word>
                <pc:Word id="w_w1aab1b1b2b5b5ac13" language="German">
                    <pc:Coords points="599,586 638,586 638,645 599,645"/>
                    <pc:TextEquiv>
                        <pc:Unicode>ſ.</pc:Unicode>
                    </pc:TextEquiv>
                </pc:Word>
                <pc:Word id="word_1476109182254_423" language="German">
                    <pc:Coords points="724,601 724,635 681,635 653,632 653,601"/>
                    <pc:TextEquiv>
                        <pc:Unicode>12.</pc:Unicode>
                    </pc:TextEquiv>
                </pc:Word>
                <pc:Word id="w_w1aab1b1b2b5b5ac29" language="German">
                    <pc:Coords points="732,584 916,584 916,637 732,637"/>
                    <pc:TextEquiv>
                        <pc:Unicode>Not.**</pc:Unicode>
                    </pc:TextEquiv>
                </pc:Word>
                <pc:Word id="w_w1aab1b1b2b5b5ac43" language="German">
                    <pc:Coords points="928,580 1210,580 1210,640 928,640"/>
                    <pc:TextEquiv>
                        <pc:Unicode>Erwehnung</pc:Unicode>
                    </pc:TextEquiv>
                </pc:Word>
                <pc:Word id="w_w1aab1b1b2b5b5ac63" language="German">
                    <pc:Coords points="1223,584 1399,584 1399,644 1223,644"/>
                    <pc:TextEquiv>
                        <pc:Unicode>gethan,</pc:Unicode>
                    </pc:TextEquiv>
                </pc:Word>
                <pc:TextEquiv>
                    <pc:Unicode>Theil/ ſ. 12. Not.** Erwehnung gethan,</pc:Unicode>
                </pc:TextEquiv>
            </pc:TextLine>
            <pc:TextLine id="tl_8" primaryLanguage="German">
                <pc:Coords points="407,632 1409,632 1409,728 407,728"/>
                <pc:Baseline points="403,701 1406,701"/>
                <pc:Word id="w_w1aab1b1b2b5b7ab5" language="German">
                    <pc:Coords points="410,657 502,657 502,702 410,702"/>
                    <pc:TextEquiv>
                        <pc:Unicode>und</pc:Unicode>
                    </pc:TextEquiv>
                </pc:Word>
                <pc:Word id="w_w1aab1b1b2b5b7ac13" language="German">
                    <pc:Coords points="516,646 649,646 649,708 516,708"/>
                    <pc:TextEquiv>
                        <pc:Unicode>dieſen</pc:Unicode>
                    </pc:TextEquiv>
                </pc:Word>
                <pc:Word id="w_w1aab1b1b2b5b7ac27" language="German">
                    <pc:Coords points="664,647 887,647 887,707 664,707"/>
                    <pc:TextEquiv>
                        <pc:Unicode>wichtigen</pc:Unicode>
                    </pc:TextEquiv>
                </pc:Word>
                <pc:Word id="w_w1aab1b1b2b5b7ac47" language="German">
                    <pc:Coords points="895,644 1103,644 1103,704 895,704"/>
                    <pc:TextEquiv>
                        <pc:Unicode>Umſtand</pc:Unicode>
                    </pc:TextEquiv>
                </pc:Word>
                <pc:Word id="w_w1aab1b1b2b5b7ac63" language="German">
                    <pc:Coords points="1116,645 1401,645 1401,705 1116,705"/>
                    <pc:TextEquiv>
                        <pc:Unicode>angemercket,</pc:Unicode>
                    </pc:TextEquiv>
                </pc:Word>
                <pc:TextEquiv>
                    <pc:Unicode>und dieſen wichtigen Umſtand angemercket,</pc:Unicode>
                </pc:TextEquiv>
            </pc:TextLine>
            <pc:TextLine id="tl_9" primaryLanguage="German">
                <pc:Coords points="411,692 1411,692 1411,791 411,791"/>
                <pc:Baseline points="411,765 1410,765"/>
                <pc:Word id="w_w1aab1b1b2b5b9ab1" language="German">
                    <pc:Coords points="411,714 501,714 501,770 411,770"/>
                    <pc:TextEquiv>
                        <pc:Unicode>daß</pc:Unicode>
                    </pc:TextEquiv>
                </pc:Word>
                <pc:Word id="w_w1aab1b1b2b5b9ab9" language="German">
                    <pc:Coords points="518,715 584,715 584,764 518,764"/>
                    <pc:TextEquiv>
                        <pc:Unicode>die</pc:Unicode>
                    </pc:TextEquiv>
                </pc:Word>
                <pc:Word id="w_w1aab1b1b2b5b9ac17" language="German">
                    <pc:Coords points="607,718 752,718 752,773 607,773"/>
                    <pc:TextEquiv>
                        <pc:Unicode>gantze</pc:Unicode>
                    </pc:TextEquiv>
                </pc:Word>
                <pc:Word id="w_w1aab1b1b2b5b9ac31" language="German">
                    <pc:Coords points="770,710 991,710 991,769 770,769"/>
                    <pc:TextEquiv>
                        <pc:Unicode>ſogenante</pc:Unicode>
                    </pc:TextEquiv>
                </pc:Word>
                <pc:Word id="w_w1aab1b1b2b5b9ac49" language="German">
                    <pc:Coords points="1002,705 1177,705 1177,767 1002,767"/>
                    <pc:TextEquiv>
                        <pc:Unicode>Kirche,</pc:Unicode>
                    </pc:TextEquiv>
                </pc:Word>
                <pc:Word id="w_w1aab1b1b2b5b9ac65" language="German">
                    <pc:Coords points="1210,720 1286,720 1286,758 1210,758"/>
                    <pc:TextEquiv>
                        <pc:Unicode>vor</pc:Unicode>
                    </pc:TextEquiv>
                </pc:Word>
                <pc:Word id="w_w1aab1b1b2b5b9ac73" language="German">
                    <pc:Coords points="1305,714 1402,714 1402,763 1305,763"/>
                    <pc:TextEquiv>
                        <pc:Unicode>alles</pc:Unicode>
                    </pc:TextEquiv>
                </pc:Word>
                <pc:TextEquiv>
                    <pc:Unicode>daß die gantze ſogenante Kirche, vor alles</pc:Unicode>
                </pc:TextEquiv>
            </pc:TextLine>
            <pc:TextLine id="tl_10" primaryLanguage="German">
                <pc:Coords points="414,757 1413,757 1413,852 414,852"/>
                <pc:Baseline points="414,829 1410,829"/>
                <pc:Word id="w_w1aab1b1b2b5c11ab1" language="German">
                    <pc:Coords points="414,765 551,765 551,839 414,839"/>
                    <pc:TextEquiv>
                        <pc:Unicode>ſtehen</pc:Unicode>
                    </pc:TextEquiv>
                </pc:Word>
                <pc:Word id="w_w1aab1b1b2b5c11ac15" language="German">
                    <pc:Coords points="575,775 717,775 717,832 575,832"/>
                    <pc:TextEquiv>
                        <pc:Unicode>muß,</pc:Unicode>
                    </pc:TextEquiv>
                </pc:Word>
                <pc:Word id="w_w1aab1b1b2b5c11ac25" language="German">
                    <pc:Coords points="750,781 851,781 851,825 750,825"/>
                    <pc:TextEquiv>
                        <pc:Unicode>was</pc:Unicode>
                    </pc:TextEquiv>
                </pc:Word>
                <pc:Word id="w_w1aab1b1b2b5c11ac33" language="German">
                    <pc:Coords points="872,774 939,774 939,834 872,834"/>
                    <pc:TextEquiv>
                        <pc:Unicode>ihr</pc:Unicode>
                    </pc:TextEquiv>
                </pc:Word>
                <pc:Word id="word_1476109432461_424" language="German">
                    <pc:Coords points="958,769 1225,769 1254,797 1254,824 1225,829 958,829"/>
                    <pc:TextEquiv>
                        <pc:Unicode>Oberhaupt,</pc:Unicode>
                    </pc:TextEquiv>
                </pc:Word>
                <pc:Word id="w_w1aab1b1b2b5c11ac65" language="German">
                    <pc:Coords points="1286,768 1401,768 1401,834 1286,834"/>
                    <pc:TextEquiv>
                        <pc:Unicode>ſogar</pc:Unicode>
                    </pc:TextEquiv>
                </pc:Word>
                <pc:TextEquiv>
                    <pc:Unicode>ſtehen muß, was ihr Oberhaupt, ſogar</pc:Unicode>
                </pc:TextEquiv>
            </pc:TextLine>
            <pc:TextLine id="tl_11" primaryLanguage="German">
                <pc:Coords points="415,824 1411,824 1411,928 415,928"/>
                <pc:Baseline points="415,892 1405,892"/>
                <pc:Word id="w_w1aab1b1b2b7b1ab1" language="German">
                    <pc:Coords points="415,851 503,851 503,894 415,894"/>
                    <pc:TextEquiv>
                        <pc:Unicode>von</pc:Unicode>
                    </pc:TextEquiv>
                </pc:Word>
                <pc:Word id="w_w1aab1b1b2b7b1ab9" language="German">
                    <pc:Coords points="525,839 659,839 659,896 525,896"/>
                    <pc:TextEquiv>
                        <pc:Unicode>ſeinen</pc:Unicode>
                    </pc:TextEquiv>
                </pc:Word>
                <pc:Word id="w_w1aab1b1b2b7b1ac23" language="German">
                    <pc:Coords points="680,835 928,835 928,895 680,895"/>
                    <pc:TextEquiv>
                        <pc:Unicode>beſonderen</pc:Unicode>
                    </pc:TextEquiv>
                </pc:Word>
                <pc:Word id="w_w1aab1b1b2b7b1ac45" language="German">
                    <pc:Coords points="948,830 1197,830 1197,894 948,894"/>
                    <pc:TextEquiv>
                        <pc:Unicode>ſchaͤdlichen</pc:Unicode>
                    </pc:TextEquiv>
                </pc:Word>
                <pc:Word id="w_w1aab1b1b2b7b1ac69" language="German">
                    <pc:Coords points="1210,827 1402,827 1402,920 1210,920"/>
                    <pc:TextEquiv>
                        <pc:Unicode>Wegen,</pc:Unicode>
                    </pc:TextEquiv>
                </pc:Word>
                <pc:TextEquiv>
                    <pc:Unicode>von ſeinen beſonderen ſchaͤdlichen Wegen,</pc:Unicode>
                </pc:TextEquiv>
            </pc:TextLine>
            <pc:TextLine id="tl_12" primaryLanguage="German">
                <pc:Coords points="414,882 1409,882 1409,975 414,975"/>
                <pc:Baseline points="414,954 1406,954"/>
                <pc:Word id="word_1476109459193_426" language="German">
                    <pc:Coords points="613,966 414,966 414,900 613,900"/>
                    <pc:TextEquiv>
                        <pc:Unicode>heillosen</pc:Unicode>
                    </pc:TextEquiv>
                </pc:Word>
                <pc:Word id="word_1476109459191_425" language="German">
                    <pc:Coords points="1045,966 613,966 613,900 1045,900"/>
                    <pc:TextEquiv>
                        <pc:Unicode>Unternehmungen,</pc:Unicode>
                    </pc:TextEquiv>
                </pc:Word>
                <pc:Word id="word_1476109480616_428" language="German">
                    <pc:Coords points="1162,957 1067,957 1067,901 1162,901"/>
                    <pc:TextEquiv>
                        <pc:Unicode>und</pc:Unicode>
                    </pc:TextEquiv>
                </pc:Word>
                <pc:Word id="word_1476109480613_427" language="German">
                    <pc:Coords points="1284,957 1162,957 1162,901 1284,901"/>
                    <pc:TextEquiv>
                        <pc:Unicode>gantz</pc:Unicode>
                    </pc:TextEquiv>
                </pc:Word>
                <pc:Word id="w_w1aab1b1b2b9b1ac67" language="German">
                    <pc:Coords points="1297,889 1399,889 1399,960 1297,960"/>
                    <pc:TextEquiv>
                        <pc:Unicode>blos-</pc:Unicode>
                    </pc:TextEquiv>
                </pc:Word>
                <pc:TextEquiv>
                    <pc:Unicode>heillosen Unternehmungen, und gantz blos-</pc:Unicode>
                </pc:TextEquiv>
            </pc:TextLine>
            <pc:TextLine id="tl_13" primaryLanguage="German">
                <pc:Coords points="415,946 1413,946 1413,1037 415,1037"/>
                <pc:Baseline points="415,1018 1406,1018"/>
                <pc:Word id="w_w1aab1b1b2c11b1ab1" language="German">
                    <pc:Coords points="416,967 620,967 620,1029 416,1029"/>
                    <pc:TextEquiv>
                        <pc:Unicode>geſtellten</pc:Unicode>
                    </pc:TextEquiv>
                </pc:Word>
                <pc:Word id="w_w1aab1b1b2c11b1ac23" language="German">
                    <pc:Coords points="632,965 886,965 886,1024 632,1024"/>
                    <pc:TextEquiv>
                        <pc:Unicode>Argheiten,</pc:Unicode>
                    </pc:TextEquiv>
                </pc:Word>
                <pc:Word id="w_w1aab1b1b2c11b1ac45" language="German">
                    <pc:Coords points="917,963 960,963 960,1012 917,1012"/>
                    <pc:TextEquiv>
                        <pc:Unicode>in</pc:Unicode>
                    </pc:TextEquiv>
                </pc:Word>
                <pc:Word id="w_w1aab1b1b2c11b1ac51" language="German">
                    <pc:Coords points="972,960 1102,960 1102,1020 972,1020"/>
                    <pc:TextEquiv>
                        <pc:Unicode>dieſes</pc:Unicode>
                    </pc:TextEquiv>
                </pc:Word>
                <pc:Word id="w_w1aab1b1b2c11b1ac65" language="German">
                    <pc:Coords points="1113,958 1317,958 1317,1021 1113,1021"/>
                    <pc:TextEquiv>
                        <pc:Unicode>eckelhafte</pc:Unicode>
                    </pc:TextEquiv>
                </pc:Word>
                <pc:Word id="w_w1aab1b1b2c11b1ac87" language="German">
                    <pc:Coords points="1324,967 1404,967 1404,1018 1324,1018"/>
                    <pc:TextEquiv>
                        <pc:Unicode>und</pc:Unicode>
                    </pc:TextEquiv>
                </pc:Word>
                <pc:TextEquiv>
                    <pc:Unicode>geſtellten Argheiten, in dieſes eckelhafte und</pc:Unicode>
                </pc:TextEquiv>
            </pc:TextLine>
            <pc:TextLine id="tl_14" primaryLanguage="German">
                <pc:Coords points="416,1021 1412,1021 1412,1097 416,1097"/>
                <pc:Baseline points="416,1082 1410,1082"/>
                <pc:Word id="w_w1aab1b1b2c11b3ab1" language="German">
                    <pc:Coords points="416,1032 658,1032 658,1082 416,1082"/>
                    <pc:TextEquiv>
                        <pc:Unicode>verwirrete</pc:Unicode>
                    </pc:TextEquiv>
                </pc:Word>
                <pc:Word id="w_w1aab1b1b2c11b3ac21" language="German">
                    <pc:Coords points="671,1026 938,1026 938,1086 671,1086"/>
                    <pc:TextEquiv>
                        <pc:Unicode>Klitterbuch</pc:Unicode>
                    </pc:TextEquiv>
                </pc:Word>
                <pc:Word id="w_w1aab1b1b2c11b3ac45" language="German">
                    <pc:Coords points="963,1026 1230,1026 1230,1084 963,1084"/>
                    <pc:TextEquiv>
                        <pc:Unicode>einzutragen</pc:Unicode>
                    </pc:TextEquiv>
                </pc:Word>
                <pc:Word id="w_w1aab1b1b2c11b3ac69" language="German">
                    <pc:Coords points="1249,1025 1403,1025 1403,1080 1249,1080"/>
                    <pc:TextEquiv>
                        <pc:Unicode>beliebet</pc:Unicode>
                    </pc:TextEquiv>
                </pc:Word>
                <pc:TextEquiv>
                    <pc:Unicode>verwirrete Klitterbuch einzutragen beliebet</pc:Unicode>
                </pc:TextEquiv>
            </pc:TextLine>
            <pc:TextLine id="tl_15" primaryLanguage="German">
                <pc:Coords points="415,1072 1413,1072 1413,1161 415,1161"/>
                <pc:Baseline points="415,1146 1410,1146"/>
                <pc:Word id="w_w1aab1b1b2c11b5ab1" language="German">
                    <pc:Coords points="415,1090 509,1090 509,1155 415,1155"/>
                    <pc:TextEquiv>
                        <pc:Unicode>hat.</pc:Unicode>
                    </pc:TextEquiv>
                </pc:Word>
                <pc:Word id="w_w1aab1b1b2c11b5ac11" language="German">
                    <pc:Coords points="537,1087 639,1087 639,1146 537,1146"/>
                    <pc:TextEquiv>
                        <pc:Unicode>Sie</pc:Unicode>
                    </pc:TextEquiv>
                </pc:Word>
                <pc:Word id="w_w1aab1b1b2c11b5ac19" language="German">
                    <pc:Coords points="653,1083 812,1083 812,1152 653,1152"/>
                    <pc:TextEquiv>
                        <pc:Unicode>muͤſſen</pc:Unicode>
                    </pc:TextEquiv>
                </pc:Word>
                <pc:Word id="w_w1aab1b1b2c11b5ac33" language="German">
                    <pc:Coords points="823,1095 871,1095 871,1137 823,1137"/>
                    <pc:TextEquiv>
                        <pc:Unicode>es</pc:Unicode>
                    </pc:TextEquiv>
                </pc:Word>
                <pc:Word id="w_w1aab1b1b2c11b5ac39" language="German">
                    <pc:Coords points="881,1089 961,1089 961,1140 881,1140"/>
                    <pc:TextEquiv>
                        <pc:Unicode>mit</pc:Unicode>
                    </pc:TextEquiv>
                </pc:Word>
                <pc:Word id="w_w1aab1b1b2c11b5ac47" language="German">
                    <pc:Coords points="971,1091 1127,1091 1127,1143 971,1143"/>
                    <pc:TextEquiv>
                        <pc:Unicode>Mund</pc:Unicode>
                    </pc:TextEquiv>
                </pc:Word>
                <pc:Word id="w_w1aab1b1b2c11b5ac57" language="German">
                    <pc:Coords points="1144,1095 1231,1095 1231,1137 1144,1137"/>
                    <pc:TextEquiv>
                        <pc:Unicode>und</pc:Unicode>
                    </pc:TextEquiv>
                </pc:Word>
                <pc:Word id="w_w1aab1b1b2c11b5ac65" language="German">
                    <pc:Coords points="1241,1087 1403,1087 1403,1150 1241,1150"/>
                    <pc:TextEquiv>
                        <pc:Unicode>Hertzen</pc:Unicode>
                    </pc:TextEquiv>
                </pc:Word>
                <pc:TextEquiv>
                    <pc:Unicode>hat. Sie muͤſſen es mit Mund und Hertzen</pc:Unicode>
                </pc:TextEquiv>
            </pc:TextLine>
            <pc:TextLine id="tl_16" primaryLanguage="German">
                <pc:Coords points="420,1145 1418,1145 1418,1225 420,1225"/>
                <pc:Baseline points="420,1208 1411,1208"/>
                <pc:Word id="w_w1aab1b1b2c11b7ab1" language="German">
                    <pc:Coords points="420,1152 688,1152 688,1216 420,1216"/>
                    <pc:TextEquiv>
                        <pc:Unicode>beſtaͤtigen,</pc:Unicode>
                    </pc:TextEquiv>
                </pc:Word>
                <pc:Word id="w_w1aab1b1b2c11b7ac25" language="German">
                    <pc:Coords points="720,1151 896,1151 896,1214 720,1214"/>
                    <pc:TextEquiv>
                        <pc:Unicode>bejahen</pc:Unicode>
                    </pc:TextEquiv>
                </pc:Word>
                <pc:Word id="w_w1aab1b1b2c11b7ac41" language="German">
                    <pc:Coords points="915,1157 1005,1157 1005,1204 915,1204"/>
                    <pc:TextEquiv>
                        <pc:Unicode>und</pc:Unicode>
                    </pc:TextEquiv>
                </pc:Word>
                <pc:Word id="word_1476109563637_429" language="German">
                    <pc:Coords points="1028,1149 1260,1149 1301,1170 1301,1210 1260,1211 1028,1211"/>
                    <pc:TextEquiv>
                        <pc:Unicode>verbuͤrgen,</pc:Unicode>
                    </pc:TextEquiv>
                </pc:Word>
                <pc:Word id="w_w1aab1b1b2c11b7ac73" language="German">
                    <pc:Coords points="1338,1159 1402,1159 1402,1205 1338,1205"/>
                    <pc:TextEquiv>
                        <pc:Unicode>als</pc:Unicode>
                    </pc:TextEquiv>
                </pc:Word>
                <pc:TextEquiv>
                    <pc:Unicode>beſtaͤtigen, bejahen und verbuͤrgen, als</pc:Unicode>
                </pc:TextEquiv>
            </pc:TextLine>
            <pc:TextLine id="tl_17" primaryLanguage="German">
                <pc:Coords points="418,1210 1416,1210 1416,1294 418,1294"/>
                <pc:Baseline points="418,1273 1412,1273"/>
                <pc:Word id="w_w1aab1b1b2c13b1ab1" language="German">
                    <pc:Coords points="418,1220 566,1220 566,1282 418,1282"/>
                    <pc:TextEquiv>
                        <pc:Unicode>heilige</pc:Unicode>
                    </pc:TextEquiv>
                </pc:Word>
                <pc:Word id="w_w1aab1b1b2c13b1ac17" language="German">
                    <pc:Coords points="580,1217 877,1217 877,1277 580,1277"/>
                    <pc:TextEquiv>
                        <pc:Unicode>Warheiten,</pc:Unicode>
                    </pc:TextEquiv>
                </pc:Word>
                <pc:Word id="word_1476109579864_431" language="German">
                    <pc:Coords points="1002,1277 908,1277 908,1215 1002,1215"/>
                    <pc:TextEquiv>
                        <pc:Unicode>und</pc:Unicode>
                    </pc:TextEquiv>
                </pc:Word>
                <pc:Word id="word_1476109579861_430" language="German">
                    <pc:Coords points="1274,1277 1002,1277 1002,1215 1274,1215"/>
                    <pc:TextEquiv>
                        <pc:Unicode>Bekentniſſe</pc:Unicode>
                    </pc:TextEquiv>
                </pc:Word>
                <pc:Word id="w_w1aab1b1b2c13b1ac67" language="German">
                    <pc:Coords points="1290,1213 1404,1213 1404,1277 1290,1277"/>
                    <pc:TextEquiv>
                        <pc:Unicode>theils</pc:Unicode>
                    </pc:TextEquiv>
                </pc:Word>
                <pc:TextEquiv>
                    <pc:Unicode>heilige Warheiten, und Bekentniſſe theils</pc:Unicode>
                </pc:TextEquiv>
            </pc:TextLine>
            <pc:TextLine id="tl_18" primaryLanguage="German">
                <pc:Coords points="423,1274 1413,1274 1413,1353 423,1353"/>
                <pc:Baseline points="423,1338 1413,1338"/>
                <pc:Word id="w_w1aab1b1b2c15b1ab1" language="German">
                    <pc:Coords points="423,1284 540,1284 540,1347 423,1347"/>
                    <pc:TextEquiv>
                        <pc:Unicode>ihres</pc:Unicode>
                    </pc:TextEquiv>
                </pc:Word>
                <pc:Word id="w_w1aab1b1b2c15b1ac13" language="German">
                    <pc:Coords points="559,1279 981,1279 981,1342 559,1342"/>
                    <pc:TextEquiv>
                        <pc:Unicode>gemeinſchaftlichen</pc:Unicode>
                    </pc:TextEquiv>
                </pc:Word>
                <pc:Word id="w_w1aab1b1b2c15b1ac51" language="German">
                    <pc:Coords points="998,1279 1259,1279 1259,1334 998,1334"/>
                    <pc:TextEquiv>
                        <pc:Unicode>Glaubens,</pc:Unicode>
                    </pc:TextEquiv>
                </pc:Word>
                <pc:Word id="w_w1aab1b1b2c15b1ac71" language="German">
                    <pc:Coords points="1288,1282 1404,1282 1404,1338 1288,1338"/>
                    <pc:TextEquiv>
                        <pc:Unicode>theils</pc:Unicode>
                    </pc:TextEquiv>
                </pc:Word>
                <pc:TextEquiv>
                    <pc:Unicode>ihres gemeinſchaftlichen Glaubens, theils</pc:Unicode>
                </pc:TextEquiv>
            </pc:TextLine>
            <pc:TextLine id="tl_19" primaryLanguage="German">
                <pc:Coords points="422,1327 1414,1327 1414,1409 422,1409"/>
                <pc:Baseline points="422,1401 1408,1401"/>
                <pc:Word id="w_w1aab1b1b2c17b1ab1" language="German">
                    <pc:Coords points="422,1349 539,1349 539,1408 422,1408"/>
                    <pc:TextEquiv>
                        <pc:Unicode>ihres</pc:Unicode>
                    </pc:TextEquiv>
                </pc:Word>
                <pc:Word id="w_w1aab1b1b2c17b1ac13" language="German">
                    <pc:Coords points="571,1332 864,1332 864,1405 571,1405"/>
                    <pc:TextEquiv>
                        <pc:Unicode>planmaͤſigen</pc:Unicode>
                    </pc:TextEquiv>
                </pc:Word>
                <pc:Word id="w_w1aab1b1b2c17b1ac37" language="German">
                    <pc:Coords points="885,1344 1134,1344 1134,1398 885,1398"/>
                    <pc:TextEquiv>
                        <pc:Unicode>Wandels.</pc:Unicode>
                    </pc:TextEquiv>
                </pc:Word>
                <pc:Word id="w_w1aab1b1b2c17b1ac55" language="German">
                    <pc:Coords points="1198,1345 1289,1345 1289,1399 1198,1399"/>
                    <pc:TextEquiv>
                        <pc:Unicode>Sie</pc:Unicode>
                    </pc:TextEquiv>
                </pc:Word>
                <pc:Word id="w_w1aab1b1b2c17b1ac63" language="German">
                    <pc:Coords points="1308,1343 1403,1343 1403,1400 1308,1400"/>
                    <pc:TextEquiv>
                        <pc:Unicode>muͤſ-</pc:Unicode>
                    </pc:TextEquiv>
                </pc:Word>
                <pc:TextEquiv>
                    <pc:Unicode>ihres planmaͤſigen Wandels. Sie muͤſ-</pc:Unicode>
                </pc:TextEquiv>
            </pc:TextLine>
            <pc:TextLine id="tl_20" primaryLanguage="German">
                <pc:Coords points="424,1391 1413,1391 1413,1488 424,1488"/>
                <pc:Baseline points="424,1463 1406,1463"/>
                <pc:Word id="w_w1aab1b1b2c19b1ab1" language="German">
                    <pc:Coords points="424,1405 492,1405 492,1470 424,1470"/>
                    <pc:TextEquiv>
                        <pc:Unicode>ſen</pc:Unicode>
                    </pc:TextEquiv>
                </pc:Word>
                <pc:Word id="w_w1aab1b1b2c19b1ac11" language="German">
                    <pc:Coords points="519,1407 644,1407 644,1469 519,1469"/>
                    <pc:TextEquiv>
                        <pc:Unicode>falſch</pc:Unicode>
                    </pc:TextEquiv>
                </pc:Word>
                <pc:Word id="w_w1aab1b1b2c19b1ac25" language="German">
                    <pc:Coords points="663,1408 856,1408 856,1470 663,1470"/>
                    <pc:TextEquiv>
                        <pc:Unicode>Zeugnis</pc:Unicode>
                    </pc:TextEquiv>
                </pc:Word>
                <pc:Word id="w_w1aab1b1b2c19b1ac41" language="German">
                    <pc:Coords points="876,1415 1030,1415 1030,1461 876,1461"/>
                    <pc:TextEquiv>
                        <pc:Unicode>reden,</pc:Unicode>
                    </pc:TextEquiv>
                </pc:Word>
                <pc:Word id="w_w1aab1b1b2c19b1ac55" language="German">
                    <pc:Coords points="1063,1408 1213,1408 1213,1468 1063,1468"/>
                    <pc:TextEquiv>
                        <pc:Unicode>luͤgen,</pc:Unicode>
                    </pc:TextEquiv>
                </pc:Word>
                <pc:Word id="w_w1aab1b1b2c19b1ac69" language="German">
                    <pc:Coords points="1246,1400 1402,1400 1402,1464 1246,1464"/>
                    <pc:TextEquiv>
                        <pc:Unicode>laͤſtern,</pc:Unicode>
                    </pc:TextEquiv>
                </pc:Word>
                <pc:TextEquiv>
                    <pc:Unicode>ſen falſch Zeugnis reden, luͤgen, laͤſtern,</pc:Unicode>
                </pc:TextEquiv>
            </pc:TextLine>
            <pc:TextLine id="tl_21" primaryLanguage="German">
                <pc:Coords points="423,1456 1417,1456 1417,1550 423,1550"/>
                <pc:Baseline points="423,1527 1410,1527"/>
                <pc:Word id="w_w1aab1b1b2c21b1ab1" language="German">
                    <pc:Coords points="424,1477 515,1477 515,1527 424,1527"/>
                    <pc:TextEquiv>
                        <pc:Unicode>und</pc:Unicode>
                    </pc:TextEquiv>
                </pc:Word>
                <pc:Word id="w_w1aab1b1b2c21b1ab9" language="German">
                    <pc:Coords points="539,1468 776,1468 776,1530 539,1530"/>
                    <pc:TextEquiv>
                        <pc:Unicode>betriegen,</pc:Unicode>
                    </pc:TextEquiv>
                </pc:Word>
                <pc:Word id="w_w1aab1b1b2c21b1ac31" language="German">
                    <pc:Coords points="810,1470 851,1470 851,1529 810,1529"/>
                    <pc:TextEquiv>
                        <pc:Unicode>ſo</pc:Unicode>
                    </pc:TextEquiv>
                </pc:Word>
                <pc:Word id="w_w1aab1b1b2c21b1ac37" language="German">
                    <pc:Coords points="871,1467 932,1467 932,1532 871,1532"/>
                    <pc:TextEquiv>
                        <pc:Unicode>oft</pc:Unicode>
                    </pc:TextEquiv>
                </pc:Word>
                <pc:Word id="w_w1aab1b1b2c21b1ac45" language="German">
                    <pc:Coords points="950,1477 1039,1477 1039,1522 950,1522"/>
                    <pc:TextEquiv>
                        <pc:Unicode>und</pc:Unicode>
                    </pc:TextEquiv>
                </pc:Word>
                <pc:Word id="w_w1aab1b1b2c21b1ac53" language="German">
                    <pc:Coords points="1072,1470 1116,1470 1116,1527 1072,1527"/>
                    <pc:TextEquiv>
                        <pc:Unicode>ſo</pc:Unicode>
                    </pc:TextEquiv>
                </pc:Word>
                <pc:Word id="w_w1aab1b1b2c21b1ac59" language="German">
                    <pc:Coords points="1135,1465 1403,1465 1403,1531 1135,1531"/>
                    <pc:TextEquiv>
                        <pc:Unicode>unverſchaͤmt</pc:Unicode>
                    </pc:TextEquiv>
                </pc:Word>
                <pc:TextEquiv>
                    <pc:Unicode>und betriegen, ſo oft und ſo unverſchaͤmt</pc:Unicode>
                </pc:TextEquiv>
            </pc:TextLine>
            <pc:TextLine id="tl_22" primaryLanguage="German">
                <pc:Coords points="422,1525 1410,1525 1410,1616 422,1616"/>
                <pc:Baseline points="422,1589 1413,1589"/>
                <pc:Word id="w_w1aab1b1b2c21b3ab5" language="German">
                    <pc:Coords points="428,1538 501,1538 501,1587 428,1587"/>
                    <pc:TextEquiv>
                        <pc:Unicode>als</pc:Unicode>
                    </pc:TextEquiv>
                </pc:Word>
                <pc:Word id="w_w1aab1b1b2c21b3ac13" language="German">
                    <pc:Coords points="510,1542 551,1542 551,1585 510,1585"/>
                    <pc:TextEquiv>
                        <pc:Unicode>er</pc:Unicode>
                    </pc:TextEquiv>
                </pc:Word>
                <pc:Word id="w_w1aab1b1b2c21b3ac19" language="German">
                    <pc:Coords points="563,1540 612,1540 612,1584 563,1584"/>
                    <pc:TextEquiv>
                        <pc:Unicode>es</pc:Unicode>
                    </pc:TextEquiv>
                </pc:Word>
                <pc:Word id="w_w1aab1b1b2c21b3ac25" language="German">
                    <pc:Coords points="633,1534 770,1534 770,1593 633,1593"/>
                    <pc:TextEquiv>
                        <pc:Unicode>haben</pc:Unicode>
                    </pc:TextEquiv>
                </pc:Word>
                <pc:Word id="w_w1aab1b1b2c21b3ac37" language="German">
                    <pc:Coords points="791,1538 893,1538 893,1584 791,1584"/>
                    <pc:TextEquiv>
                        <pc:Unicode>will.</pc:Unicode>
                    </pc:TextEquiv>
                </pc:Word>
                <pc:Word id="w_w1aab1b1b2c21b3ac51" language="German">
                    <pc:Coords points="953,1530 1231,1530 1231,1595 953,1595"/>
                    <pc:TextEquiv>
                        <pc:Unicode>Dergleichen</pc:Unicode>
                    </pc:TextEquiv>
                </pc:Word>
                <pc:Word id="w_w1aab1b1b2c21b3ac75" language="German">
                    <pc:Coords points="1249,1534 1403,1534 1403,1603 1249,1603"/>
                    <pc:TextEquiv>
                        <pc:Unicode>blinden</pc:Unicode>
                    </pc:TextEquiv>
                </pc:Word>
                <pc:TextEquiv>
                    <pc:Unicode>als er es haben will. Dergleichen blinden</pc:Unicode>
                </pc:TextEquiv>
            </pc:TextLine>
            <pc:TextLine id="tl_23" primaryLanguage="German">
                <pc:Coords points="425,1585 1408,1585 1408,1676 425,1676"/>
                <pc:Baseline points="425,1654 1408,1654"/>
                <pc:Word id="w_w1aab1b1b2c23b1ab1" language="German">
                    <pc:Coords points="425,1594 690,1594 690,1658 425,1658"/>
                    <pc:TextEquiv>
                        <pc:Unicode>Gehorſam,</pc:Unicode>
                    </pc:TextEquiv>
                </pc:Word>
                <pc:Word id="w_w1aab1b1b2c23b1ac21" language="German">
                    <pc:Coords points="701,1595 805,1595 805,1652 701,1652"/>
                    <pc:TextEquiv>
                        <pc:Unicode>auch</pc:Unicode>
                    </pc:TextEquiv>
                </pc:Word>
                <pc:Word id="w_w1aab1b1b2c23b1ac31" language="German">
                    <pc:Coords points="830,1606 879,1606 879,1658 830,1658"/>
                    <pc:TextEquiv>
                        <pc:Unicode>zu</pc:Unicode>
                    </pc:TextEquiv>
                </pc:Word>
                <pc:Word id="w_w1aab1b1b2c23b1ac37" language="German">
                    <pc:Coords points="898,1592 1101,1592 1101,1657 898,1657"/>
                    <pc:TextEquiv>
                        <pc:Unicode>Suͤnden</pc:Unicode>
                    </pc:TextEquiv>
                </pc:Word>
                <pc:Word id="w_w1aab1b1b2c23b1ac51" language="German">
                    <pc:Coords points="1133,1600 1197,1600 1197,1648 1133,1648"/>
                    <pc:TextEquiv>
                        <pc:Unicode>die</pc:Unicode>
                    </pc:TextEquiv>
                </pc:Word>
                <pc:Word id="w_w1aab1b1b2c23b1ac59" language="German">
                    <pc:Coords points="1216,1600 1275,1600 1275,1648 1216,1648"/>
                    <pc:TextEquiv>
                        <pc:Unicode>ein</pc:Unicode>
                    </pc:TextEquiv>
                </pc:Word>
                <pc:Word id="w_w1aab1b1b2c23b1ac67" language="German">
                    <pc:Coords points="1292,1597 1399,1597 1399,1656 1292,1656"/>
                    <pc:TextEquiv>
                        <pc:Unicode>halb-</pc:Unicode>
                    </pc:TextEquiv>
                </pc:Word>
                <pc:TextEquiv>
                    <pc:Unicode>Gehorſam, auch zu Suͤnden die ein halb-</pc:Unicode>
                </pc:TextEquiv>
            </pc:TextLine>
            <pc:TextLine id="tl_24" primaryLanguage="German">
                <pc:Coords points="425,1642 1408,1642 1408,1738 425,1738"/>
                <pc:Baseline points="425,1718 1411,1718"/>
                <pc:Word id="w_w1aab1b1b2c23b3ab1" language="German">
                    <pc:Coords points="426,1658 714,1658 714,1717 426,1717"/>
                    <pc:TextEquiv>
                        <pc:Unicode>vernuͤnftiger</pc:Unicode>
                    </pc:TextEquiv>
                </pc:Word>
                <pc:Word id="w_w1aab1b1b2c23b3ac27" language="German">
                    <pc:Coords points="739,1655 879,1655 879,1721 739,1721"/>
                    <pc:TextEquiv>
                        <pc:Unicode>Heide</pc:Unicode>
                    </pc:TextEquiv>
                </pc:Word>
                <pc:Word id="w_w1aab1b1b2c23b3ac39" language="German">
                    <pc:Coords points="912,1660 1231,1660 1231,1720 912,1720"/>
                    <pc:TextEquiv>
                        <pc:Unicode>verabſcheuet,</pc:Unicode>
                    </pc:TextEquiv>
                </pc:Word>
                <pc:Word id="w_w1aab1b1b2c23b3ac67" language="German">
                    <pc:Coords points="1258,1663 1341,1663 1341,1712 1258,1712"/>
                    <pc:TextEquiv>
                        <pc:Unicode>und</pc:Unicode>
                    </pc:TextEquiv>
                </pc:Word>
                <pc:Word id="w_w1aab1b1b2c23b3ac75" language="German">
                    <pc:Coords points="1357,1643 1403,1643 1403,1725 1357,1725"/>
                    <pc:TextEquiv>
                        <pc:Unicode>zu</pc:Unicode>
                    </pc:TextEquiv>
                </pc:Word>
                <pc:TextEquiv>
                    <pc:Unicode>vernuͤnftiger Heide verabſcheuet, und zu</pc:Unicode>
                </pc:TextEquiv>
            </pc:TextLine>
            <pc:TextLine id="tl_25" primaryLanguage="German">
                <pc:Coords points="424,1708 1413,1708 1413,1802 424,1802"/>
                <pc:Baseline points="424,1780 1414,1780"/>
                <pc:Word id="w_w1aab1b1b2c23b5ab1" language="German">
                    <pc:Coords points="424,1727 565,1727 565,1777 424,1777"/>
                    <pc:TextEquiv>
                        <pc:Unicode>einem</pc:Unicode>
                    </pc:TextEquiv>
                </pc:Word>
                <pc:Word id="w_w1aab1b1b2c23b5ac13" language="German">
                    <pc:Coords points="587,1717 884,1717 884,1783 587,1783"/>
                    <pc:TextEquiv>
                        <pc:Unicode>erſtaunlichen</pc:Unicode>
                    </pc:TextEquiv>
                </pc:Word>
                <pc:Word id="w_w1aab1b1b2c23b5ac41" language="German">
                    <pc:Coords points="904,1722 1293,1722 1293,1784 904,1784"/>
                    <pc:TextEquiv>
                        <pc:Unicode>Menſchendienſt,</pc:Unicode>
                    </pc:TextEquiv>
                </pc:Word>
                <pc:Word id="w_w1aab1b1b2c23b5ac73" language="German">
                    <pc:Coords points="1321,1724 1406,1724 1406,1774 1321,1774"/>
                    <pc:TextEquiv>
                        <pc:Unicode>wel-</pc:Unicode>
                    </pc:TextEquiv>
                </pc:Word>
                <pc:TextEquiv>
                    <pc:Unicode>einem erſtaunlichen Menſchendienſt, wel-</pc:Unicode>
                </pc:TextEquiv>
            </pc:TextLine>
            <pc:TextLine id="tl_26" primaryLanguage="German">
                <pc:Coords points="424,1766 1411,1766 1411,1856 424,1856"/>
                <pc:Baseline points="424,1844 1409,1844"/>
                <pc:Word id="w_w1aab1b1b2c23b7ab1" language="German">
                    <pc:Coords points="424,1789 517,1789 517,1844 424,1844"/>
                    <pc:TextEquiv>
                        <pc:Unicode>cher</pc:Unicode>
                    </pc:TextEquiv>
                </pc:Word>
                <pc:Word id="w_w1aab1b1b2c23b7ac11" language="German">
                    <pc:Coords points="528,1787 633,1787 633,1846 528,1846"/>
                    <pc:TextEquiv>
                        <pc:Unicode>ohne</pc:Unicode>
                    </pc:TextEquiv>
                </pc:Word>
                <pc:Word id="w_w1aab1b1b2c23b7ac21" language="German">
                    <pc:Coords points="648,1786 973,1786 973,1849 648,1849"/>
                    <pc:TextEquiv>
                        <pc:Unicode>vorausgeſetzte</pc:Unicode>
                    </pc:TextEquiv>
                </pc:Word>
                <pc:Word id="w_w1aab1b1b2c23b7ac51" language="German">
                    <pc:Coords points="984,1787 1292,1787 1292,1851 984,1851"/>
                    <pc:TextEquiv>
                        <pc:Unicode>Unfehlbarkeit</pc:Unicode>
                    </pc:TextEquiv>
                </pc:Word>
                <pc:Word id="w_w1aab1b1b2c23b7ac79" language="German">
                    <pc:Coords points="1301,1787 1402,1787 1402,1836 1301,1836"/>
                    <pc:TextEquiv>
                        <pc:Unicode>eines</pc:Unicode>
                    </pc:TextEquiv>
                </pc:Word>
                <pc:TextEquiv>
                    <pc:Unicode>cher ohne vorausgeſetzte Unfehlbarkeit eines</pc:Unicode>
                </pc:TextEquiv>
            </pc:TextLine>
            <pc:TextLine id="tl_27" primaryLanguage="German">
                <pc:Coords points="424,1829 1408,1829 1408,1918 424,1918"/>
                <pc:Baseline points="424,1907 1410,1907"/>
                <pc:Word id="w_w1aab1b1b2c23b9ab1" language="German">
                    <pc:Coords points="424,1845 719,1845 719,1909 424,1909"/>
                    <pc:TextEquiv>
                        <pc:Unicode>Oberhaupts</pc:Unicode>
                    </pc:TextEquiv>
                </pc:Word>
                <pc:Word id="w_w1aab1b1b2c23b9ac23" language="German">
                    <pc:Coords points="750,1851 862,1851 862,1908 750,1908"/>
                    <pc:TextEquiv>
                        <pc:Unicode>nicht</pc:Unicode>
                    </pc:TextEquiv>
                </pc:Word>
                <pc:Word id="w_w1aab1b1b2c23b9ac35" language="German">
                    <pc:Coords points="894,1851 1073,1851 1073,1912 894,1912"/>
                    <pc:TextEquiv>
                        <pc:Unicode>gedacht</pc:Unicode>
                    </pc:TextEquiv>
                </pc:Word>
                <pc:Word id="w_w1aab1b1b2c23b9ac51" language="German">
                    <pc:Coords points="1115,1856 1279,1856 1279,1905 1115,1905"/>
                    <pc:TextEquiv>
                        <pc:Unicode>werden</pc:Unicode>
                    </pc:TextEquiv>
                </pc:Word>
                <pc:Word id="w_w1aab1b1b2c23b9ac65" language="German">
                    <pc:Coords points="1307,1848 1402,1848 1402,1900 1307,1900"/>
                    <pc:TextEquiv>
                        <pc:Unicode>kan,</pc:Unicode>
                    </pc:TextEquiv>
                </pc:Word>
                <pc:TextEquiv>
                    <pc:Unicode>Oberhaupts nicht gedacht werden kan,</pc:Unicode>
                </pc:TextEquiv>
            </pc:TextLine>
            <pc:TextLine id="tl_28" primaryLanguage="German">
                <pc:Coords points="425,1892 1409,1892 1409,1991 425,1991"/>
                <pc:Baseline points="425,1971 1410,1971"/>
                <pc:Word id="w_w1aab1b1b2c23c11ab1" language="German">
                    <pc:Coords points="425,1915 502,1915 502,1975 425,1975"/>
                    <pc:TextEquiv>
                        <pc:Unicode>(es</pc:Unicode>
                    </pc:TextEquiv>
                </pc:Word>
                <pc:Word id="word_1476109823224_433" language="German">
                    <pc:Coords points="633,1971 511,1971 511,1911 633,1911"/>
                    <pc:TextEquiv>
                        <pc:Unicode>waͤre</pc:Unicode>
                    </pc:TextEquiv>
                </pc:Word>
                <pc:Word id="word_1476109823221_432" language="German">
                    <pc:Coords points="756,1971 633,1971 633,1911 756,1911"/>
                    <pc:TextEquiv>
                        <pc:Unicode>dann</pc:Unicode>
                    </pc:TextEquiv>
                </pc:Word>
                <pc:Word id="w_w1aab1b1b2c23c11ac27" language="German">
                    <pc:Coords points="778,1911 864,1911 864,1971 778,1971"/>
                    <pc:TextEquiv>
                        <pc:Unicode>daß</pc:Unicode>
                    </pc:TextEquiv>
                </pc:Word>
                <pc:Word id="word_1476109847808_435" language="German">
                    <pc:Coords points="948,1976 879,1976 879,1909 948,1909"/>
                    <pc:TextEquiv>
                        <pc:Unicode>die</pc:Unicode>
                    </pc:TextEquiv>
                </pc:Word>
                <pc:Word id="word_1476109847805_434" language="German">
                    <pc:Coords points="1290,1976 948,1976 948,1909 1290,1909"/>
                    <pc:TextEquiv>
                        <pc:Unicode>Kirchenglieder</pc:Unicode>
                    </pc:TextEquiv>
                </pc:Word>
                <pc:Word id="w_w1aab1b1b2c23c11ac71" language="German">
                    <pc:Coords points="1313,1915 1403,1915 1403,1972 1313,1972"/>
                    <pc:TextEquiv>
                        <pc:Unicode>glei-</pc:Unicode>
                    </pc:TextEquiv>
                </pc:Word>
                <pc:TextEquiv>
                    <pc:Unicode>(es waͤre dann daß die Kirchenglieder glei-</pc:Unicode>
                </pc:TextEquiv>
            </pc:TextLine>
            <pc:TextLine id="tl_29" primaryLanguage="German">
                <pc:Coords points="422,1953 1407,1953 1407,2049 422,2049"/>
                <pc:Baseline points="422,2033 1413,2033"/>
                <pc:Word id="w_w1aab1b1b2c25b1ab1" language="German">
                    <pc:Coords points="422,1976 521,1976 521,2037 422,2037"/>
                    <pc:TextEquiv>
                        <pc:Unicode>chen</pc:Unicode>
                    </pc:TextEquiv>
                </pc:Word>
                <pc:Word id="w_w1aab1b1b2c25b1ac11" language="German">
                    <pc:Coords points="532,1975 668,1975 668,2031 532,2031"/>
                    <pc:TextEquiv>
                        <pc:Unicode>Sinn</pc:Unicode>
                    </pc:TextEquiv>
                </pc:Word>
                <pc:Word id="w_w1aab1b1b2c25b1ac21" language="German">
                    <pc:Coords points="689,1977 769,1977 769,2028 689,2028"/>
                    <pc:TextEquiv>
                        <pc:Unicode>mit</pc:Unicode>
                    </pc:TextEquiv>
                </pc:Word>
                <pc:Word id="w_w1aab1b1b2c25b1ac29" language="German">
                    <pc:Coords points="791,1976 909,1976 909,2036 791,2036"/>
                    <pc:TextEquiv>
                        <pc:Unicode>ihren</pc:Unicode>
                    </pc:TextEquiv>
                </pc:Word>
                <pc:Word id="w_w1aab1b1b2c25b1ac41" language="German">
                    <pc:Coords points="917,1975 1135,1975 1135,2039 917,2039"/>
                    <pc:TextEquiv>
                        <pc:Unicode>Anfuͤhrer</pc:Unicode>
                    </pc:TextEquiv>
                </pc:Word>
                <pc:Word id="w_w1aab1b1b2c25b1ac59" language="German">
                    <pc:Coords points="1157,1975 1324,1975 1324,2039 1157,2039"/>
                    <pc:TextEquiv>
                        <pc:Unicode>haͤtten)</pc:Unicode>
                    </pc:TextEquiv>
                </pc:Word>
                <pc:Word id="w_w1aab1b1b2c25b1ac75" language="German">
                    <pc:Coords points="1342,1964 1405,1964 1405,2026 1342,2026"/>
                    <pc:TextEquiv>
                        <pc:Unicode>bis</pc:Unicode>
                    </pc:TextEquiv>
                </pc:Word>
                <pc:TextEquiv>
                    <pc:Unicode>chen Sinn mit ihren Anfuͤhrer haͤtten) bis</pc:Unicode>
                </pc:TextEquiv>
            </pc:TextLine>
            <pc:TextLine id="tl_30" primaryLanguage="German">
                <pc:Coords points="424,2018 1408,2018 1408,2121 424,2121"/>
                <pc:Baseline points="424,2099 1411,2099"/>
                <pc:Word id="w_w1aab1b1b2c27b1ab1" language="German">
                    <pc:Coords points="424,2040 557,2040 557,2101 424,2101"/>
                    <pc:TextEquiv>
                        <pc:Unicode>daher</pc:Unicode>
                    </pc:TextEquiv>
                </pc:Word>
                <pc:Word id="w_w1aab1b1b2c27b1ac13" language="German">
                    <pc:Coords points="577,2041 620,2041 620,2089 577,2089"/>
                    <pc:TextEquiv>
                        <pc:Unicode>in</pc:Unicode>
                    </pc:TextEquiv>
                </pc:Word>
                <pc:Word id="w_w1aab1b1b2c27b1ac19" language="German">
                    <pc:Coords points="632,2037 769,2037 769,2093 632,2093"/>
                    <pc:TextEquiv>
                        <pc:Unicode>keiner</pc:Unicode>
                    </pc:TextEquiv>
                </pc:Word>
                <pc:Word id="w_w1aab1b1b2c27b1ac33" language="German">
                    <pc:Coords points="780,2033 1019,2033 1019,2102 780,2102"/>
                    <pc:TextEquiv>
                        <pc:Unicode>Geſchichte</pc:Unicode>
                    </pc:TextEquiv>
                </pc:Word>
                <pc:Word id="word_1476109903390_437" language="German">
                    <pc:Coords points="1347,2105 1028,2105 1028,2033 1347,2033"/>
                    <pc:TextEquiv>
                        <pc:Unicode>vorgekommen</pc:Unicode>
                    </pc:TextEquiv>
                </pc:Word>
                <pc:Word id="word_1476109903389_436" language="German">
                    <pc:Coords points="1403,2105 1347,2105 1347,2033 1403,2033"/>
                    <pc:TextEquiv>
                        <pc:Unicode>iſt.</pc:Unicode>
                    </pc:TextEquiv>
                </pc:Word>
                <pc:TextEquiv>
                    <pc:Unicode>daher in keiner Geſchichte vorgekommen iſt.</pc:Unicode>
                </pc:TextEquiv>
            </pc:TextLine>
            <pc:TextLine id="tl_31" primaryLanguage="German">
                <pc:Coords points="466,2079 1409,2079 1409,2177 466,2177"/>
                <pc:Baseline points="466,2162 1415,2162"/>
                <pc:Word id="w_w1aab1b1b2c29b1ab1" language="German">
                    <pc:Coords points="466,2099 559,2099 559,2161 466,2161"/>
                    <pc:TextEquiv>
                        <pc:Unicode>Die</pc:Unicode>
                    </pc:TextEquiv>
                </pc:Word>
                <pc:Word id="w_w1aab1b1b2c29b1ab9" language="German">
                    <pc:Coords points="571,2102 709,2102 709,2166 571,2166"/>
                    <pc:TextEquiv>
                        <pc:Unicode>hieher</pc:Unicode>
                    </pc:TextEquiv>
                </pc:Word>
                <pc:Word id="w_w1aab1b1b2c29b1ac23" language="German">
                    <pc:Coords points="730,2099 927,2099 927,2169 730,2169"/>
                    <pc:TextEquiv>
                        <pc:Unicode>gehoͤrige</pc:Unicode>
                    </pc:TextEquiv>
                </pc:Word>
                <pc:Word id="w_w1aab1b1b2c29b1ac41" language="German">
                    <pc:Coords points="937,2095 1058,2095 1058,2162 937,2162"/>
                    <pc:TextEquiv>
                        <pc:Unicode>Orte</pc:Unicode>
                    </pc:TextEquiv>
                </pc:Word>
                <pc:Word id="w_w1aab1b1b2c29b1ac51" language="German">
                    <pc:Coords points="1075,2112 1164,2112 1164,2160 1075,2160"/>
                    <pc:TextEquiv>
                        <pc:Unicode>aus</pc:Unicode>
                    </pc:TextEquiv>
                </pc:Word>
                <pc:Word id="w_w1aab1b1b2c29b1ac59" language="German">
                    <pc:Coords points="1179,2080 1404,2080 1404,2168 1179,2168"/>
                    <pc:TextEquiv>
                        <pc:Unicode>gedachtem</pc:Unicode>
                    </pc:TextEquiv>
                </pc:Word>
                <pc:TextEquiv>
                    <pc:Unicode>Die hieher gehoͤrige Orte aus gedachtem</pc:Unicode>
                </pc:TextEquiv>
            </pc:TextLine>
            <pc:TextEquiv>
                <pc:Unicode>(*) Jch habe von dieſem Bekentnisbuch der
Herrnhutischen Sekte, bereits im erſten
Theil/ ſ. 12. Not.** Erwehnung gethan,
und dieſen wichtigen Umſtand angemercket,
daß die gantze ſogenante Kirche, vor alles
ſtehen muß, was ihr Oberhaupt, ſogar
von ſeinen beſonderen ſchaͤdlichen Wegen,
heillosen Unternehmungen, und gantz blos-
geſtellten Argheiten, in dieſes eckelhafte und
verwirrete Klitterbuch einzutragen beliebet
hat. Sie muͤſſen es mit Mund und Hertzen
beſtaͤtigen, bejahen und verbuͤrgen, als
heilige Warheiten, und Bekentniſſe theils
ihres gemeinſchaftlichen Glaubens, theils
ihres planmaͤſigen Wandels. Sie muͤſ-
ſen falſch Zeugnis reden, luͤgen, laͤſtern,
und betriegen, ſo oft und ſo unverſchaͤmt
als er es haben will. Dergleichen blinden
Gehorſam, auch zu Suͤnden die ein halb-
vernuͤnftiger Heide verabſcheuet, und zu
einem erſtaunlichen Menſchendienſt, wel-
cher ohne vorausgeſetzte Unfehlbarkeit eines
Oberhaupts nicht gedacht werden kan,
(es waͤre dann daß die Kirchenglieder glei-
chen Sinn mit ihren Anfuͤhrer haͤtten) bis
daher in keiner Geſchichte vorgekommen iſt.
Die hieher gehoͤrige Orte aus gedachtem</pc:Unicode>
            </pc:TextEquiv>
        </pc:TextRegion>
        <pc:TextRegion id="TextRegion_1476108523125_412" type="catch-word" primaryLanguage="German" secondaryLanguage="Latin">
            <pc:Coords points="1410,2239 465,2239 465,2160 1410,2160"/>
            <pc:TextLine id="tl_32" primaryLanguage="German">
                <pc:Coords points="1269,2165 1411,2165 1411,2238 1269,2238"/>
                <pc:Baseline points="1269,2236 1413,2236"/>
                <pc:Word id="w_w1aab1b1b2c29b3ab1" language="German">
                    <pc:Coords points="1269,2165 1406,2165 1406,2227 1269,2227"/>
                    <pc:TextEquiv>
                        <pc:Unicode>Buch,</pc:Unicode>
                    </pc:TextEquiv>
                </pc:Word>
                <pc:TextEquiv>
                    <pc:Unicode>Buch,</pc:Unicode>
                </pc:TextEquiv>
            </pc:TextLine>
            <pc:TextEquiv>
                <pc:Unicode>Buch,</pc:Unicode>
            </pc:TextEquiv>
        </pc:TextRegion>
        <pc:SeparatorRegion id="r_4">
            <pc:Coords points="342,427 1406,427 1406,455 342,455"/>
        </pc:SeparatorRegion>
    </pc:Page>
</pc:PcGts>
