<?xml version="1.0" encoding="UTF-8"?>
<pc:PcGts xmlns:pc="http://schema.primaresearch.org/PAGE/gts/pagecontent/2019-07-15" xmlns:xsi="http://www.w3.org/2001/XMLSchema-instance" xsi:schemaLocation="http://schema.primaresearch.org/PAGE/gts/pagecontent/2019-07-15 http://schema.primaresearch.org/PAGE/gts/pagecontent/2019-07-15/pagecontent.xsd">
    <pc:Metadata>
        <pc:Creator>OCR-D</pc:Creator>
        <pc:Created>2016-09-22T15:26:22</pc:Created>
        <pc:LastChange>2019-11-26T10:51:15</pc:LastChange>
    </pc:Metadata>
    <pc:Page imageFilename="OCR-D-IMG/OCR-D-IMG_0003.tif" imageWidth="1820" imageHeight="2530" imageXResolution="300." imageYResolution="300." type="content">
        <pc:Border>
            <pc:Coords points="43,151 1518,150 1509,2246 40,2253"/>
        </pc:Border>
        <pc:ReadingOrder>
            <pc:OrderedGroup id="ro357564684568544579089" caption="Regions reading order">
                <pc:RegionRefIndexed index="0" regionRef="r6"/>
                <pc:RegionRefIndexed index="1" regionRef="TextRegion_1478609974933_1"/>
                <pc:RegionRefIndexed index="2" regionRef="r_2_3"/>
                <pc:RegionRefIndexed index="3" regionRef="r_2_4"/>
                <pc:RegionRefIndexed index="4" regionRef="TextRegion_1479723191715_122"/>
                <pc:RegionRefIndexed index="5" regionRef="r_3_3"/>
            </pc:OrderedGroup>
        </pc:ReadingOrder>
        <pc:Relations>
            <pc:Relation id="rel1" type="join">
                <pc:SourceRegionRef regionRef="r6"/>
                <pc:TargetRegionRef regionRef="TextRegion_1478609974933_1"/>
            </pc:Relation>
        </pc:Relations>
        <pc:TextRegion id="TextRegion_1478609974933_1" type="paragraph">
            <pc:Coords points="290,427 289,197 1335,201 1339,301 1339,723 74,723 69,432 69,416"/>
            <pc:TextLine id="tl_2" primaryLanguage="German">
                <pc:Coords points="281,199 1334,202 1334,326 281,323"/>
                <pc:Baseline points="288,309 1334,303"/>
                <pc:Word id="w1">
                    <pc:Coords points="338,224 338,225 341,225 341,226 343,226 343,227 346,227 346,228 347,228 347,229 349,229 349,230 351,230 351,231 353,231 353,232 355,232 355,233 358,233 358,234 359,234 359,237 360,237 360,238 363,238 363,239 364,239 364,241 365,241 365,243 366,243 366,246 368,246 368,249 369,249 369,251 370,251 370,252 371,252 371,261 372,261 372,269 371,269 371,275 370,275 370,276 369,276 369,277 368,277 368,278 367,278 367,280 366,280 366,281 365,281 365,282 364,282 364,283 363,283 363,285 361,285 361,286 360,286 360,287 359,287 359,290 357,290 357,291 356,291 356,292 355,292 355,293 353,293 353,295 352,295 352,296 351,296 351,297 349,297 349,299 348,299 348,301 344,301 344,302 343,302 343,304 342,304 342,305 341,305 341,306 340,306 340,307 339,307 339,308 338,308 338,309 336,309 336,308 301,308 301,307 300,307 300,303 298,303 298,302 297,302 297,301 296,301 296,300 295,300 295,299 294,299 294,298 293,298 293,285 292,285 292,283 291,283 291,270 290,270 290,253 291,253 291,252 295,252 295,251 296,251 296,250 297,250 297,249 300,249 300,248 301,248 301,247 303,247 303,246 304,246 304,244 306,244 306,243 310,243 310,240 311,240 311,239 312,239 312,238 314,238 314,237 317,237 317,236 320,236 320,235 322,235 322,234 323,234 323,231 324,231 324,229 326,229 326,228 327,228 327,227 328,227 328,226 329,226 329,225 330,225 330,224"/>
                    <pc:TextEquiv>
                        <pc:Unicode>O</pc:Unicode>
                    </pc:TextEquiv>
                </pc:Word>
                <pc:Word id="w_w1aab1b3b2b1b1ab1">
                    <pc:Coords points="389,219 490,219 490,311 389,311"/>
                    <pc:TextEquiv>
                        <pc:Unicode>die</pc:Unicode>
                    </pc:TextEquiv>
                </pc:Word>
                <pc:Word id="w_w1aab1b3b2b1b1ab9">
                    <pc:Coords points="501,220 734,220 734,324 501,324"/>
                    <pc:TextEquiv>
                        <pc:Unicode>iunger</pc:Unicode>
                    </pc:TextEquiv>
                </pc:Word>
                <pc:Word id="w_w1aab1b3b2b1b1ac23">
                    <pc:Coords points="745,207 976,207 976,312 745,312"/>
                    <pc:TextEquiv>
                        <pc:Unicode>Chriſti</pc:Unicode>
                    </pc:TextEquiv>
                </pc:Word>
                <pc:Word id="w_w1aab1b3b2b1b1ac39">
                    <pc:Coords points="986,203 1190,203 1190,305 986,305"/>
                    <pc:TextEquiv>
                        <pc:Unicode>bathē</pc:Unicode>
                    </pc:TextEquiv>
                </pc:Word>
                <pc:Word id="w_w1aab1b3b2b1b1ac51">
                    <pc:Coords points="1196,204 1334,204 1334,291 1196,291"/>
                    <pc:TextEquiv>
                        <pc:Unicode>das</pc:Unicode>
                    </pc:TextEquiv>
                </pc:Word>
                <pc:TextEquiv>
                    <pc:Unicode>O die iunger Chriſti bathē das</pc:Unicode>
                </pc:TextEquiv>
            </pc:TextLine>
            <pc:TextLine id="tl_3" primaryLanguage="German">
                <pc:Coords points="279,298 1336,302 1336,383 279,379"/>
                <pc:Baseline points="290,372 1336,366"/>
                <pc:Word id="word_1479723267226_124">
                    <pc:Coords points="337,381 288,381 288,330 337,330"/>
                    <pc:TextEquiv>
                        <pc:Unicode>er</pc:Unicode>
                    </pc:TextEquiv>
                </pc:Word>
                <pc:Word id="word_1479723271057_126">
                    <pc:Coords points="397,381 337,381 337,310 397,310"/>
                    <pc:TextEquiv>
                        <pc:Unicode>ſie</pc:Unicode>
                    </pc:TextEquiv>
                </pc:Word>
                <pc:Word id="word_1479723275513_128">
                    <pc:Coords points="506,381 397,381 397,310 506,310"/>
                    <pc:TextEquiv>
                        <pc:Unicode>leret</pc:Unicode>
                    </pc:TextEquiv>
                </pc:Word>
                <pc:Word id="word_1479723275512_127">
                    <pc:Coords points="989,381 506,381 506,310 989,310"/>
                    <pc:TextEquiv>
                        <pc:Unicode>bethē/ ſagt er/Wan yr</pc:Unicode>
                    </pc:TextEquiv>
                </pc:Word>
                <pc:Word id="w_w1aab1b3b2b3b1b3b1">
                    <pc:Coords points="1005,306 1271,306 1271,362 1005,362"/>
                    <pc:TextEquiv>
                        <pc:Unicode>bethet/ solt</pc:Unicode>
                    </pc:TextEquiv>
                </pc:Word>
                <pc:Word id="w_w1aab1b3b2b3b1b4b1">
                    <pc:Coords points="1287,316 1336,316 1336,360 1287,360"/>
                    <pc:TextEquiv>
                        <pc:Unicode>yr</pc:Unicode>
                    </pc:TextEquiv>
                </pc:Word>
                <pc:TextEquiv>
                    <pc:Unicode>er ſie leret bethē/ ſagt er/Wan yr bethet/ solt yr</pc:Unicode>
                </pc:TextEquiv>
            </pc:TextLine>
            <pc:TextLine id="tl_4" primaryLanguage="German">
                <pc:Coords points="280,363 1332,363 1332,432 280,432"/>
                <pc:Baseline points="291,422 1332,422"/>
                <pc:Word id="w_w1aab1b3b2b3b3ab1">
                    <pc:Coords points="291,387 355,387 355,428 291,428"/>
                    <pc:TextEquiv>
                        <pc:Unicode>nit</pc:Unicode>
                    </pc:TextEquiv>
                </pc:Word>
                <pc:Word id="w_w1aab1b3b2b3b3ab9">
                    <pc:Coords points="362,385 419,385 419,428 362,428"/>
                    <pc:TextEquiv>
                        <pc:Unicode>vil</pc:Unicode>
                    </pc:TextEquiv>
                </pc:Word>
                <pc:Word id="w_w1aab1b3b2b3b3ac17">
                    <pc:Coords points="430,385 539,385 539,425 430,425"/>
                    <pc:TextEquiv>
                        <pc:Unicode>woꝛt</pc:Unicode>
                    </pc:TextEquiv>
                </pc:Word>
                <pc:Word id="w_w1aab1b3b2b3b3ac27">
                    <pc:Coords points="547,374 815,374 815,430 547,430"/>
                    <pc:TextEquiv>
                        <pc:Unicode>machen/ als</pc:Unicode>
                    </pc:TextEquiv>
                </pc:Word>
                <pc:Word id="w_w1aab1b3b2b3b3ac49">
                    <pc:Coords points="827,372 896,372 896,413 827,413"/>
                    <pc:TextEquiv>
                        <pc:Unicode>die</pc:Unicode>
                    </pc:TextEquiv>
                </pc:Word>
                <pc:Word id="w_w1aab1b3b2b3b3ac57">
                    <pc:Coords points="906,368 1038,368 1038,420 906,420"/>
                    <pc:TextEquiv>
                        <pc:Unicode>heydē</pc:Unicode>
                    </pc:TextEquiv>
                </pc:Word>
                <pc:Word id="word_1479723326545_130">
                    <pc:Coords points="1264,419 1048,419 1048,365 1264,365"/>
                    <pc:TextEquiv>
                        <pc:Unicode>thun/ die</pc:Unicode>
                    </pc:TextEquiv>
                </pc:Word>
                <pc:Word id="word_1479723326544_129">
                    <pc:Coords points="1332,419 1264,419 1264,365 1332,365"/>
                    <pc:TextEquiv>
                        <pc:Unicode>do</pc:Unicode>
                    </pc:TextEquiv>
                </pc:Word>
                <pc:TextEquiv>
                    <pc:Unicode>nit vil woꝛt machen/ als die heydē thun/ die do</pc:Unicode>
                </pc:TextEquiv>
            </pc:TextLine>
            <pc:TextLine id="tl_5" primaryLanguage="German">
                <pc:Coords points="75,429 1335,429 1335,495 75,495"/>
                <pc:Baseline points="75,480 1335,480"/>
                <pc:Word id="w_w1aab1b3b2b3b5ab1">
                    <pc:Coords points="75,433 286,433 286,492 75,492"/>
                    <pc:TextEquiv>
                        <pc:Unicode>meinē/ ſie</pc:Unicode>
                    </pc:TextEquiv>
                </pc:Word>
                <pc:Word id="w_w1aab1b3b2b3b5ac21">
                    <pc:Coords points="294,445 435,445 435,484 294,484"/>
                    <pc:TextEquiv>
                        <pc:Unicode>werdē</pc:Unicode>
                    </pc:TextEquiv>
                </pc:Word>
                <pc:Word id="w_w1aab1b3b2b3b5ac33">
                    <pc:Coords points="445,438 733,438 733,492 445,492"/>
                    <pc:TextEquiv>
                        <pc:Unicode>erhoꝛet/ wan</pc:Unicode>
                    </pc:TextEquiv>
                </pc:Word>
                <pc:Word id="w_w1aab1b3b2b3b5ac57">
                    <pc:Coords points="745,428 797,428 797,483 745,483"/>
                    <pc:TextEquiv>
                        <pc:Unicode>ſie</pc:Unicode>
                    </pc:TextEquiv>
                </pc:Word>
                <pc:Word id="w_w1aab1b3b2b3b5ac65">
                    <pc:Coords points="805,429 859,429 859,472 805,472"/>
                    <pc:TextEquiv>
                        <pc:Unicode>vil</pc:Unicode>
                    </pc:TextEquiv>
                </pc:Word>
                <pc:Word id="w_w1aab1b3b2b3b5ac73">
                    <pc:Coords points="868,430 978,430 978,469 868,469"/>
                    <pc:TextEquiv>
                        <pc:Unicode>woꝛt</pc:Unicode>
                    </pc:TextEquiv>
                </pc:Word>
                <pc:Word id="w_w1aab1b3b2b3b5ac83">
                    <pc:Coords points="986,421 1148,421 1148,472 986,472"/>
                    <pc:TextEquiv>
                        <pc:Unicode>machē.</pc:Unicode>
                    </pc:TextEquiv>
                </pc:Word>
                <pc:Word id="w_w1aab1b3b2b3b5ac97">
                    <pc:Coords points="1160,418 1335,418 1335,467 1160,467"/>
                    <pc:TextEquiv>
                        <pc:Unicode>Darūb</pc:Unicode>
                    </pc:TextEquiv>
                </pc:Word>
                <pc:TextEquiv>
                    <pc:Unicode>meinē/ ſie werdē erhoꝛet/ wan ſie vil woꝛt machē. Darūb</pc:Unicode>
                </pc:TextEquiv>
            </pc:TextLine>
            <pc:TextLine id="tl_6" primaryLanguage="German">
                <pc:Coords points="87,477 1335,477 1335,553 87,553"/>
                <pc:Baseline points="87,537 1335,537"/>
                <pc:Word id="word_1479723344930_132">
                    <pc:Coords points="162,551 87,551 87,487 162,487"/>
                    <pc:TextEquiv>
                        <pc:Unicode>ſolt</pc:Unicode>
                    </pc:TextEquiv>
                </pc:Word>
                <pc:Word id="word_1479723353225_134">
                    <pc:Coords points="220,551 162,551 162,487 220,487"/>
                    <pc:TextEquiv>
                        <pc:Unicode>yr</pc:Unicode>
                    </pc:TextEquiv>
                </pc:Word>
                <pc:Word id="word_1479723357041_136">
                    <pc:Coords points="336,551 220,551 220,487 336,487"/>
                    <pc:TextEquiv>
                        <pc:Unicode>euch</pc:Unicode>
                    </pc:TextEquiv>
                </pc:Word>
                <pc:Word id="word_1479723361105_138">
                    <pc:Coords points="430,551 336,551 336,487 430,487"/>
                    <pc:TextEquiv>
                        <pc:Unicode>den</pc:Unicode>
                    </pc:TextEquiv>
                </pc:Word>
                <pc:Word id="word_1479723361105_137">
                    <pc:Coords points="566,551 430,551 430,487 566,487"/>
                    <pc:TextEquiv>
                        <pc:Unicode>ſelben</pc:Unicode>
                    </pc:TextEquiv>
                </pc:Word>
                <pc:Word id="word_1479723406257_140">
                    <pc:Coords points="649,544 580,544 580,482 649,482"/>
                    <pc:TextEquiv>
                        <pc:Unicode>nit</pc:Unicode>
                    </pc:TextEquiv>
                </pc:Word>
                <pc:Word id="word_1479723423017_142">
                    <pc:Coords points="862,544 649,544 649,482 862,482"/>
                    <pc:TextEquiv>
                        <pc:Unicode>gleichen.</pc:Unicode>
                    </pc:TextEquiv>
                </pc:Word>
                <pc:Word id="word_1479723426969_144">
                    <pc:Coords points="995,544 862,544 862,482 995,482"/>
                    <pc:TextEquiv>
                        <pc:Unicode>Dan</pc:Unicode>
                    </pc:TextEquiv>
                </pc:Word>
                <pc:Word id="word_1479723426968_143">
                    <pc:Coords points="1110,544 995,544 995,482 1110,482"/>
                    <pc:TextEquiv>
                        <pc:Unicode>ewer</pc:Unicode>
                    </pc:TextEquiv>
                </pc:Word>
                <pc:Word id="w_w1aab1b3b2b3b7ac81">
                    <pc:Coords points="1129,483 1241,483 1241,520 1129,520"/>
                    <pc:TextEquiv>
                        <pc:Unicode>vater</pc:Unicode>
                    </pc:TextEquiv>
                </pc:Word>
                <pc:Word id="w_w1aab1b3b2b3b7ac93">
                    <pc:Coords points="1259,484 1335,484 1335,521 1259,521"/>
                    <pc:TextEquiv>
                        <pc:Unicode>der</pc:Unicode>
                    </pc:TextEquiv>
                </pc:Word>
                <pc:TextEquiv>
                    <pc:Unicode>ſolt yr euch den ſelben nit gleichen. Dan ewer vater der</pc:Unicode>
                </pc:TextEquiv>
            </pc:TextLine>
            <pc:TextLine id="tl_7" primaryLanguage="German">
                <pc:Coords points="86,530 1338,530 1338,610 86,610"/>
                <pc:Baseline points="86,591 1338,591"/>
                <pc:Word id="w_w1aab1b3b2b3b9ab1">
                    <pc:Coords points="86,549 142,549 142,588 86,588"/>
                    <pc:TextEquiv>
                        <pc:Unicode>im</pc:Unicode>
                    </pc:TextEquiv>
                </pc:Word>
                <pc:Word id="w_w1aab1b3b2b3b9ab7">
                    <pc:Coords points="150,550 278,550 278,598 150,598"/>
                    <pc:TextEquiv>
                        <pc:Unicode>himel</pc:Unicode>
                    </pc:TextEquiv>
                </pc:Word>
                <pc:Word id="w_w1aab1b3b2b3b9ac19">
                    <pc:Coords points="287,554 475,554 475,608 287,608"/>
                    <pc:TextEquiv>
                        <pc:Unicode>iſt/ weis</pc:Unicode>
                    </pc:TextEquiv>
                </pc:Word>
                <pc:Word id="w_w1aab1b3b2b3b9ac37">
                    <pc:Coords points="486,552 704,552 704,600 486,600"/>
                    <pc:TextEquiv>
                        <pc:Unicode>wol/ was</pc:Unicode>
                    </pc:TextEquiv>
                </pc:Word>
                <pc:Word id="word_1479723459193_146">
                    <pc:Coords points="764,597 715,597 715,532 764,532"/>
                    <pc:TextEquiv>
                        <pc:Unicode>yr</pc:Unicode>
                    </pc:TextEquiv>
                </pc:Word>
                <pc:Word id="word_1479723459192_145">
                    <pc:Coords points="1075,597 764,597 764,532 1075,532"/>
                    <pc:TextEquiv>
                        <pc:Unicode>bedurffet/ ehe</pc:Unicode>
                    </pc:TextEquiv>
                </pc:Word>
                <pc:Word id="w_w1aab1b3b2b3b9b1b1">
                    <pc:Coords points="1088,543 1133,543 1133,585 1088,585"/>
                    <pc:TextEquiv>
                        <pc:Unicode>yr</pc:Unicode>
                    </pc:TextEquiv>
                </pc:Word>
                <pc:Word id="w_w1aab1b3b2b3b9b3b1">
                    <pc:Coords points="1142,535 1184,535 1184,575 1142,575"/>
                    <pc:TextEquiv>
                        <pc:Unicode>in</pc:Unicode>
                    </pc:TextEquiv>
                </pc:Word>
                <pc:Word id="w_w1aab1b3b2b3b9b3b7">
                    <pc:Coords points="1195,533 1337,533 1337,574 1195,574"/>
                    <pc:TextEquiv>
                        <pc:Unicode>bittet,</pc:Unicode>
                    </pc:TextEquiv>
                </pc:Word>
                <pc:TextEquiv>
                    <pc:Unicode>im himel iſt/ weis wol/ was yr bedurffet/ ehe yr in bittet,</pc:Unicode>
                </pc:TextEquiv>
            </pc:TextLine>
            <pc:TextLine id="tl_8" primaryLanguage="German">
                <pc:Coords points="86,587 1333,587 1333,682 86,682"/>
                <pc:Baseline points="86,650 1333,650"/>
                <pc:Word id="w_w1aab1b3b2b3c11ab1">
                    <pc:Coords points="86,600 252,600 252,682 86,682"/>
                    <pc:TextEquiv>
                        <pc:Unicode>Darūb</pc:Unicode>
                    </pc:TextEquiv>
                </pc:Word>
                <pc:Word id="w_w1aab1b3b2b3c11ac15">
                    <pc:Coords points="262,609 341,609 341,664 262,664"/>
                    <pc:TextEquiv>
                        <pc:Unicode>ſolt</pc:Unicode>
                    </pc:TextEquiv>
                </pc:Word>
                <pc:Word id="word_1479723477057_148">
                    <pc:Coords points="403,663 349,663 349,606 403,606"/>
                    <pc:TextEquiv>
                        <pc:Unicode>yr</pc:Unicode>
                    </pc:TextEquiv>
                </pc:Word>
                <pc:Word id="word_1479723477057_147">
                    <pc:Coords points="492,663 403,663 403,606 492,606"/>
                    <pc:TextEquiv>
                        <pc:Unicode>alſo</pc:Unicode>
                    </pc:TextEquiv>
                </pc:Word>
                <pc:Word id="w_w1aab1b3b2b3c11ac39">
                    <pc:Coords points="503,603 762,603 762,658 503,658"/>
                    <pc:TextEquiv>
                        <pc:Unicode>betē/ Vater</pc:Unicode>
                    </pc:TextEquiv>
                </pc:Word>
                <pc:Word id="word_1479723489889_150">
                    <pc:Coords points="924,650 774,650 774,594 924,594"/>
                    <pc:TextEquiv>
                        <pc:Unicode>vnnſer</pc:Unicode>
                    </pc:TextEquiv>
                </pc:Word>
                <pc:Word id="word_1479723493497_152">
                    <pc:Coords points="1009,650 924,650 924,594 1009,594"/>
                    <pc:TextEquiv>
                        <pc:Unicode>der</pc:Unicode>
                    </pc:TextEquiv>
                </pc:Word>
                <pc:Word id="word_1479723493497_151">
                    <pc:Coords points="1074,650 1009,650 1009,594 1074,594"/>
                    <pc:TextEquiv>
                        <pc:Unicode>du</pc:Unicode>
                    </pc:TextEquiv>
                </pc:Word>
                <pc:Word id="w_w1aab1b3b2b3c11ac85">
                    <pc:Coords points="1084,588 1165,588 1165,643 1084,643"/>
                    <pc:TextEquiv>
                        <pc:Unicode>biſt</pc:Unicode>
                    </pc:TextEquiv>
                </pc:Word>
                <pc:Word id="w_w1aab1b3b2b3c11ac95">
                    <pc:Coords points="1175,589 1218,589 1218,632 1175,632"/>
                    <pc:TextEquiv>
                        <pc:Unicode>in</pc:Unicode>
                    </pc:TextEquiv>
                </pc:Word>
                <pc:Word id="w_w1aab1b3b2b3c11ad101">
                    <pc:Coords points="1230,593 1333,593 1333,632 1230,632"/>
                    <pc:TextEquiv>
                        <pc:Unicode>dem</pc:Unicode>
                    </pc:TextEquiv>
                </pc:Word>
                <pc:TextEquiv>
                    <pc:Unicode>Darūb ſolt yr alſo betē/ Vater vnnſer der du biſt in dem</pc:Unicode>
                </pc:TextEquiv>
            </pc:TextLine>
            <pc:TextLine id="tl_9" primaryLanguage="German">
                <pc:Coords points="85,651 856,651 856,722 85,722"/>
                <pc:Baseline points="85,708 856,708"/>
                <pc:Word id="w_w1aab1b3b2b3c13ab1">
                    <pc:Coords points="85,657 446,657 446,721 85,721"/>
                    <pc:TextEquiv>
                        <pc:Unicode>himel/ geheiliget</pc:Unicode>
                    </pc:TextEquiv>
                </pc:Word>
                <pc:Word id="w_w1aab1b3b2b3c13ac35">
                    <pc:Coords points="454,669 561,669 561,706 454,706"/>
                    <pc:TextEquiv>
                        <pc:Unicode>wert</pc:Unicode>
                    </pc:TextEquiv>
                </pc:Word>
                <pc:Word id="w_w1aab1b3b2b3c13ac45">
                    <pc:Coords points="570,661 667,661 667,705 570,705"/>
                    <pc:TextEquiv>
                        <pc:Unicode>dein</pc:Unicode>
                    </pc:TextEquiv>
                </pc:Word>
                <pc:Word id="w_w1aab1b3b2b3c13ac55">
                    <pc:Coords points="676,665 779,665 779,701 676,701"/>
                    <pc:TextEquiv>
                        <pc:Unicode>nam</pc:Unicode>
                    </pc:TextEquiv>
                </pc:Word>
                <pc:Word id="w_w1aab1b3b2b3c13ac63">
                    <pc:Coords points="796,664 855,664 855,697 796,697"/>
                    <pc:TextEquiv>
                        <pc:Unicode>ꝛc.</pc:Unicode>
                    </pc:TextEquiv>
                </pc:Word>
                <pc:TextEquiv>
                    <pc:Unicode>himel/ geheiliget wert dein nam ꝛc.</pc:Unicode>
                </pc:TextEquiv>
            </pc:TextLine>
            <pc:TextEquiv>
                <pc:Unicode>O die iunger Chriſti bathē das
er ſie leret bethē/ ſagt er/Wan yr bethet/ solt yr
nit vil woꝛt machen/ als die heydē thun/ die do
meinē/ ſie werdē erhoꝛet/ wan ſie vil woꝛt machē. Darūb
ſolt yr euch den ſelben nit gleichen. Dan ewer vater der
im himel iſt/ weis wol/ was yr bedurffet/ ehe yr in bittet,
Darūb ſolt yr alſo betē/ Vater vnnſer der du biſt in dem
himel/ geheiliget wert dein nam ꝛc.</pc:Unicode>
            </pc:TextEquiv>
        </pc:TextRegion>
        <pc:TextRegion id="r_2_3" type="paragraph">
            <pc:Coords points="86,704 1339,704 1339,894 86,894"/>
            <pc:TextLine id="tl_10" primaryLanguage="German">
                <pc:Coords points="89,705 1336,705 1336,778 89,778"/>
                <pc:Baseline points="89,764 1336,764"/>
                <pc:Word id="w_w1aab1b3b2b5b1ab1">
                    <pc:Coords points="89,715 246,715 246,776 89,776"/>
                    <pc:TextEquiv>
                        <pc:Unicode>Auſz</pc:Unicode>
                    </pc:TextEquiv>
                </pc:Word>
                <pc:Word id="w_w1aab1b3b2b5b1ac17">
                    <pc:Coords points="256,721 389,721 389,776 256,776"/>
                    <pc:TextEquiv>
                        <pc:Unicode>dieſen</pc:Unicode>
                    </pc:TextEquiv>
                </pc:Word>
                <pc:Word id="w_w1aab1b3b2b5b1ac31">
                    <pc:Coords points="402,725 532,725 532,766 402,766"/>
                    <pc:TextEquiv>
                        <pc:Unicode>woꝛtē</pc:Unicode>
                    </pc:TextEquiv>
                </pc:Word>
                <pc:Word id="w_w1aab1b3b2b5b1ac43">
                    <pc:Coords points="541,714 876,714 876,772 541,772"/>
                    <pc:TextEquiv>
                        <pc:Unicode>Chriſti/ lernen</pc:Unicode>
                    </pc:TextEquiv>
                </pc:Word>
                <pc:Word id="w_w1aab1b3b2b5b1ac73">
                    <pc:Coords points="888,710 1130,710 1130,765 888,765"/>
                    <pc:TextEquiv>
                        <pc:Unicode>wir/ beyde</pc:Unicode>
                    </pc:TextEquiv>
                </pc:Word>
                <pc:Word id="w_w1aab1b3b2b5b1ac93">
                    <pc:Coords points="1149,706 1259,706 1259,748 1149,748"/>
                    <pc:TextEquiv>
                        <pc:Unicode>woꝛt</pc:Unicode>
                    </pc:TextEquiv>
                </pc:Word>
                <pc:Word id="w_w1aab1b3b2b5b1ad103">
                    <pc:Coords points="1276,709 1336,709 1336,744 1276,744"/>
                    <pc:TextEquiv>
                        <pc:Unicode>vñ</pc:Unicode>
                    </pc:TextEquiv>
                </pc:Word>
                <pc:TextEquiv>
                    <pc:Unicode>Auſz dieſen woꝛtē Chriſti/ lernen wir/ beyde woꝛt vñ</pc:Unicode>
                </pc:TextEquiv>
            </pc:TextLine>
            <pc:TextLine id="tl_11" primaryLanguage="German">
                <pc:Coords points="88,751 1338,751 1338,836 88,836"/>
                <pc:Baseline points="88,822 1338,822"/>
                <pc:Word id="w_w1aab1b3b2b5b3ab1">
                    <pc:Coords points="88,776 306,776 306,833 88,833"/>
                    <pc:TextEquiv>
                        <pc:Unicode>weis/ das</pc:Unicode>
                    </pc:TextEquiv>
                </pc:Word>
                <pc:Word id="w_w1aab1b3b2b5b3ac19">
                    <pc:Coords points="316,780 591,780 591,834 316,834"/>
                    <pc:TextEquiv>
                        <pc:Unicode>iſt/ wie/ vnd</pc:Unicode>
                    </pc:TextEquiv>
                </pc:Word>
                <pc:Word id="w_w1aab1b3b2b5b3ac43">
                    <pc:Coords points="603,784 705,784 705,819 603,819"/>
                    <pc:TextEquiv>
                        <pc:Unicode>was</pc:Unicode>
                    </pc:TextEquiv>
                </pc:Word>
                <pc:Word id="word_1479723525385_154">
                    <pc:Coords points="801,817 717,817 717,770 801,770"/>
                    <pc:TextEquiv>
                        <pc:Unicode>wir</pc:Unicode>
                    </pc:TextEquiv>
                </pc:Word>
                <pc:Word id="word_1479723525384_153">
                    <pc:Coords points="924,817 801,817 801,770 924,770"/>
                    <pc:TextEquiv>
                        <pc:Unicode>beten</pc:Unicode>
                    </pc:TextEquiv>
                </pc:Word>
                <pc:Word id="w_w1aab1b3b2b5b3ac69">
                    <pc:Coords points="937,767 1216,767 1216,825 937,825"/>
                    <pc:TextEquiv>
                        <pc:Unicode>ſollen/ vnnd</pc:Unicode>
                    </pc:TextEquiv>
                </pc:Word>
                <pc:Word id="w_w1aab1b3b2b5b3ac93">
                    <pc:Coords points="1229,751 1338,751 1338,811 1229,811"/>
                    <pc:TextEquiv>
                        <pc:Unicode>dieſe</pc:Unicode>
                    </pc:TextEquiv>
                </pc:Word>
                <pc:TextEquiv>
                    <pc:Unicode>weis/ das iſt/ wie/ vnd was wir beten ſollen/ vnnd dieſe</pc:Unicode>
                </pc:TextEquiv>
            </pc:TextLine>
            <pc:TextLine id="tl_12" primaryLanguage="German">
                <pc:Coords points="87,824 788,824 788,893 87,893"/>
                <pc:Baseline points="87,881 788,881"/>
                <pc:Word id="w_w1aab1b3b2b5b5ab1">
                    <pc:Coords points="87,830 211,830 211,889 87,889"/>
                    <pc:TextEquiv>
                        <pc:Unicode>tzwey</pc:Unicode>
                    </pc:TextEquiv>
                </pc:Word>
                <pc:Word id="w_w1aab1b3b2b5b5ac11">
                    <pc:Coords points="220,840 330,840 330,890 220,890"/>
                    <pc:TextEquiv>
                        <pc:Unicode>ding</pc:Unicode>
                    </pc:TextEquiv>
                </pc:Word>
                <pc:Word id="w_w1aab1b3b2b5b5ac21">
                    <pc:Coords points="338,835 450,835 450,890 338,890"/>
                    <pc:TextEquiv>
                        <pc:Unicode>noth</pc:Unicode>
                    </pc:TextEquiv>
                </pc:Word>
                <pc:Word id="w_w1aab1b3b2b5b5ac31">
                    <pc:Coords points="458,833 540,833 540,889 458,889"/>
                    <pc:TextEquiv>
                        <pc:Unicode>ſein</pc:Unicode>
                    </pc:TextEquiv>
                </pc:Word>
                <pc:Word id="w_w1aab1b3b2b5b5ac41">
                    <pc:Coords points="549,839 614,839 614,884 549,884"/>
                    <pc:TextEquiv>
                        <pc:Unicode>tzu</pc:Unicode>
                    </pc:TextEquiv>
                </pc:Word>
                <pc:Word id="w_w1aab1b3b2b5b5ac49">
                    <pc:Coords points="627,829 788,829 788,884 627,884"/>
                    <pc:TextEquiv>
                        <pc:Unicode>wiſſen.</pc:Unicode>
                    </pc:TextEquiv>
                </pc:Word>
                <pc:TextEquiv>
                    <pc:Unicode>tzwey ding noth ſein tzu wiſſen.</pc:Unicode>
                </pc:TextEquiv>
            </pc:TextLine>
            <pc:TextEquiv>
                <pc:Unicode>Auſz dieſen woꝛtē Chriſti/ lernen wir/ beyde woꝛt vñ
weis/ das iſt/ wie/ vnd was wir beten ſollen/ vnnd dieſe
tzwey ding noth ſein tzu wiſſen.</pc:Unicode>
            </pc:TextEquiv>
        </pc:TextRegion>
        <pc:TextRegion id="r_2_4" type="paragraph">
            <pc:Coords points="202,879 1219,879 1219,950 202,950"/>
            <pc:TextLine id="tl_13" primaryLanguage="German">
                <pc:Coords points="203,880 1218,880 1218,949 203,949"/>
                <pc:Baseline points="203,936 1218,936"/>
                <pc:Word id="w_w1aab1b3b2b7b1ab1">
                    <pc:Coords points="203,892 407,892 407,949 203,949"/>
                    <pc:TextEquiv>
                        <pc:Unicode>Lzum</pc:Unicode>
                    </pc:TextEquiv>
                </pc:Word>
                <pc:Word id="w_w1aab1b3b2b7b1ac15">
                    <pc:Coords points="417,892 517,892 517,944 417,944"/>
                    <pc:TextEquiv>
                        <pc:Unicode>erſtē</pc:Unicode>
                    </pc:TextEquiv>
                </pc:Word>
                <pc:Word id="w_w1aab1b3b2b7b1ac27">
                    <pc:Coords points="525,891 595,891 595,936 525,936"/>
                    <pc:TextEquiv>
                        <pc:Unicode>die</pc:Unicode>
                    </pc:TextEquiv>
                </pc:Word>
                <pc:Word id="w_w1aab1b3b2b7b1ac35">
                    <pc:Coords points="604,886 826,886 826,942 604,942"/>
                    <pc:TextEquiv>
                        <pc:Unicode>weyſe wie</pc:Unicode>
                    </pc:TextEquiv>
                </pc:Word>
                <pc:Word id="w_w1aab1b3b2b7b1ac53">
                    <pc:Coords points="832,884 920,884 920,928 832,928"/>
                    <pc:TextEquiv>
                        <pc:Unicode>wir</pc:Unicode>
                    </pc:TextEquiv>
                </pc:Word>
                <pc:Word id="w_w1aab1b3b2b7b1ac61">
                    <pc:Coords points="933,882 1055,882 1055,928 933,928"/>
                    <pc:TextEquiv>
                        <pc:Unicode>beten</pc:Unicode>
                    </pc:TextEquiv>
                </pc:Word>
                <pc:Word id="w_w1aab1b3b2b7b1ac73">
                    <pc:Coords points="1074,881 1218,881 1218,935 1074,935"/>
                    <pc:TextEquiv>
                        <pc:Unicode>ſollen.</pc:Unicode>
                    </pc:TextEquiv>
                </pc:Word>
                <pc:TextEquiv>
                    <pc:Unicode>Lzum erſtē die weyſe wie wir beten ſollen.</pc:Unicode>
                </pc:TextEquiv>
            </pc:TextLine>
            <pc:TextEquiv>
                <pc:Unicode>Lzum erſtē die weyſe wie wir beten ſollen.</pc:Unicode>
            </pc:TextEquiv>
        </pc:TextRegion>
        <pc:TextRegion id="TextRegion_1479723191715_122" type="paragraph">
            <pc:Coords points="90,928 1356,928 1358,1830 1358,2146 101,2146 90,1796"/>
            <pc:TextLine id="tl_30" primaryLanguage="German">
                <pc:Coords points="102,1831 1355,1831 1355,1927 102,1927"/>
                <pc:Baseline points="102,1896 1355,1896"/>
                <pc:Word id="w_w1aab1b5b2b3b1ab1">
                    <pc:Coords points="102,1856 289,1856 289,1927 102,1927"/>
                    <pc:TextEquiv>
                        <pc:Unicode>voꝛlangē</pc:Unicode>
                    </pc:TextEquiv>
                </pc:Word>
                <pc:Word id="w_w1aab1b5b2b3b1ac17">
                    <pc:Coords points="302,1865 386,1865 386,1897 302,1897"/>
                    <pc:TextEquiv>
                        <pc:Unicode>aus</pc:Unicode>
                    </pc:TextEquiv>
                </pc:Word>
                <pc:Word id="w_w1aab1b5b2b3b1ac25">
                    <pc:Coords points="397,1854 556,1854 556,1907 397,1907"/>
                    <pc:TextEquiv>
                        <pc:Unicode>hertzen</pc:Unicode>
                    </pc:TextEquiv>
                </pc:Word>
                <pc:Word id="w_w1aab1b5b2b3b1ac41">
                    <pc:Coords points="573,1853 735,1853 735,1905 573,1905"/>
                    <pc:TextEquiv>
                        <pc:Unicode>grund.</pc:Unicode>
                    </pc:TextEquiv>
                </pc:Word>
                <pc:Word id="w_w1aab1b5b2b3b1ac55">
                    <pc:Coords points="796,1845 918,1845 918,1894 796,1894"/>
                    <pc:TextEquiv>
                        <pc:Unicode>Das</pc:Unicode>
                    </pc:TextEquiv>
                </pc:Word>
                <pc:Word id="word_1479723789833_174">
                    <pc:Coords points="1033,1895 929,1895 929,1831 1033,1831"/>
                    <pc:TextEquiv>
                        <pc:Unicode>erſte</pc:Unicode>
                    </pc:TextEquiv>
                </pc:Word>
                <pc:Word id="word_1479723794033_176">
                    <pc:Coords points="1187,1895 1033,1895 1033,1831 1187,1831"/>
                    <pc:TextEquiv>
                        <pc:Unicode>macht</pc:Unicode>
                    </pc:TextEquiv>
                </pc:Word>
                <pc:Word id="word_1479723794032_175">
                    <pc:Coords points="1355,1895 1187,1895 1187,1831 1355,1831"/>
                    <pc:TextEquiv>
                        <pc:Unicode>heuch-</pc:Unicode>
                    </pc:TextEquiv>
                </pc:Word>
                <pc:TextEquiv>
                    <pc:Unicode>voꝛlangē aus hertzen grund. Das erſte macht heuch-</pc:Unicode>
                </pc:TextEquiv>
            </pc:TextLine>
            <pc:TextLine id="tl_31" primaryLanguage="German">
                <pc:Coords points="103,1888 1357,1888 1357,1969 103,1969"/>
                <pc:Baseline points="103,1954 1357,1954"/>
                <pc:Word id="w_w1aab1b5b2b3b3ab1">
                    <pc:Coords points="103,1914 265,1914 265,1964 103,1964"/>
                    <pc:TextEquiv>
                        <pc:Unicode>ler/ vnd</pc:Unicode>
                    </pc:TextEquiv>
                </pc:Word>
                <pc:Word id="w_w1aab1b5b2b3b3ac17">
                    <pc:Coords points="274,1908 407,1908 407,1968 274,1968"/>
                    <pc:TextEquiv>
                        <pc:Unicode>falſch</pc:Unicode>
                    </pc:TextEquiv>
                </pc:Word>
                <pc:Word id="w_w1aab1b5b2b3b3ac31">
                    <pc:Coords points="413,1907 558,1907 558,1965 413,1965"/>
                    <pc:TextEquiv>
                        <pc:Unicode>ſichere</pc:Unicode>
                    </pc:TextEquiv>
                </pc:Word>
                <pc:Word id="w_w1aab1b5b2b3b3ac47">
                    <pc:Coords points="567,1905 732,1905 732,1962 567,1962"/>
                    <pc:TextEquiv>
                        <pc:Unicode>geiſter.</pc:Unicode>
                    </pc:TextEquiv>
                </pc:Word>
                <pc:Word id="w_w1aab1b5b2b3b3ac65">
                    <pc:Coords points="742,1900 860,1900 860,1954 742,1954"/>
                    <pc:TextEquiv>
                        <pc:Unicode>Das</pc:Unicode>
                    </pc:TextEquiv>
                </pc:Word>
                <pc:Word id="w_w1aab1b5b2b3b3ac73">
                    <pc:Coords points="875,1903 1010,1903 1010,1946 875,1946"/>
                    <pc:TextEquiv>
                        <pc:Unicode>ander</pc:Unicode>
                    </pc:TextEquiv>
                </pc:Word>
                <pc:Word id="w_w1aab1b5b2b3b3ac85">
                    <pc:Coords points="1024,1893 1174,1893 1174,1947 1024,1947"/>
                    <pc:TextEquiv>
                        <pc:Unicode>macht</pc:Unicode>
                    </pc:TextEquiv>
                </pc:Word>
                <pc:Word id="w_w1aab1b5b2b3b3ac97">
                    <pc:Coords points="1189,1888 1356,1888 1356,1944 1189,1944"/>
                    <pc:TextEquiv>
                        <pc:Unicode>heylige</pc:Unicode>
                    </pc:TextEquiv>
                </pc:Word>
                <pc:TextEquiv>
                    <pc:Unicode>ler/ vnd falſch ſichere geiſter. Das ander macht heylige</pc:Unicode>
                </pc:TextEquiv>
            </pc:TextLine>
            <pc:TextLine id="tl_32" primaryLanguage="German">
                <pc:Coords points="103,1947 1357,1947 1357,2040 103,2040"/>
                <pc:Baseline points="103,2008 1357,2008"/>
                <pc:Word id="w_w1aab1b5b2b3b5ab1">
                    <pc:Coords points="103,1963 183,1963 183,2040 103,2040"/>
                    <pc:TextEquiv>
                        <pc:Unicode>vnd</pc:Unicode>
                    </pc:TextEquiv>
                </pc:Word>
                <pc:Word id="w_w1aab1b5b2b3b5ab9">
                    <pc:Coords points="193,1965 441,1965 441,2025 193,2025"/>
                    <pc:TextEquiv>
                        <pc:Unicode>foꝛchtſame</pc:Unicode>
                    </pc:TextEquiv>
                </pc:Word>
                <pc:Word id="w_w1aab1b5b2b3b5ac31">
                    <pc:Coords points="454,1963 602,1963 602,2010 454,2010"/>
                    <pc:TextEquiv>
                        <pc:Unicode>kinder</pc:Unicode>
                    </pc:TextEquiv>
                </pc:Word>
                <pc:Word id="w_w1aab1b5b2b3b5ac45">
                    <pc:Coords points="610,1967 775,1967 775,2019 610,2019"/>
                    <pc:TextEquiv>
                        <pc:Unicode>gottes.</pc:Unicode>
                    </pc:TextEquiv>
                </pc:Word>
                <pc:Word id="w_w1aab1b5b2b3b5ac61">
                    <pc:Coords points="869,1950 1077,1950 1077,2007 869,2007"/>
                    <pc:TextEquiv>
                        <pc:Unicode>Doch iſt</pc:Unicode>
                    </pc:TextEquiv>
                </pc:Word>
                <pc:Word id="w_w1aab1b5b2b3b5ac85">
                    <pc:Coords points="1071,1945 1222,1950 1222,2000 1075,2000"/>
                    <pc:TextEquiv>
                        <pc:Unicode>hietzn</pc:Unicode>
                    </pc:TextEquiv>
                </pc:Word>
                <pc:Word id="w_w1aab1b5b2b3b5ac93">
                    <pc:Coords points="1240,1951 1357,1951 1357,1993 1240,1993"/>
                    <pc:TextEquiv>
                        <pc:Unicode>mer-</pc:Unicode>
                    </pc:TextEquiv>
                </pc:Word>
                <pc:TextEquiv>
                    <pc:Unicode>vnd foꝛchtſame kinder gottes. Doch iſt hietzn mer-</pc:Unicode>
                </pc:TextEquiv>
            </pc:TextLine>
            <pc:TextLine id="tl_33" primaryLanguage="German">
                <pc:Coords points="105,2000 1355,2000 1355,2082 105,2082"/>
                <pc:Baseline points="105,2067 1355,2067"/>
                <pc:Word id="w_w1aab1b5b2b3b7ab1">
                    <pc:Coords points="105,2018 174,2018 174,2069 105,2069"/>
                    <pc:TextEquiv>
                        <pc:Unicode>ken</pc:Unicode>
                    </pc:TextEquiv>
                </pc:Word>
                <pc:Word id="w_w1aab1b5b2b3b7ab9">
                    <pc:Coords points="183,2028 249,2028 249,2074 183,2074"/>
                    <pc:TextEquiv>
                        <pc:Unicode>ein</pc:Unicode>
                    </pc:TextEquiv>
                </pc:Word>
                <pc:Word id="w_w1aab1b5b2b3b7ac17">
                    <pc:Coords points="259,2023 622,2023 622,2080 259,2080"/>
                    <pc:TextEquiv>
                        <pc:Unicode>vnterſcheid/ dan</pc:Unicode>
                    </pc:TextEquiv>
                </pc:Word>
                <pc:Word id="w_w1aab1b5b2b3b7ac49">
                    <pc:Coords points="631,2027 720,2027 720,2068 631,2068"/>
                    <pc:TextEquiv>
                        <pc:Unicode>das</pc:Unicode>
                    </pc:TextEquiv>
                </pc:Word>
                <pc:Word id="w_w1aab1b5b2b3b7ac57">
                    <pc:Coords points="729,2010 954,2010 954,2071 729,2071"/>
                    <pc:TextEquiv>
                        <pc:Unicode>euſſerliche</pc:Unicode>
                    </pc:TextEquiv>
                </pc:Word>
                <pc:Word id="w_w1aab1b5b2b3b7ac81">
                    <pc:Coords points="961,2006 1086,2006 1086,2065 961,2065"/>
                    <pc:TextEquiv>
                        <pc:Unicode>gebet</pc:Unicode>
                    </pc:TextEquiv>
                </pc:Word>
                <pc:Word id="w_w1aab1b5b2b3b7ac93">
                    <pc:Coords points="1094,2001 1299,2001 1299,2064 1094,2064"/>
                    <pc:TextEquiv>
                        <pc:Unicode>geſchicht</pc:Unicode>
                    </pc:TextEquiv>
                </pc:Word>
                <pc:Word id="w_w1aab1b5b2b3b7ad113">
                    <pc:Coords points="1305,2005 1355,2005 1355,2051 1305,2051"/>
                    <pc:TextEquiv>
                        <pc:Unicode>in</pc:Unicode>
                    </pc:TextEquiv>
                </pc:Word>
                <pc:TextEquiv>
                    <pc:Unicode>ken ein vnterſcheid/ dan das euſſerliche gebet geſchicht in</pc:Unicode>
                </pc:TextEquiv>
            </pc:TextLine>
            <pc:TextLine id="tl_34" primaryLanguage="German">
                <pc:Coords points="105,2074 491,2074 491,2145 105,2145"/>
                <pc:Baseline points="105,2131 491,2131"/>
                <pc:Word id="w_w1aab1b5b2b3b9ab1">
                    <pc:Coords points="105,2077 305,2077 305,2144 105,2144"/>
                    <pc:TextEquiv>
                        <pc:Unicode>dꝛeyerley</pc:Unicode>
                    </pc:TextEquiv>
                </pc:Word>
                <pc:Word id="w_w1aab1b5b2b3b9ac21">
                    <pc:Coords points="322,2077 491,2077 491,2139 322,2139"/>
                    <pc:TextEquiv>
                        <pc:Unicode>weyſze.</pc:Unicode>
                    </pc:TextEquiv>
                </pc:Word>
                <pc:TextEquiv>
                    <pc:Unicode>dꝛeyerley weyſze.</pc:Unicode>
                </pc:TextEquiv>
            </pc:TextLine>
            <pc:TextLine id="tl_14" primaryLanguage="German">
                <pc:Coords points="165,929 1348,929 1348,1006 165,1006"/>
                <pc:Baseline points="165,992 1348,992"/>
                <pc:Word id="w_w1aab1b3b2b9b1ab1">
                    <pc:Coords points="165,946 265,946 265,997 165,997"/>
                    <pc:TextEquiv>
                        <pc:Unicode>Die</pc:Unicode>
                    </pc:TextEquiv>
                </pc:Word>
                <pc:Word id="w_w1aab1b3b2b9b1ab9">
                    <pc:Coords points="277,947 409,947 409,1005 277,1005"/>
                    <pc:TextEquiv>
                        <pc:Unicode>weyſe</pc:Unicode>
                    </pc:TextEquiv>
                </pc:Word>
                <pc:Word id="w_w1aab1b3b2b9b1ac21">
                    <pc:Coords points="418,949 583,949 583,1003 418,1003"/>
                    <pc:TextEquiv>
                        <pc:Unicode>iſt/ das</pc:Unicode>
                    </pc:TextEquiv>
                </pc:Word>
                <pc:Word id="w_w1aab1b3b2b9b1ac37">
                    <pc:Coords points="598,953 700,953 700,990 598,990"/>
                    <pc:TextEquiv>
                        <pc:Unicode>man</pc:Unicode>
                    </pc:TextEquiv>
                </pc:Word>
                <pc:Word id="w_w1aab1b3b2b9b1ac45">
                    <pc:Coords points="713,943 853,943 853,995 713,995"/>
                    <pc:TextEquiv>
                        <pc:Unicode>wenig</pc:Unicode>
                    </pc:TextEquiv>
                </pc:Word>
                <pc:Word id="w_w1aab1b3b2b9b1ac57">
                    <pc:Coords points="862,945 977,945 977,985 862,985"/>
                    <pc:TextEquiv>
                        <pc:Unicode>woꝛt</pc:Unicode>
                    </pc:TextEquiv>
                </pc:Word>
                <pc:Word id="w_w1aab1b3b2b9b1ac67">
                    <pc:Coords points="982,938 1132,938 1132,991 982,991"/>
                    <pc:TextEquiv>
                        <pc:Unicode>mache</pc:Unicode>
                    </pc:TextEquiv>
                </pc:Word>
                <pc:Word id="w_w1aab1b3b2b9b1ac79">
                    <pc:Coords points="1146,933 1276,933 1276,990 1146,990"/>
                    <pc:TextEquiv>
                        <pc:Unicode>/ aber</pc:Unicode>
                    </pc:TextEquiv>
                </pc:Word>
                <pc:Word id="w_w1aab1b3b2b9b1ac91">
                    <pc:Coords points="1286,929 1348,929 1348,974 1286,974"/>
                    <pc:TextEquiv>
                        <pc:Unicode>vil</pc:Unicode>
                    </pc:TextEquiv>
                </pc:Word>
                <pc:TextEquiv>
                    <pc:Unicode>Die weyſe iſt/ das man wenig woꝛt mache / aber vil</pc:Unicode>
                </pc:TextEquiv>
            </pc:TextLine>
            <pc:TextLine id="tl_15" primaryLanguage="German">
                <pc:Coords points="93,986 1338,986 1338,1063 93,1063"/>
                <pc:Baseline points="93,1049 1338,1049"/>
                <pc:Word id="word_1479723587529_156">
                    <pc:Coords points="176,1062 93,1062 93,1002 176,1002"/>
                    <pc:TextEquiv>
                        <pc:Unicode>vnd</pc:Unicode>
                    </pc:TextEquiv>
                </pc:Word>
                <pc:Word id="word_1479723587528_155">
                    <pc:Coords points="295,1062 176,1062 176,1002 295,1002"/>
                    <pc:TextEquiv>
                        <pc:Unicode>tieffe</pc:Unicode>
                    </pc:TextEquiv>
                </pc:Word>
                <pc:Word id="w_w1aab1b3b2b9b3ac21">
                    <pc:Coords points="304,1010 556,1010 556,1058 304,1058"/>
                    <pc:TextEquiv>
                        <pc:Unicode>meinungen</pc:Unicode>
                    </pc:TextEquiv>
                </pc:Word>
                <pc:Word id="word_1479723605793_158">
                    <pc:Coords points="678,1051 571,1051 571,997 678,997"/>
                    <pc:TextEquiv>
                        <pc:Unicode>ader</pc:Unicode>
                    </pc:TextEquiv>
                </pc:Word>
                <pc:Word id="word_1479723610609_160">
                    <pc:Coords points="823,1051 678,1051 678,997 823,997"/>
                    <pc:TextEquiv>
                        <pc:Unicode>ſynnē.</pc:Unicode>
                    </pc:TextEquiv>
                </pc:Word>
                <pc:Word id="word_1479723610608_159">
                    <pc:Coords points="916,1051 823,1051 823,997 916,997"/>
                    <pc:TextEquiv>
                        <pc:Unicode>Jhe</pc:Unicode>
                    </pc:TextEquiv>
                </pc:Word>
                <pc:Word id="w_w1aab1b3b2b9b3ac69">
                    <pc:Coords points="928,997 1110,997 1110,1048 928,1048"/>
                    <pc:TextEquiv>
                        <pc:Unicode>weniger</pc:Unicode>
                    </pc:TextEquiv>
                </pc:Word>
                <pc:Word id="w_w1aab1b3b2b9b3ac85">
                    <pc:Coords points="1127,986 1338,986 1338,1042 1127,1042"/>
                    <pc:TextEquiv>
                        <pc:Unicode>woꝛt/ ihe</pc:Unicode>
                    </pc:TextEquiv>
                </pc:Word>
                <pc:TextEquiv>
                    <pc:Unicode>vnd tieffe meinungen ader ſynnē. Jhe weniger woꝛt/ ihe</pc:Unicode>
                </pc:TextEquiv>
            </pc:TextLine>
            <pc:TextLine id="tl_16" primaryLanguage="German">
                <pc:Coords points="91,1046 1341,1046 1341,1119 91,1119"/>
                <pc:Baseline points="91,1103 1341,1103"/>
                <pc:Word id="w_w1aab1b3b2b9b5ab1">
                    <pc:Coords points="91,1056 211,1056 211,1115 91,1115"/>
                    <pc:TextEquiv>
                        <pc:Unicode>beſſer</pc:Unicode>
                    </pc:TextEquiv>
                </pc:Word>
                <pc:Word id="w_w1aab1b3b2b9b5ac15">
                    <pc:Coords points="218,1061 437,1061 437,1118 218,1118"/>
                    <pc:TextEquiv>
                        <pc:Unicode>gebet/ ihe</pc:Unicode>
                    </pc:TextEquiv>
                </pc:Word>
                <pc:Word id="w_w1aab1b3b2b9b5ac35">
                    <pc:Coords points="446,1070 535,1070 535,1103 446,1103"/>
                    <pc:TextEquiv>
                        <pc:Unicode>mer</pc:Unicode>
                    </pc:TextEquiv>
                </pc:Word>
                <pc:Word id="w_w1aab1b3b2b9b5ac43">
                    <pc:Coords points="543,1057 710,1057 710,1107 543,1107"/>
                    <pc:TextEquiv>
                        <pc:Unicode>woꝛt/ ie</pc:Unicode>
                    </pc:TextEquiv>
                </pc:Word>
                <pc:Word id="w_w1aab1b3b2b9b5ac59">
                    <pc:Coords points="718,1062 830,1062 830,1105 718,1105"/>
                    <pc:TextEquiv>
                        <pc:Unicode>erger</pc:Unicode>
                    </pc:TextEquiv>
                </pc:Word>
                <pc:Word id="w_w1aab1b3b2b9b5ac71">
                    <pc:Coords points="837,1052 990,1052 990,1102 837,1102"/>
                    <pc:TextEquiv>
                        <pc:Unicode>gebet.</pc:Unicode>
                    </pc:TextEquiv>
                </pc:Word>
                <pc:Word id="w_w1aab1b3b2b9b5ac87">
                    <pc:Coords points="970,1054 1129,1049 1129,1103 970,1098"/>
                    <pc:TextEquiv>
                        <pc:Unicode>wenig</pc:Unicode>
                    </pc:TextEquiv>
                </pc:Word>
                <pc:Word id="w_w1aab1b3b2b9b5ad101">
                    <pc:Coords points="1133,1052 1245,1052 1245,1091 1133,1091"/>
                    <pc:TextEquiv>
                        <pc:Unicode>woꝛt</pc:Unicode>
                    </pc:TextEquiv>
                </pc:Word>
                <pc:Word id="w_w1aab1b3b2b9b5ad111">
                    <pc:Coords points="1251,1048 1341,1048 1341,1087 1251,1087"/>
                    <pc:TextEquiv>
                        <pc:Unicode>vnd</pc:Unicode>
                    </pc:TextEquiv>
                </pc:Word>
                <pc:TextEquiv>
                    <pc:Unicode>beſſer gebet/ ihe mer woꝛt/ ie erger gebet. wenig woꝛt vnd</pc:Unicode>
                </pc:TextEquiv>
            </pc:TextLine>
            <pc:TextLine id="tl_17" primaryLanguage="German">
                <pc:Coords points="93,1101 1340,1101 1340,1172 93,1172"/>
                <pc:Baseline points="93,1159 1340,1159"/>
                <pc:Word id="w_w1aab1b3b2b9b7ab1">
                    <pc:Coords points="93,1114 140,1114 140,1159 93,1159"/>
                    <pc:TextEquiv>
                        <pc:Unicode>vil</pc:Unicode>
                    </pc:TextEquiv>
                </pc:Word>
                <pc:Word id="w_w1aab1b3b2b9b7ab5">
                    <pc:Coords points="150,1123 354,1123 354,1169 150,1169"/>
                    <pc:TextEquiv>
                        <pc:Unicode>meinung</pc:Unicode>
                    </pc:TextEquiv>
                </pc:Word>
                <pc:Word id="w_w1aab1b3b2b9b7ac21">
                    <pc:Coords points="364,1116 415,1116 415,1170 364,1170"/>
                    <pc:TextEquiv>
                        <pc:Unicode>iſt</pc:Unicode>
                    </pc:TextEquiv>
                </pc:Word>
                <pc:Word id="w_w1aab1b3b2b9b7ac29">
                    <pc:Coords points="422,1111 682,1111 682,1166 422,1166"/>
                    <pc:TextEquiv>
                        <pc:Unicode>Chriſtlich.</pc:Unicode>
                    </pc:TextEquiv>
                </pc:Word>
                <pc:Word id="w_w1aab1b3b2b9b7ac53">
                    <pc:Coords points="694,1110 749,1110 749,1152 694,1152"/>
                    <pc:TextEquiv>
                        <pc:Unicode>vil</pc:Unicode>
                    </pc:TextEquiv>
                </pc:Word>
                <pc:Word id="w_w1aab1b3b2b9b7ac61">
                    <pc:Coords points="758,1112 869,1112 869,1152 758,1152"/>
                    <pc:TextEquiv>
                        <pc:Unicode>woꝛt</pc:Unicode>
                    </pc:TextEquiv>
                </pc:Word>
                <pc:Word id="w_w1aab1b3b2b9b7ac71">
                    <pc:Coords points="876,1113 963,1113 963,1150 876,1150"/>
                    <pc:TextEquiv>
                        <pc:Unicode>vnd</pc:Unicode>
                    </pc:TextEquiv>
                </pc:Word>
                <pc:Word id="w_w1aab1b3b2b9b7ac79">
                    <pc:Coords points="973,1106 1117,1106 1117,1154 973,1154"/>
                    <pc:TextEquiv>
                        <pc:Unicode>wenig</pc:Unicode>
                    </pc:TextEquiv>
                </pc:Word>
                <pc:Word id="w_w1aab1b3b2b9b7ac91">
                    <pc:Coords points="1133,1102 1340,1102 1340,1150 1133,1150"/>
                    <pc:TextEquiv>
                        <pc:Unicode>meinung</pc:Unicode>
                    </pc:TextEquiv>
                </pc:Word>
                <pc:TextEquiv>
                    <pc:Unicode>vil meinung iſt Chriſtlich. vil woꝛt vnd wenig meinung</pc:Unicode>
                </pc:TextEquiv>
            </pc:TextLine>
            <pc:TextLine id="tl_18" primaryLanguage="German">
                <pc:Coords points="96,1155 1343,1155 1343,1230 96,1230"/>
                <pc:Baseline points="96,1216 1343,1216"/>
                <pc:Word id="w_w1aab1b3b2b9b9ab1">
                    <pc:Coords points="96,1166 141,1166 141,1218 96,1218"/>
                    <pc:TextEquiv>
                        <pc:Unicode>iſt</pc:Unicode>
                    </pc:TextEquiv>
                </pc:Word>
                <pc:Word id="w_w1aab1b3b2b9b9ab9">
                    <pc:Coords points="149,1168 572,1168 572,1228 149,1228"/>
                    <pc:TextEquiv>
                        <pc:Unicode>heideniſch. Darūb</pc:Unicode>
                    </pc:TextEquiv>
                </pc:Word>
                <pc:Word id="w_w1aab1b3b2b9b9ac43">
                    <pc:Coords points="582,1164 729,1164 729,1223 582,1223"/>
                    <pc:TextEquiv>
                        <pc:Unicode>ſpꝛicht</pc:Unicode>
                    </pc:TextEquiv>
                </pc:Word>
                <pc:Word id="w_w1aab1b3b2b9b9ac59">
                    <pc:Coords points="735,1161 880,1161 880,1217 735,1217"/>
                    <pc:TextEquiv>
                        <pc:Unicode>er/ ſolt</pc:Unicode>
                    </pc:TextEquiv>
                </pc:Word>
                <pc:Word id="w_w1aab1b3b2b9b9ac75">
                    <pc:Coords points="887,1163 952,1163 952,1207 887,1207"/>
                    <pc:TextEquiv>
                        <pc:Unicode>nit</pc:Unicode>
                    </pc:TextEquiv>
                </pc:Word>
                <pc:Word id="w_w1aab1b3b2b9b9ac83">
                    <pc:Coords points="958,1162 1018,1162 1018,1206 958,1206"/>
                    <pc:TextEquiv>
                        <pc:Unicode>vil</pc:Unicode>
                    </pc:TextEquiv>
                </pc:Word>
                <pc:Word id="w_w1aab1b3b2b9b9ac91">
                    <pc:Coords points="1024,1156 1280,1156 1280,1206 1024,1206"/>
                    <pc:TextEquiv>
                        <pc:Unicode>reden/ wan</pc:Unicode>
                    </pc:TextEquiv>
                </pc:Word>
                <pc:Word id="w_w1aab1b3b2b9b9ad111">
                    <pc:Coords points="1292,1161 1342,1161 1342,1204 1292,1204"/>
                    <pc:TextEquiv>
                        <pc:Unicode>yr</pc:Unicode>
                    </pc:TextEquiv>
                </pc:Word>
                <pc:TextEquiv>
                    <pc:Unicode>iſt heideniſch. Darūb ſpꝛicht er/ ſolt nit vil reden/ wan yr</pc:Unicode>
                </pc:TextEquiv>
            </pc:TextLine>
            <pc:TextLine id="tl_19" primaryLanguage="German">
                <pc:Coords points="97,1206 1345,1206 1345,1288 97,1288"/>
                <pc:Baseline points="97,1273 1345,1273"/>
                <pc:Word id="w_w1aab1b3b2b9c11ab1">
                    <pc:Coords points="97,1223 200,1223 200,1277 97,1277"/>
                    <pc:TextEquiv>
                        <pc:Unicode>betet</pc:Unicode>
                    </pc:TextEquiv>
                </pc:Word>
                <pc:Word id="w_w1aab1b3b2b9c11ac13">
                    <pc:Coords points="208,1234 291,1234 291,1278 208,1278"/>
                    <pc:TextEquiv>
                        <pc:Unicode>wie</pc:Unicode>
                    </pc:TextEquiv>
                </pc:Word>
                <pc:Word id="w_w1aab1b3b2b9c11ac21">
                    <pc:Coords points="299,1232 368,1232 368,1277 299,1277"/>
                    <pc:TextEquiv>
                        <pc:Unicode>die</pc:Unicode>
                    </pc:TextEquiv>
                </pc:Word>
                <pc:Word id="w_w1aab1b3b2b9c11ac29">
                    <pc:Coords points="376,1231 513,1231 513,1286 376,1286"/>
                    <pc:TextEquiv>
                        <pc:Unicode>heidē.</pc:Unicode>
                    </pc:TextEquiv>
                </pc:Word>
                <pc:Word id="w_w1aab1b3b2b9c11ac43">
                    <pc:Coords points="561,1225 647,1225 647,1282 561,1282"/>
                    <pc:TextEquiv>
                        <pc:Unicode>Jtē</pc:Unicode>
                    </pc:TextEquiv>
                </pc:Word>
                <pc:Word id="w_w1aab1b3b2b9c11ac51">
                    <pc:Coords points="657,1220 949,1220 949,1282 657,1282"/>
                    <pc:TextEquiv>
                        <pc:Unicode>Johã.iiij.tzu</pc:Unicode>
                    </pc:TextEquiv>
                </pc:Word>
                <pc:Word id="w_w1aab1b3b2b9c11ac77">
                    <pc:Coords points="959,1225 1056,1225 1056,1265 959,1265"/>
                    <pc:TextEquiv>
                        <pc:Unicode>dem</pc:Unicode>
                    </pc:TextEquiv>
                </pc:Word>
                <pc:Word id="w_w1aab1b3b2b9c11ac85">
                    <pc:Coords points="1075,1207 1345,1207 1345,1272 1075,1272"/>
                    <pc:TextEquiv>
                        <pc:Unicode>heydeniſchē</pc:Unicode>
                    </pc:TextEquiv>
                </pc:Word>
                <pc:TextEquiv>
                    <pc:Unicode>betet wie die heidē. Jtē Johã.iiij.tzu dem heydeniſchē</pc:Unicode>
                </pc:TextEquiv>
            </pc:TextLine>
            <pc:TextLine id="tl_20" primaryLanguage="German">
                <pc:Coords points="97,1268 1344,1268 1344,1347 97,1347"/>
                <pc:Baseline points="97,1331 1344,1331"/>
                <pc:Word id="w_w1aab1b3b2b9c13ab1">
                    <pc:Coords points="97,1287 265,1287 265,1335 97,1335"/>
                    <pc:TextEquiv>
                        <pc:Unicode>weiblin</pc:Unicode>
                    </pc:TextEquiv>
                </pc:Word>
                <pc:Word id="w_w1aab1b3b2b9c13ac19">
                    <pc:Coords points="276,1288 413,1288 413,1345 276,1345"/>
                    <pc:TextEquiv>
                        <pc:Unicode>ſpꝛach</pc:Unicode>
                    </pc:TextEquiv>
                </pc:Word>
                <pc:Word id="word_1479723673817_162">
                    <pc:Coords points="579,1341 421,1341 421,1282 579,1282"/>
                    <pc:TextEquiv>
                        <pc:Unicode>er/ wer</pc:Unicode>
                    </pc:TextEquiv>
                </pc:Word>
                <pc:Word id="word_1479723677402_164">
                    <pc:Coords points="667,1341 579,1341 579,1282 667,1282"/>
                    <pc:TextEquiv>
                        <pc:Unicode>got</pc:Unicode>
                    </pc:TextEquiv>
                </pc:Word>
                <pc:Word id="word_1479723677401_163">
                    <pc:Coords points="742,1341 667,1341 667,1282 742,1282"/>
                    <pc:TextEquiv>
                        <pc:Unicode>wil</pc:Unicode>
                    </pc:TextEquiv>
                </pc:Word>
                <pc:Word id="w_w1aab1b3b2b9c13ac59">
                    <pc:Coords points="753,1291 808,1291 808,1325 753,1325"/>
                    <pc:TextEquiv>
                        <pc:Unicode>an</pc:Unicode>
                    </pc:TextEquiv>
                </pc:Word>
                <pc:Word id="w_w1aab1b3b2b9c13ac65">
                    <pc:Coords points="822,1280 962,1280 962,1331 822,1331"/>
                    <pc:TextEquiv>
                        <pc:Unicode>beten/</pc:Unicode>
                    </pc:TextEquiv>
                </pc:Word>
                <pc:Word id="w_w1aab1b3b2b9c13ac79">
                    <pc:Coords points="971,1284 1044,1284 1044,1322 971,1322"/>
                    <pc:TextEquiv>
                        <pc:Unicode>der</pc:Unicode>
                    </pc:TextEquiv>
                </pc:Word>
                <pc:Word id="w_w1aab1b3b2b9c13ac87">
                    <pc:Coords points="1053,1269 1164,1269 1164,1327 1053,1327"/>
                    <pc:TextEquiv>
                        <pc:Unicode>muſz</pc:Unicode>
                    </pc:TextEquiv>
                </pc:Word>
                <pc:Word id="w_w1aab1b3b2b9c13ac97">
                    <pc:Coords points="1174,1271 1217,1271 1217,1316 1174,1316"/>
                    <pc:TextEquiv>
                        <pc:Unicode>in</pc:Unicode>
                    </pc:TextEquiv>
                </pc:Word>
                <pc:Word id="w_w1aab1b3b2b9c13ad103">
                    <pc:Coords points="1237,1273 1343,1273 1343,1316 1237,1316"/>
                    <pc:TextEquiv>
                        <pc:Unicode>dem</pc:Unicode>
                    </pc:TextEquiv>
                </pc:Word>
                <pc:TextEquiv>
                    <pc:Unicode>weiblin ſpꝛach er/ wer got wil an beten/ der muſz in dem</pc:Unicode>
                </pc:TextEquiv>
            </pc:TextLine>
            <pc:TextLine id="tl_21" primaryLanguage="German">
                <pc:Coords points="97,1323 1346,1323 1346,1400 97,1400"/>
                <pc:Baseline points="97,1390 1346,1390"/>
                <pc:Word id="w_w1aab1b3b2b9c15ab1">
                    <pc:Coords points="97,1345 187,1345 187,1400 97,1400"/>
                    <pc:TextEquiv>
                        <pc:Unicode>greiſt</pc:Unicode>
                    </pc:TextEquiv>
                </pc:Word>
                <pc:Word id="w_w1aab1b3b2b9c15ac13">
                    <pc:Coords points="197,1355 285,1355 285,1392 197,1392"/>
                    <pc:TextEquiv>
                        <pc:Unicode>vnd</pc:Unicode>
                    </pc:TextEquiv>
                </pc:Word>
                <pc:Word id="w_w1aab1b3b2b9c15ac21">
                    <pc:Coords points="293,1349 337,1349 337,1391 293,1391"/>
                    <pc:TextEquiv>
                        <pc:Unicode>in</pc:Unicode>
                    </pc:TextEquiv>
                </pc:Word>
                <pc:Word id="w_w1aab1b3b2b9c15ac27">
                    <pc:Coords points="348,1353 421,1353 421,1392 348,1392"/>
                    <pc:TextEquiv>
                        <pc:Unicode>der</pc:Unicode>
                    </pc:TextEquiv>
                </pc:Word>
                <pc:Word id="w_w1aab1b3b2b9c15ac35">
                    <pc:Coords points="429,1342 614,1342 614,1397 429,1397"/>
                    <pc:TextEquiv>
                        <pc:Unicode>warheit</pc:Unicode>
                    </pc:TextEquiv>
                </pc:Word>
                <pc:Word id="w_w1aab1b3b2b9c15ac51">
                    <pc:Coords points="623,1335 877,1335 877,1384 623,1384"/>
                    <pc:TextEquiv>
                        <pc:Unicode>anbetē. Da</pc:Unicode>
                    </pc:TextEquiv>
                </pc:Word>
                <pc:Word id="w_w1aab1b3b2b9c15ac71">
                    <pc:Coords points="885,1334 1001,1334 1001,1390 885,1390"/>
                    <pc:TextEquiv>
                        <pc:Unicode>ſolch</pc:Unicode>
                    </pc:TextEquiv>
                </pc:Word>
                <pc:Word id="w_w1aab1b3b2b9c15ac83">
                    <pc:Coords points="1016,1334 1189,1334 1189,1378 1016,1378"/>
                    <pc:TextEquiv>
                        <pc:Unicode>anbeter</pc:Unicode>
                    </pc:TextEquiv>
                </pc:Word>
                <pc:Word id="w_w1aab1b3b2b9c15ac99">
                    <pc:Coords points="1203,1323 1346,1323 1346,1381 1203,1381"/>
                    <pc:TextEquiv>
                        <pc:Unicode>ſuchet</pc:Unicode>
                    </pc:TextEquiv>
                </pc:Word>
                <pc:TextEquiv>
                    <pc:Unicode>greiſt vnd in der warheit anbetē. Da ſolch anbeter ſuchet</pc:Unicode>
                </pc:TextEquiv>
            </pc:TextLine>
            <pc:TextLine id="tl_22" primaryLanguage="German">
                <pc:Coords points="97,1382 1343,1382 1343,1453 97,1453"/>
                <pc:Baseline points="97,1445 1343,1445"/>
                <pc:Word id="w_w1aab1b3b2b9c17ab1">
                    <pc:Coords points="97,1396 166,1396 166,1445 97,1445"/>
                    <pc:TextEquiv>
                        <pc:Unicode>der</pc:Unicode>
                    </pc:TextEquiv>
                </pc:Word>
                <pc:Word id="w_w1aab1b3b2b9c17ab9">
                    <pc:Coords points="175,1410 303,1410 303,1449 175,1449"/>
                    <pc:TextEquiv>
                        <pc:Unicode>vater.</pc:Unicode>
                    </pc:TextEquiv>
                </pc:Word>
                <pc:Word id="w_w1aab1b3b2b9c17ac29">
                    <pc:Coords points="390,1396 518,1412 518,1445 411,1450"/>
                    <pc:TextEquiv>
                        <pc:Unicode>Nun</pc:Unicode>
                    </pc:TextEquiv>
                </pc:Word>
                <pc:Word id="w_w1aab1b3b2b9c17ac35">
                    <pc:Coords points="530,1400 574,1400 574,1444 530,1444"/>
                    <pc:TextEquiv>
                        <pc:Unicode>in</pc:Unicode>
                    </pc:TextEquiv>
                </pc:Word>
                <pc:Word id="w_w1aab1b3b2b9c17ac41">
                    <pc:Coords points="587,1403 685,1403 685,1442 587,1442"/>
                    <pc:TextEquiv>
                        <pc:Unicode>dem</pc:Unicode>
                    </pc:TextEquiv>
                </pc:Word>
                <pc:Word id="w_w1aab1b3b2b9c17ac49">
                    <pc:Coords points="695,1392 796,1392 796,1448 695,1448"/>
                    <pc:TextEquiv>
                        <pc:Unicode>geiſt</pc:Unicode>
                    </pc:TextEquiv>
                </pc:Word>
                <pc:Word id="w_w1aab1b3b2b9c17ac61">
                    <pc:Coords points="805,1391 1054,1391 1054,1446 805,1446"/>
                    <pc:TextEquiv>
                        <pc:Unicode>beten/ ader</pc:Unicode>
                    </pc:TextEquiv>
                </pc:Word>
                <pc:Word id="w_w1aab1b3b2b9c17ac83">
                    <pc:Coords points="1062,1385 1242,1385 1242,1444 1062,1444"/>
                    <pc:TextEquiv>
                        <pc:Unicode>geiſtlich</pc:Unicode>
                    </pc:TextEquiv>
                </pc:Word>
                <pc:Word id="w_w1aab1b3b2b9c17ad103">
                    <pc:Coords points="1249,1383 1343,1383 1343,1428 1249,1428"/>
                    <pc:TextEquiv>
                        <pc:Unicode>betē</pc:Unicode>
                    </pc:TextEquiv>
                </pc:Word>
                <pc:TextEquiv>
                    <pc:Unicode>der vater. Nun in dem geiſt beten/ ader geiſtlich betē</pc:Unicode>
                </pc:TextEquiv>
            </pc:TextLine>
            <pc:TextLine id="tl_23" primaryLanguage="German">
                <pc:Coords points="97,1440 1350,1440 1350,1516 97,1516"/>
                <pc:Baseline points="97,1503 1350,1503"/>
                <pc:Word id="word_1479723704970_166">
                    <pc:Coords points="144,1515 98,1515 98,1454 144,1454"/>
                    <pc:TextEquiv>
                        <pc:Unicode>iſt</pc:Unicode>
                    </pc:TextEquiv>
                </pc:Word>
                <pc:Word id="word_1479723704969_165">
                    <pc:Coords points="276,1515 144,1515 144,1454 276,1454"/>
                    <pc:TextEquiv>
                        <pc:Unicode>gegen</pc:Unicode>
                    </pc:TextEquiv>
                </pc:Word>
                <pc:Word id="w_w1aab1b3b2b9c19ac19">
                    <pc:Coords points="287,1466 387,1466 387,1505 287,1505"/>
                    <pc:TextEquiv>
                        <pc:Unicode>dem</pc:Unicode>
                    </pc:TextEquiv>
                </pc:Word>
                <pc:Word id="w_w1aab1b3b2b9c19ac27">
                    <pc:Coords points="398,1455 617,1455 617,1509 398,1509"/>
                    <pc:TextEquiv>
                        <pc:Unicode>leiblichen</pc:Unicode>
                    </pc:TextEquiv>
                </pc:Word>
                <pc:Word id="w_w1aab1b3b2b9c19ac49">
                    <pc:Coords points="626,1450 749,1450 749,1506 626,1506"/>
                    <pc:TextEquiv>
                        <pc:Unicode>gebet</pc:Unicode>
                    </pc:TextEquiv>
                </pc:Word>
                <pc:Word id="w_w1aab1b3b2b9c19ac61">
                    <pc:Coords points="754,1447 842,1447 842,1502 754,1502"/>
                    <pc:TextEquiv>
                        <pc:Unicode>alſo</pc:Unicode>
                    </pc:TextEquiv>
                </pc:Word>
                <pc:Word id="w_w1aab1b3b2b9c19ac71">
                    <pc:Coords points="852,1454 1020,1454 1020,1503 852,1503"/>
                    <pc:TextEquiv>
                        <pc:Unicode>genent.</pc:Unicode>
                    </pc:TextEquiv>
                </pc:Word>
                <pc:Word id="w_w1aab1b3b2b9c19ac87">
                    <pc:Coords points="1028,1447 1145,1447 1145,1495 1028,1495"/>
                    <pc:TextEquiv>
                        <pc:Unicode>Vnd</pc:Unicode>
                    </pc:TextEquiv>
                </pc:Word>
                <pc:Word id="w_w1aab1b3b2b9c19ac95">
                    <pc:Coords points="1157,1443 1281,1443 1281,1489 1157,1489"/>
                    <pc:TextEquiv>
                        <pc:Unicode>beten</pc:Unicode>
                    </pc:TextEquiv>
                </pc:Word>
                <pc:Word id="w_w1aab1b3b2b9c19ad107">
                    <pc:Coords points="1300,1440 1350,1440 1350,1482 1300,1482"/>
                    <pc:TextEquiv>
                        <pc:Unicode>in</pc:Unicode>
                    </pc:TextEquiv>
                </pc:Word>
                <pc:TextEquiv>
                    <pc:Unicode>iſt gegen dem leiblichen gebet alſo genent. Vnd beten in</pc:Unicode>
                </pc:TextEquiv>
            </pc:TextLine>
            <pc:TextLine id="tl_24" primaryLanguage="German">
                <pc:Coords points="99,1499 1345,1499 1345,1572 99,1572"/>
                <pc:Baseline points="99,1557 1345,1557"/>
                <pc:Word id="w_w1aab1b3b2b9c21ab1">
                    <pc:Coords points="99,1509 167,1509 167,1559 99,1559"/>
                    <pc:TextEquiv>
                        <pc:Unicode>der</pc:Unicode>
                    </pc:TextEquiv>
                </pc:Word>
                <pc:Word id="w_w1aab1b3b2b9c21ab9">
                    <pc:Coords points="176,1516 506,1516 506,1571 176,1571"/>
                    <pc:TextEquiv>
                        <pc:Unicode>warheit/ gegen</pc:Unicode>
                    </pc:TextEquiv>
                </pc:Word>
                <pc:Word id="w_w1aab1b3b2b9c21ac37">
                    <pc:Coords points="517,1516 615,1516 615,1556 517,1556"/>
                    <pc:TextEquiv>
                        <pc:Unicode>dem</pc:Unicode>
                    </pc:TextEquiv>
                </pc:Word>
                <pc:Word id="w_w1aab1b3b2b9c21ac45">
                    <pc:Coords points="626,1506 747,1506 747,1562 626,1562"/>
                    <pc:TextEquiv>
                        <pc:Unicode>gebet</pc:Unicode>
                    </pc:TextEquiv>
                </pc:Word>
                <pc:Word id="w_w1aab1b3b2b9c21ac57">
                    <pc:Coords points="757,1508 800,1508 800,1551 757,1551"/>
                    <pc:TextEquiv>
                        <pc:Unicode>in</pc:Unicode>
                    </pc:TextEquiv>
                </pc:Word>
                <pc:Word id="w_w1aab1b3b2b9c21ac63">
                    <pc:Coords points="811,1512 910,1512 910,1551 811,1551"/>
                    <pc:TextEquiv>
                        <pc:Unicode>dem</pc:Unicode>
                    </pc:TextEquiv>
                </pc:Word>
                <pc:Word id="w_w1aab1b3b2b9c21ac71">
                    <pc:Coords points="921,1504 1075,1504 1075,1557 921,1557"/>
                    <pc:TextEquiv>
                        <pc:Unicode>ſcheine</pc:Unicode>
                    </pc:TextEquiv>
                </pc:Word>
                <pc:Word id="w_w1aab1b3b2b9c21ac87">
                    <pc:Coords points="1083,1505 1246,1505 1246,1556 1083,1556"/>
                    <pc:TextEquiv>
                        <pc:Unicode>genent.</pc:Unicode>
                    </pc:TextEquiv>
                </pc:Word>
                <pc:Word id="w_w1aab1b3b2b9c21ad103">
                    <pc:Coords points="1257,1502 1345,1502 1345,1542 1257,1542"/>
                    <pc:TextEquiv>
                        <pc:Unicode>dan</pc:Unicode>
                    </pc:TextEquiv>
                </pc:Word>
                <pc:TextEquiv>
                    <pc:Unicode>der warheit/ gegen dem gebet in dem ſcheine genent. dan</pc:Unicode>
                </pc:TextEquiv>
            </pc:TextLine>
            <pc:TextLine id="tl_25" primaryLanguage="German">
                <pc:Coords points="100,1553 1351,1553 1351,1629 100,1629"/>
                <pc:Baseline points="100,1614 1351,1614"/>
                <pc:Word id="w_w1aab1b3b2b9c23ab1">
                    <pc:Coords points="100,1566 182,1566 182,1616 100,1616"/>
                    <pc:TextEquiv>
                        <pc:Unicode>das</pc:Unicode>
                    </pc:TextEquiv>
                </pc:Word>
                <pc:Word id="w_w1aab1b3b2b9c23ab9">
                    <pc:Coords points="193,1574 316,1574 316,1627 193,1627"/>
                    <pc:TextEquiv>
                        <pc:Unicode>gebet</pc:Unicode>
                    </pc:TextEquiv>
                </pc:Word>
                <pc:Word id="w_w1aab1b3b2b9c23ac21">
                    <pc:Coords points="325,1583 394,1583 394,1627 325,1627"/>
                    <pc:TextEquiv>
                        <pc:Unicode>ym</pc:Unicode>
                    </pc:TextEquiv>
                </pc:Word>
                <pc:Word id="w_w1aab1b3b2b9c23ac27">
                    <pc:Coords points="405,1568 642,1568 642,1625 405,1625"/>
                    <pc:TextEquiv>
                        <pc:Unicode>ſcheine/ vñ</pc:Unicode>
                    </pc:TextEquiv>
                </pc:Word>
                <pc:Word id="w_w1aab1b3b2b9c23ac49">
                    <pc:Coords points="651,1562 993,1562 993,1617 651,1617"/>
                    <pc:TextEquiv>
                        <pc:Unicode>leiblich/ iſt das</pc:Unicode>
                    </pc:TextEquiv>
                </pc:Word>
                <pc:Word id="w_w1aab1b3b2b9c23ac81">
                    <pc:Coords points="1003,1555 1233,1555 1233,1612 1003,1612"/>
                    <pc:TextEquiv>
                        <pc:Unicode>euſſerliche</pc:Unicode>
                    </pc:TextEquiv>
                </pc:Word>
                <pc:Word id="w_w1aab1b3b2b9c23ad105">
                    <pc:Coords points="1248,1553 1351,1553 1351,1598 1248,1598"/>
                    <pc:TextEquiv>
                        <pc:Unicode>mū-</pc:Unicode>
                    </pc:TextEquiv>
                </pc:Word>
                <pc:TextEquiv>
                    <pc:Unicode>das gebet ym ſcheine/ vñ leiblich/ iſt das euſſerliche mū-</pc:Unicode>
                </pc:TextEquiv>
            </pc:TextLine>
            <pc:TextLine id="tl_26" primaryLanguage="German">
                <pc:Coords points="98,1608 1350,1608 1350,1700 98,1700"/>
                <pc:Baseline points="98,1671 1350,1671"/>
                <pc:Word id="w_w1aab1b3b2b9c25ab1">
                    <pc:Coords points="98,1625 220,1625 220,1700 98,1700"/>
                    <pc:TextEquiv>
                        <pc:Unicode>melen</pc:Unicode>
                    </pc:TextEquiv>
                </pc:Word>
                <pc:Word id="w_w1aab1b3b2b9c25ac13">
                    <pc:Coords points="234,1635 321,1635 321,1676 234,1676"/>
                    <pc:TextEquiv>
                        <pc:Unicode>vnd</pc:Unicode>
                    </pc:TextEquiv>
                </pc:Word>
                <pc:Word id="w_w1aab1b3b2b9c25ac21">
                    <pc:Coords points="330,1633 543,1633 543,1685 330,1685"/>
                    <pc:TextEquiv>
                        <pc:Unicode>plepperen</pc:Unicode>
                    </pc:TextEquiv>
                </pc:Word>
                <pc:Word id="w_w1aab1b3b2b9c25ac41">
                    <pc:Coords points="553,1622 637,1622 637,1665 553,1665"/>
                    <pc:TextEquiv>
                        <pc:Unicode>mit</pc:Unicode>
                    </pc:TextEquiv>
                </pc:Word>
                <pc:Word id="w_w1aab1b3b2b9c25ac49">
                    <pc:Coords points="646,1627 745,1627 745,1665 646,1665"/>
                    <pc:TextEquiv>
                        <pc:Unicode>dem</pc:Unicode>
                    </pc:TextEquiv>
                </pc:Word>
                <pc:Word id="w_w1aab1b3b2b9c25ac57">
                    <pc:Coords points="755,1626 917,1626 917,1666 755,1666"/>
                    <pc:TextEquiv>
                        <pc:Unicode>munde</pc:Unicode>
                    </pc:TextEquiv>
                </pc:Word>
                <pc:Word id="w_w1aab1b3b2b9c25ac69">
                    <pc:Coords points="926,1626 985,1626 985,1662 926,1662"/>
                    <pc:TextEquiv>
                        <pc:Unicode>an</pc:Unicode>
                    </pc:TextEquiv>
                </pc:Word>
                <pc:Word id="w_w1aab1b3b2b9c25ac75">
                    <pc:Coords points="1000,1617 1081,1617 1081,1660 1000,1660"/>
                    <pc:TextEquiv>
                        <pc:Unicode>alle</pc:Unicode>
                    </pc:TextEquiv>
                </pc:Word>
                <pc:Word id="w_w1aab1b3b2b9c25ac85">
                    <pc:Coords points="1095,1613 1214,1613 1214,1664 1095,1664"/>
                    <pc:TextEquiv>
                        <pc:Unicode>acht.</pc:Unicode>
                    </pc:TextEquiv>
                </pc:Word>
                <pc:Word id="w_w1aab1b3b2b9c25ac97">
                    <pc:Coords points="1225,1608 1350,1608 1350,1659 1225,1659"/>
                    <pc:TextEquiv>
                        <pc:Unicode>Dan</pc:Unicode>
                    </pc:TextEquiv>
                </pc:Word>
                <pc:TextEquiv>
                    <pc:Unicode>melen vnd plepperen mit dem munde an alle acht. Dan</pc:Unicode>
                </pc:TextEquiv>
            </pc:TextLine>
            <pc:TextLine id="tl_27" primaryLanguage="German">
                <pc:Coords points="98,1665 1350,1665 1350,1744 98,1744"/>
                <pc:Baseline points="98,1728 1350,1728"/>
                <pc:Word id="w_w1aab1b3b2b9c27ab1">
                    <pc:Coords points="98,1678 180,1678 180,1728 98,1728"/>
                    <pc:TextEquiv>
                        <pc:Unicode>das</pc:Unicode>
                    </pc:TextEquiv>
                </pc:Word>
                <pc:Word id="w_w1aab1b3b2b9c27ab9">
                    <pc:Coords points="192,1683 375,1683 375,1743 192,1743"/>
                    <pc:TextEquiv>
                        <pc:Unicode>ſcheinet</pc:Unicode>
                    </pc:TextEquiv>
                </pc:Word>
                <pc:Word id="w_w1aab1b3b2b9c27ac27">
                    <pc:Coords points="384,1696 457,1696 457,1731 384,1731"/>
                    <pc:TextEquiv>
                        <pc:Unicode>voꝛ</pc:Unicode>
                    </pc:TextEquiv>
                </pc:Word>
                <pc:Word id="w_w1aab1b3b2b9c27ac35">
                    <pc:Coords points="465,1689 547,1689 547,1726 465,1726"/>
                    <pc:TextEquiv>
                        <pc:Unicode>den</pc:Unicode>
                    </pc:TextEquiv>
                </pc:Word>
                <pc:Word id="w_w1aab1b3b2b9c27ac43">
                    <pc:Coords points="556,1681 804,1681 804,1728 556,1728"/>
                    <pc:TextEquiv>
                        <pc:Unicode>leuten/ vnd</pc:Unicode>
                    </pc:TextEquiv>
                </pc:Word>
                <pc:Word id="w_w1aab1b3b2b9c27ac65">
                    <pc:Coords points="814,1673 1025,1673 1025,1729 814,1729"/>
                    <pc:TextEquiv>
                        <pc:Unicode>geſchicht</pc:Unicode>
                    </pc:TextEquiv>
                </pc:Word>
                <pc:Word id="w_w1aab1b3b2b9c27ac85">
                    <pc:Coords points="1031,1672 1115,1672 1115,1717 1031,1717"/>
                    <pc:TextEquiv>
                        <pc:Unicode>mit</pc:Unicode>
                    </pc:TextEquiv>
                </pc:Word>
                <pc:Word id="w_w1aab1b3b2b9c27ac93">
                    <pc:Coords points="1120,1676 1224,1676 1224,1714 1120,1714"/>
                    <pc:TextEquiv>
                        <pc:Unicode>dem</pc:Unicode>
                    </pc:TextEquiv>
                </pc:Word>
                <pc:Word id="w_w1aab1b3b2b9c27ad101">
                    <pc:Coords points="1240,1665 1350,1665 1350,1711 1240,1711"/>
                    <pc:TextEquiv>
                        <pc:Unicode>leib-</pc:Unicode>
                    </pc:TextEquiv>
                </pc:Word>
                <pc:TextEquiv>
                    <pc:Unicode>das ſcheinet voꝛ den leuten/ vnd geſchicht mit dem leib-</pc:Unicode>
                </pc:TextEquiv>
            </pc:TextLine>
            <pc:TextLine id="tl_28" primaryLanguage="German">
                <pc:Coords points="99,1714 1355,1714 1355,1795 99,1795"/>
                <pc:Baseline points="99,1784 1355,1784"/>
                <pc:Word id="w_w1aab1b3b2b9c29ab1">
                    <pc:Coords points="99,1739 223,1739 223,1794 99,1794"/>
                    <pc:TextEquiv>
                        <pc:Unicode>lichen</pc:Unicode>
                    </pc:TextEquiv>
                </pc:Word>
                <pc:Word id="w_w1aab1b3b2b9c29ac13">
                    <pc:Coords points="235,1743 506,1743 506,1791 235,1791"/>
                    <pc:TextEquiv>
                        <pc:Unicode>munde/ vnd</pc:Unicode>
                    </pc:TextEquiv>
                </pc:Word>
                <pc:Word id="word_1479723732353_168">
                    <pc:Coords points="587,1790 517,1790 517,1718 587,1718"/>
                    <pc:TextEquiv>
                        <pc:Unicode>nit</pc:Unicode>
                    </pc:TextEquiv>
                </pc:Word>
                <pc:Word id="word_1479723741825_170">
                    <pc:Coords points="859,1790 587,1790 587,1718 859,1718"/>
                    <pc:TextEquiv>
                        <pc:Unicode>warhafftig.</pc:Unicode>
                    </pc:TextEquiv>
                </pc:Word>
                <pc:Word id="word_1479723747041_172">
                    <pc:Coords points="983,1790 859,1790 859,1718 983,1718"/>
                    <pc:TextEquiv>
                        <pc:Unicode>Aber</pc:Unicode>
                    </pc:TextEquiv>
                </pc:Word>
                <pc:Word id="word_1479723747041_171">
                    <pc:Coords points="1076,1790 983,1790 983,1718 1076,1718"/>
                    <pc:TextEquiv>
                        <pc:Unicode>das</pc:Unicode>
                    </pc:TextEquiv>
                </pc:Word>
                <pc:Word id="w_w1aab1b3b2b9c29ac77">
                    <pc:Coords points="1092,1721 1276,1721 1276,1781 1092,1781"/>
                    <pc:TextEquiv>
                        <pc:Unicode>geiſtlich</pc:Unicode>
                    </pc:TextEquiv>
                </pc:Word>
                <pc:Word id="w_w1aab1b3b2b9c29ac97">
                    <pc:Coords points="1292,1718 1355,1718 1355,1766 1292,1766"/>
                    <pc:TextEquiv>
                        <pc:Unicode>vñ</pc:Unicode>
                    </pc:TextEquiv>
                </pc:Word>
                <pc:TextEquiv>
                    <pc:Unicode>lichen munde/ vnd nit warhafftig. Aber das geiſtlich vñ</pc:Unicode>
                </pc:TextEquiv>
            </pc:TextLine>
            <pc:TextEquiv>
                <pc:Unicode>voꝛlangē aus hertzen grund. Das erſte macht heuch-
ler/ vnd falſch ſichere geiſter. Das ander macht heylige
vnd foꝛchtſame kinder gottes. Doch iſt hietzn mer-
ken ein vnterſcheid/ dan das euſſerliche gebet geſchicht in
dꝛeyerley weyſze.
Die weyſe iſt/ das man wenig woꝛt mache / aber vil
vnd tieffe meinungen ader ſynnē. Jhe weniger woꝛt/ ihe
beſſer gebet/ ihe mer woꝛt/ ie erger gebet. wenig woꝛt vnd
vil meinung iſt Chriſtlich. vil woꝛt vnd wenig meinung
iſt heideniſch. Darūb ſpꝛicht er/ ſolt nit vil reden/ wan yr
betet wie die heidē. Jtē Johã.iiij.tzu dem heydeniſchē
weiblin ſpꝛach er/ wer got wil an beten/ der muſz in dem
greiſt vnd in der warheit anbetē. Da ſolch anbeter ſuchet
der vater. Nun in dem geiſt beten/ ader geiſtlich betē
iſt gegen dem leiblichen gebet alſo genent. Vnd beten in
der warheit/ gegen dem gebet in dem ſcheine genent. dan
das gebet ym ſcheine/ vñ leiblich/ iſt das euſſerliche mū-
melen vnd plepperen mit dem munde an alle acht. Dan
das ſcheinet voꝛ den leuten/ vnd geſchicht mit dem leib-
lichen munde/ vnd nit warhafftig. Aber das geiſtlich vñ</pc:Unicode>
            </pc:TextEquiv>
        </pc:TextRegion>
        <pc:TextRegion id="r_3_3" type="signature-mark">
            <pc:Coords points="1036,2121 1175,2121 1175,2186 1036,2186"/>
            <pc:TextLine id="tl_35" primaryLanguage="German">
                <pc:Coords points="1037,2122 1174,2122 1174,2185 1037,2185"/>
                <pc:Baseline points="1037,2186 1174,2186"/>
                <pc:Word id="word_1479724691818_218">
                    <pc:Coords points="1111,2184 1037,2184 1037,2123 1111,2123"/>
                    <pc:TextEquiv>
                        <pc:Unicode>a</pc:Unicode>
                    </pc:TextEquiv>
                </pc:Word>
                <pc:Word id="word_1479724691817_217">
                    <pc:Coords points="1174,2184 1111,2184 1111,2123 1174,2123"/>
                    <pc:TextEquiv>
                        <pc:Unicode>ij</pc:Unicode>
                    </pc:TextEquiv>
                </pc:Word>
                <pc:TextEquiv>
                    <pc:Unicode>a ij</pc:Unicode>
                </pc:TextEquiv>
            </pc:TextLine>
            <pc:TextEquiv>
                <pc:Unicode>a ij</pc:Unicode>
            </pc:TextEquiv>
        </pc:TextRegion>
        <pc:TextRegion id="r6" type="drop-capital">
            <pc:Coords points="291,425 291,195 66,195 66,425"/>
            <pc:TextLine id="l7">
                <pc:Coords points="78,220 78,221 84,221 84,222 85,222 85,223 86,223 86,228 175,228 175,229 196,229 196,230 201,230 201,231 203,231 203,232 205,232 205,233 207,233 207,234 209,234 209,235 210,235 210,236 212,236 212,237 214,237 214,238 216,238 216,240 220,240 220,241 223,241 223,243 224,243 224,244 229,244 229,245 230,245 230,246 232,246 232,247 233,247 233,248 235,248 235,249 236,249 236,251 240,251 240,252 291,252 291,283 287,283 287,402 291,402 243,402 243,405 242,405 242,406 240,406 240,407 237,407 237,408 236,408 236,409 234,409 234,410 231,410 231,411 229,411 229,412 228,412 228,413 227,413 227,414 226,414 226,415 224,415 224,416 221,416 221,417 217,417 217,418 212,418 212,419 209,419 209,420 206,420 206,421 191,421 191,422 188,422 188,421 178,421 178,420 176,420 176,419 135,419 135,407 104,407 104,402 73,402 73,345 72,345 72,344 73,344 73,343 78,343 78,222 77,222 77,220"/>
                <pc:Word id="w8">
                    <pc:Coords points="78,220 78,221 84,221 84,222 85,222 85,223 86,223 86,228 175,228 175,229 196,229 196,230 201,230 201,231 203,231 203,232 205,232 205,233 207,233 207,234 209,234 209,235 210,235 210,236 212,236 212,237 214,237 214,238 216,238 216,240 220,240 220,241 223,241 223,243 224,243 224,244 229,244 229,245 230,245 230,246 232,246 232,247 233,247 233,248 235,248 235,249 236,249 236,251 240,251 240,252 291,252 291,283 287,283 287,402 291,402 243,402 243,405 242,405 242,406 240,406 240,407 237,407 237,408 236,408 236,409 234,409 234,410 231,410 231,411 229,411 229,412 228,412 228,413 227,413 227,414 226,414 226,415 224,415 224,416 221,416 221,417 217,417 217,418 212,418 212,419 209,419 209,420 206,420 206,421 191,421 191,422 188,422 188,421 178,421 178,420 176,420 176,419 135,419 135,407 104,407 104,402 73,402 73,345 72,345 72,344 73,344 73,343 78,343 78,222 77,222 77,220"/>
                    <pc:TextEquiv>
                        <pc:Unicode>D</pc:Unicode>
                    </pc:TextEquiv>
                </pc:Word>
                <pc:TextEquiv>
                    <pc:Unicode>D</pc:Unicode>
                </pc:TextEquiv>
            </pc:TextLine>
            <pc:TextEquiv>
                <pc:Unicode>D</pc:Unicode>
            </pc:TextEquiv>
        </pc:TextRegion>
    </pc:Page>
</pc:PcGts>
