<?xml version="1.0" encoding="UTF-8"?>
<pc:PcGts xmlns:pc="http://schema.primaresearch.org/PAGE/gts/pagecontent/2019-07-15" xmlns:xsi="http://www.w3.org/2001/XMLSchema-instance" xsi:schemaLocation="http://schema.primaresearch.org/PAGE/gts/pagecontent/2019-07-15 http://schema.primaresearch.org/PAGE/gts/pagecontent/2019-07-15/pagecontent.xsd">
    <pc:Metadata>
        <pc:Creator>OCR-D</pc:Creator>
        <pc:Created>2016-09-22T15:26:23</pc:Created>
        <pc:LastChange>2019-11-25T12:07:27</pc:LastChange>
    </pc:Metadata>
    <pc:Page imageFilename="OCR-D-IMG/OCR-D-IMG_0029.tif" imageWidth="1785" imageHeight="2530" imageXResolution="300." imageYResolution="300." type="content">
        <pc:Border>
            <pc:Coords points="43,137 1328,137 1331,2404 44,2408"/>
        </pc:Border>
        <pc:ReadingOrder>
            <pc:OrderedGroup id="ro357564684568544579089" caption="Regions reading order">
                <pc:RegionRefIndexed index="0" regionRef="r_3_1"/>
                <pc:RegionRefIndexed index="1" regionRef="TextRegion_1479723846210_177"/>
                <pc:RegionRefIndexed index="2" regionRef="r_3_4"/>
                <pc:RegionRefIndexed index="3" regionRef="r_3_5"/>
                <pc:RegionRefIndexed index="4" regionRef="r_4_1"/>
            </pc:OrderedGroup>
        </pc:ReadingOrder>
        <pc:TextRegion id="r_3_1" type="paragraph">
            <pc:Coords points="65,195 1297,195 1297,385 65,385"/>
            <pc:TextLine id="tl_19" primaryLanguage="German">
                <pc:Coords points="66,196 1293,196 1293,268 66,268"/>
                <pc:Baseline points="66,256 1293,256"/>
                <pc:Word id="w_w1aab1b5b2b1b1ab1">
                    <pc:Coords points="66,204 147,204 147,257 66,257"/>
                    <pc:TextEquiv>
                        <pc:Unicode>erſte</pc:Unicode>
                    </pc:TextEquiv>
                </pc:Word>
                <pc:Word id="w_w1aab1b5b2b1b1ac11">
                    <pc:Coords points="154,209 303,209 303,265 154,265"/>
                    <pc:TextEquiv>
                        <pc:Unicode>achten</pc:Unicode>
                    </pc:TextEquiv>
                </pc:Word>
                <pc:Word id="w_w1aab1b5b2b1b1ac25">
                    <pc:Coords points="314,209 366,209 366,266 314,266"/>
                    <pc:TextEquiv>
                        <pc:Unicode>ſie</pc:Unicode>
                    </pc:TextEquiv>
                </pc:Word>
                <pc:Word id="w_w1aab1b5b2b1b1ac33">
                    <pc:Coords points="374,208 605,208 605,262 374,262"/>
                    <pc:TextEquiv>
                        <pc:Unicode>nichts/ ad</pc:Unicode>
                    </pc:TextEquiv>
                </pc:Word>
                <pc:Word id="w_w1aab1b5b2b1b1ac53">
                    <pc:Coords points="615,204 793,204 793,258 615,258"/>
                    <pc:TextEquiv>
                        <pc:Unicode>achtens</pc:Unicode>
                    </pc:TextEquiv>
                </pc:Word>
                <pc:Word id="w_w1aab1b5b2b1b1ac69">
                    <pc:Coords points="802,202 931,202 931,250 802,250"/>
                    <pc:TextEquiv>
                        <pc:Unicode>allein</pc:Unicode>
                    </pc:TextEquiv>
                </pc:Word>
                <pc:Word id="w_w1aab1b5b2b1b1ac83">
                    <pc:Coords points="939,200 1044,200 1044,248 939,248"/>
                    <pc:TextEquiv>
                        <pc:Unicode>vmb</pc:Unicode>
                    </pc:TextEquiv>
                </pc:Word>
                <pc:Word id="w_w1aab1b5b2b1b1ac93">
                    <pc:Coords points="1054,208 1138,208 1138,249 1054,249"/>
                    <pc:TextEquiv>
                        <pc:Unicode>des</pc:Unicode>
                    </pc:TextEquiv>
                </pc:Word>
                <pc:Word id="w_w1aab1b5b2b1b1ad101">
                    <pc:Coords points="1148,203 1293,203 1293,256 1148,256"/>
                    <pc:TextEquiv>
                        <pc:Unicode>letzten</pc:Unicode>
                    </pc:TextEquiv>
                </pc:Word>
                <pc:TextEquiv>
                    <pc:Unicode>erſte achten ſie nichts/ ad achtens allein vmb des letzten</pc:Unicode>
                </pc:TextEquiv>
            </pc:TextLine>
            <pc:TextLine id="tl_20" primaryLanguage="German">
                <pc:Coords points="68,256 1296,256 1296,325 68,325"/>
                <pc:Baseline points="68,313 1296,313"/>
                <pc:Word id="w_w1aab1b5b2b1b3ab1">
                    <pc:Coords points="68,265 384,265 384,316 68,316"/>
                    <pc:TextEquiv>
                        <pc:Unicode>willen. Darūb</pc:Unicode>
                    </pc:TextEquiv>
                </pc:Word>
                <pc:Word id="w_w1aab1b5b2b1b3ac27">
                    <pc:Coords points="398,275 540,275 540,312 398,312"/>
                    <pc:TextEquiv>
                        <pc:Unicode>werdē</pc:Unicode>
                    </pc:TextEquiv>
                </pc:Word>
                <pc:Word id="w_w1aab1b5b2b1b3ac39">
                    <pc:Coords points="551,265 603,265 603,321 551,321"/>
                    <pc:TextEquiv>
                        <pc:Unicode>ſie</pc:Unicode>
                    </pc:TextEquiv>
                </pc:Word>
                <pc:Word id="w_w1aab1b5b2b1b3ac47">
                    <pc:Coords points="615,276 661,276 661,320 615,320"/>
                    <pc:TextEquiv>
                        <pc:Unicode>yr</pc:Unicode>
                    </pc:TextEquiv>
                </pc:Word>
                <pc:Word id="w_w1aab1b5b2b1b3ac53">
                    <pc:Coords points="672,263 792,263 792,308 672,308"/>
                    <pc:TextEquiv>
                        <pc:Unicode>keins</pc:Unicode>
                    </pc:TextEquiv>
                </pc:Word>
                <pc:Word id="w_w1aab1b5b2b1b3ac65">
                    <pc:Coords points="803,259 1140,259 1140,315 803,315"/>
                    <pc:TextEquiv>
                        <pc:Unicode>vberkūmen/ ſie</pc:Unicode>
                    </pc:TextEquiv>
                </pc:Word>
                <pc:Word id="w_w1aab1b5b2b1b3ac93">
                    <pc:Coords points="1160,261 1296,261 1296,316 1160,316"/>
                    <pc:TextEquiv>
                        <pc:Unicode>wollē</pc:Unicode>
                    </pc:TextEquiv>
                </pc:Word>
                <pc:TextEquiv>
                    <pc:Unicode>willen. Darūb werdē ſie yr keins vberkūmen/ ſie wollē</pc:Unicode>
                </pc:TextEquiv>
            </pc:TextLine>
            <pc:TextLine id="tl_21" primaryLanguage="German">
                <pc:Coords points="68,308 1210,308 1210,384 68,384"/>
                <pc:Baseline points="68,370 1210,370"/>
                <pc:Word id="w_w1aab1b5b2b1b5ab1">
                    <pc:Coords points="68,315 134,315 134,367 68,367"/>
                    <pc:TextEquiv>
                        <pc:Unicode>den</pc:Unicode>
                    </pc:TextEquiv>
                </pc:Word>
                <pc:Word id="word_1479723877390_179">
                    <pc:Coords points="348,383 147,383 147,322 348,322"/>
                    <pc:TextEquiv>
                        <pc:Unicode>voꝛanck</pc:Unicode>
                    </pc:TextEquiv>
                </pc:Word>
                <pc:Word id="word_1479723882146_181">
                    <pc:Coords points="425,383 348,383 348,322 425,322"/>
                    <pc:TextEquiv>
                        <pc:Unicode>nit</pc:Unicode>
                    </pc:TextEquiv>
                </pc:Word>
                <pc:Word id="word_1479723882145_180">
                    <pc:Coords points="607,383 425,383 425,322 607,322"/>
                    <pc:TextEquiv>
                        <pc:Unicode>recht/ ſo</pc:Unicode>
                    </pc:TextEquiv>
                </pc:Word>
                <pc:Word id="word_1479723916410_183">
                    <pc:Coords points="728,376 620,376 620,323 728,323"/>
                    <pc:TextEquiv>
                        <pc:Unicode>wirt</pc:Unicode>
                    </pc:TextEquiv>
                </pc:Word>
                <pc:Word id="word_1479723916409_182">
                    <pc:Coords points="786,376 728,376 728,323 786,323"/>
                    <pc:TextEquiv>
                        <pc:Unicode>yn</pc:Unicode>
                    </pc:TextEquiv>
                </pc:Word>
                <pc:Word id="w_w1aab1b5b2b1b5ac63">
                    <pc:Coords points="797,321 867,321 867,366 797,366"/>
                    <pc:TextEquiv>
                        <pc:Unicode>die</pc:Unicode>
                    </pc:TextEquiv>
                </pc:Word>
                <pc:Word id="w_w1aab1b5b2b1b5ac71">
                    <pc:Coords points="875,314 990,314 990,370 875,370"/>
                    <pc:TextEquiv>
                        <pc:Unicode>folge</pc:Unicode>
                    </pc:TextEquiv>
                </pc:Word>
                <pc:Word id="w_w1aab1b5b2b1b5ac83">
                    <pc:Coords points="1002,318 1113,318 1113,374 1002,374"/>
                    <pc:TextEquiv>
                        <pc:Unicode>auch</pc:Unicode>
                    </pc:TextEquiv>
                </pc:Word>
                <pc:Word id="w_w1aab1b5b2b1b5ac93">
                    <pc:Coords points="1130,319 1210,319 1210,364 1130,364"/>
                    <pc:TextEquiv>
                        <pc:Unicode>nit.</pc:Unicode>
                    </pc:TextEquiv>
                </pc:Word>
                <pc:TextEquiv>
                    <pc:Unicode>den voꝛanck nit recht/ ſo wirt yn die folge auch nit.</pc:Unicode>
                </pc:TextEquiv>
            </pc:TextLine>
            <pc:TextEquiv>
                <pc:Unicode>erſte achten ſie nichts/ ad achtens allein vmb des letzten
willen. Darūb werdē ſie yr keins vberkūmen/ ſie wollē
den voꝛanck nit recht/ ſo wirt yn die folge auch nit.</pc:Unicode>
            </pc:TextEquiv>
        </pc:TextRegion>
        <pc:TextRegion id="TextRegion_1479723846210_177" type="heading">
            <pc:Coords points="384,428 908,428 1251,526 1251,729 99,729 99,526"/>
            <pc:TextLine id="tl_22" primaryLanguage="German">
                <pc:Coords points="385,429 907,429 907,526 385,526"/>
                <pc:Baseline points="385,522 907,522"/>
                <pc:Word id="w_w1aab1b5b2b3b1ab1">
                    <pc:Coords points="385,435 535,435 535,526 385,526"/>
                    <pc:TextEquiv>
                        <pc:Unicode>Die</pc:Unicode>
                    </pc:TextEquiv>
                </pc:Word>
                <pc:Word id="w_w1aab1b5b2b3b1ab7">
                    <pc:Coords points="553,435 739,435 739,523 553,523"/>
                    <pc:TextEquiv>
                        <pc:Unicode>dꝛitte</pc:Unicode>
                    </pc:TextEquiv>
                </pc:Word>
                <pc:Word id="w_w1aab1b5b2b3b1ac21">
                    <pc:Coords points="751,430 907,430 907,522 751,522"/>
                    <pc:TextEquiv>
                        <pc:Unicode>bitt.</pc:Unicode>
                    </pc:TextEquiv>
                </pc:Word>
                <pc:TextEquiv>
                    <pc:Unicode>Die dꝛitte bitt.</pc:Unicode>
                </pc:TextEquiv>
            </pc:TextLine>
            <pc:TextLine id="tl_23" primaryLanguage="German">
                <pc:Coords points="100,527 1250,527 1250,646 100,646"/>
                <pc:Baseline points="100,621 1250,621"/>
                <pc:Word id="w_w1aab1b5b2b5b1ab1">
                    <pc:Coords points="100,536 292,536 292,632 100,632"/>
                    <pc:TextEquiv>
                        <pc:Unicode>Dein</pc:Unicode>
                    </pc:TextEquiv>
                </pc:Word>
                <pc:Word id="w_w1aab1b5b2b5b1ac11">
                    <pc:Coords points="306,540 446,540 446,629 306,629"/>
                    <pc:TextEquiv>
                        <pc:Unicode>will</pc:Unicode>
                    </pc:TextEquiv>
                </pc:Word>
                <pc:Word id="w_w1aab1b5b2b5b1ac21">
                    <pc:Coords points="460,534 748,534 748,644 460,644"/>
                    <pc:TextEquiv>
                        <pc:Unicode>geſchehe</pc:Unicode>
                    </pc:TextEquiv>
                </pc:Word>
                <pc:Word id="w_w1aab1b5b2b5b1ac39">
                    <pc:Coords points="762,531 872,531 872,620 762,620"/>
                    <pc:TextEquiv>
                        <pc:Unicode>als</pc:Unicode>
                    </pc:TextEquiv>
                </pc:Word>
                <pc:Word id="w_w1aab1b5b2b5b1ac47">
                    <pc:Coords points="898,528 1250,528 1250,633 898,633"/>
                    <pc:TextEquiv>
                        <pc:Unicode>ym hymel</pc:Unicode>
                    </pc:TextEquiv>
                </pc:Word>
                <pc:TextEquiv>
                    <pc:Unicode>Dein will geſchehe als ym hymel</pc:Unicode>
                </pc:TextEquiv>
            </pc:TextLine>
            <pc:TextLine id="tl_24" primaryLanguage="German">
                <pc:Coords points="404,631 953,631 953,728 404,728"/>
                <pc:Baseline points="404,728 953,728"/>
                <pc:Word id="w_w1aab1b5b2b5b3ab1">
                    <pc:Coords points="404,632 953,632 953,728 404,728"/>
                    <pc:TextEquiv>
                        <pc:Unicode>und auff erden.</pc:Unicode>
                    </pc:TextEquiv>
                </pc:Word>
                <pc:TextEquiv>
                    <pc:Unicode>und auff erden.</pc:Unicode>
                </pc:TextEquiv>
            </pc:TextLine>
            <pc:TextEquiv>
                <pc:Unicode>Die dꝛitte bitt.
Dein will geſchehe als ym hymel
und auff erden.</pc:Unicode>
            </pc:TextEquiv>
        </pc:TextRegion>
        <pc:TextRegion id="r_3_4" type="paragraph">
            <pc:Coords points="70,789 1302,789 1302,1549 70,1549"/>
            <pc:TextLine id="tl_25" primaryLanguage="German">
                <pc:Coords points="176,790 1297,790 1297,861 176,861"/>
                <pc:Baseline points="176,848 1297,848"/>
                <pc:Word id="w_w1aab1b5b2b7b1ab1">
                    <pc:Coords points="176,797 311,797 311,860 176,860"/>
                    <pc:TextEquiv>
                        <pc:Unicode>Dyße</pc:Unicode>
                    </pc:TextEquiv>
                </pc:Word>
                <pc:Word id="w_w1aab1b5b2b7b1ac13">
                    <pc:Coords points="318,803 386,803 386,848 318,848"/>
                    <pc:TextEquiv>
                        <pc:Unicode>bit</pc:Unicode>
                    </pc:TextEquiv>
                </pc:Word>
                <pc:Word id="w_w1aab1b5b2b7b1ac21">
                    <pc:Coords points="393,801 490,801 490,846 393,846"/>
                    <pc:TextEquiv>
                        <pc:Unicode>vbet</pc:Unicode>
                    </pc:TextEquiv>
                </pc:Word>
                <pc:Word id="w_w1aab1b5b2b7b1ac31">
                    <pc:Coords points="497,800 606,800 606,854 497,854"/>
                    <pc:TextEquiv>
                        <pc:Unicode>auch</pc:Unicode>
                    </pc:TextEquiv>
                </pc:Word>
                <pc:Word id="w_w1aab1b5b2b7b1ac41">
                    <pc:Coords points="615,801 684,801 684,845 615,845"/>
                    <pc:TextEquiv>
                        <pc:Unicode>die</pc:Unicode>
                    </pc:TextEquiv>
                </pc:Word>
                <pc:Word id="w_w1aab1b5b2b7b1ac49">
                    <pc:Coords points="694,805 826,805 826,854 694,854"/>
                    <pc:TextEquiv>
                        <pc:Unicode>tzwey</pc:Unicode>
                    </pc:TextEquiv>
                </pc:Word>
                <pc:Word id="w_w1aab1b5b2b7b1ac61">
                    <pc:Coords points="834,798 965,798 965,852 834,852"/>
                    <pc:TextEquiv>
                        <pc:Unicode>ding/</pc:Unicode>
                    </pc:TextEquiv>
                </pc:Word>
                <pc:Word id="w_w1aab1b5b2b7b1ac73">
                    <pc:Coords points="977,798 1046,798 1046,842 977,842"/>
                    <pc:TextEquiv>
                        <pc:Unicode>die</pc:Unicode>
                    </pc:TextEquiv>
                </pc:Word>
                <pc:Word id="w_w1aab1b5b2b7b1ac81">
                    <pc:Coords points="1055,797 1101,797 1101,842 1055,842"/>
                    <pc:TextEquiv>
                        <pc:Unicode>in</pc:Unicode>
                    </pc:TextEquiv>
                </pc:Word>
                <pc:Word id="w_w1aab1b5b2b7b1ac87">
                    <pc:Coords points="1119,796 1297,796 1297,850 1119,850"/>
                    <pc:TextEquiv>
                        <pc:Unicode>voꝛgan-</pc:Unicode>
                    </pc:TextEquiv>
                </pc:Word>
                <pc:TextEquiv>
                    <pc:Unicode>Dyße bit vbet auch die tzwey ding/ die in voꝛgan-</pc:Unicode>
                </pc:TextEquiv>
            </pc:TextLine>
            <pc:TextLine id="tl_26" primaryLanguage="German">
                <pc:Coords points="71,850 1298,850 1298,918 71,918"/>
                <pc:Baseline points="71,905 1298,905"/>
                <pc:Word id="w_w1aab1b5b2b7b3ab1">
                    <pc:Coords points="71,858 176,858 176,907 71,907"/>
                    <pc:TextEquiv>
                        <pc:Unicode>gener</pc:Unicode>
                    </pc:TextEquiv>
                </pc:Word>
                <pc:Word id="w_w1aab1b5b2b7b3ac13">
                    <pc:Coords points="184,863 251,863 251,906 184,906"/>
                    <pc:TextEquiv>
                        <pc:Unicode>bit</pc:Unicode>
                    </pc:TextEquiv>
                </pc:Word>
                <pc:Word id="w_w1aab1b5b2b7b3ac21">
                    <pc:Coords points="261,859 399,859 399,916 261,916"/>
                    <pc:TextEquiv>
                        <pc:Unicode>geſagt</pc:Unicode>
                    </pc:TextEquiv>
                </pc:Word>
                <pc:Word id="word_1479723936108_185">
                    <pc:Coords points="506,913 407,913 407,857 506,857"/>
                    <pc:TextEquiv>
                        <pc:Unicode>ſein.</pc:Unicode>
                    </pc:TextEquiv>
                </pc:Word>
                <pc:Word id="word_1479723936107_184">
                    <pc:Coords points="713,913 506,913 506,857 713,857"/>
                    <pc:TextEquiv>
                        <pc:Unicode>Nemlich</pc:Unicode>
                    </pc:TextEquiv>
                </pc:Word>
                <pc:Word id="w_w1aab1b5b2b7b3ac61">
                    <pc:Coords points="721,855 771,855 771,911 721,911"/>
                    <pc:TextEquiv>
                        <pc:Unicode>ſie</pc:Unicode>
                    </pc:TextEquiv>
                </pc:Word>
                <pc:Word id="w_w1aab1b5b2b7b3ac69">
                    <pc:Coords points="780,857 963,857 963,900 780,900"/>
                    <pc:TextEquiv>
                        <pc:Unicode>ernidert</pc:Unicode>
                    </pc:TextEquiv>
                </pc:Word>
                <pc:Word id="w_w1aab1b5b2b7b3ac87">
                    <pc:Coords points="981,861 1100,861 1100,900 981,900"/>
                    <pc:TextEquiv>
                        <pc:Unicode>vnnd</pc:Unicode>
                    </pc:TextEquiv>
                </pc:Word>
                <pc:Word id="w_w1aab1b5b2b7b3ac97">
                    <pc:Coords points="1122,852 1298,852 1298,907 1122,907"/>
                    <pc:TextEquiv>
                        <pc:Unicode>erhebt/</pc:Unicode>
                    </pc:TextEquiv>
                </pc:Word>
                <pc:TextEquiv>
                    <pc:Unicode>gener bit geſagt ſein. Nemlich ſie ernidert vnnd erhebt/</pc:Unicode>
                </pc:TextEquiv>
            </pc:TextLine>
            <pc:TextLine id="tl_27" primaryLanguage="German">
                <pc:Coords points="72,905 1296,905 1296,974 72,974"/>
                <pc:Baseline points="72,962 1296,962"/>
                <pc:Word id="word_1479723950214_187">
                    <pc:Coords points="209,973 72,973 72,913 209,913"/>
                    <pc:TextEquiv>
                        <pc:Unicode>macht</pc:Unicode>
                    </pc:TextEquiv>
                </pc:Word>
                <pc:Word id="word_1479723954105_189">
                    <pc:Coords points="365,973 209,973 209,913 365,913"/>
                    <pc:TextEquiv>
                        <pc:Unicode>ſunder</pc:Unicode>
                    </pc:TextEquiv>
                </pc:Word>
                <pc:Word id="word_1479723959033_191">
                    <pc:Coords points="467,973 365,973 365,913 467,913"/>
                    <pc:TextEquiv>
                        <pc:Unicode>vnd</pc:Unicode>
                    </pc:TextEquiv>
                </pc:Word>
                <pc:Word id="word_1479723959033_190">
                    <pc:Coords points="700,973 467,973 467,913 700,913"/>
                    <pc:TextEquiv>
                        <pc:Unicode>from/ dan</pc:Unicode>
                    </pc:TextEquiv>
                </pc:Word>
                <pc:Word id="w_w1aab1b5b2b7b5ac49">
                    <pc:Coords points="718,915 787,915 787,958 718,958"/>
                    <pc:TextEquiv>
                        <pc:Unicode>die</pc:Unicode>
                    </pc:TextEquiv>
                </pc:Word>
                <pc:Word id="w_w1aab1b5b2b7b5ac57">
                    <pc:Coords points="804,918 934,918 934,966 804,966"/>
                    <pc:TextEquiv>
                        <pc:Unicode>tzwey</pc:Unicode>
                    </pc:TextEquiv>
                </pc:Word>
                <pc:Word id="w_w1aab1b5b2b7b5ac69">
                    <pc:Coords points="953,909 1296,909 1296,966 953,966"/>
                    <pc:TextEquiv>
                        <pc:Unicode>ſtuck:iudiciū et</pc:Unicode>
                    </pc:TextEquiv>
                </pc:Word>
                <pc:TextEquiv>
                    <pc:Unicode>macht ſunder vnd from/ dan die tzwey ſtuck:iudiciū et</pc:Unicode>
                </pc:TextEquiv>
            </pc:TextLine>
            <pc:TextLine id="tl_28" primaryLanguage="German">
                <pc:Coords points="73,964 1296,964 1296,1031 73,1031"/>
                <pc:Baseline points="73,1019 1296,1019"/>
                <pc:Word id="w_w1aab1b5b2b7b7ab1">
                    <pc:Coords points="73,973 282,973 282,1025 73,1025"/>
                    <pc:TextEquiv>
                        <pc:Unicode>iuſticiam:</pc:Unicode>
                    </pc:TextEquiv>
                </pc:Word>
                <pc:Word id="w_w1aab1b5b2b7b7ac21">
                    <pc:Coords points="294,973 451,973 451,1029 294,1029"/>
                    <pc:TextEquiv>
                        <pc:Unicode>gericht</pc:Unicode>
                    </pc:TextEquiv>
                </pc:Word>
                <pc:Word id="w_w1aab1b5b2b7b7ac37">
                    <pc:Coords points="462,980 547,980 547,1018 462,1018"/>
                    <pc:TextEquiv>
                        <pc:Unicode>vnd</pc:Unicode>
                    </pc:TextEquiv>
                </pc:Word>
                <pc:Word id="w_w1aab1b5b2b7b7ac45">
                    <pc:Coords points="558,968 846,968 846,1026 558,1026"/>
                    <pc:TextEquiv>
                        <pc:Unicode>gerechtigkeit</pc:Unicode>
                    </pc:TextEquiv>
                </pc:Word>
                <pc:Word id="w_w1aab1b5b2b7b7ac73">
                    <pc:Coords points="853,973 879,973 879,1023 853,1023"/>
                    <pc:TextEquiv>
                        <pc:Unicode>/</pc:Unicode>
                    </pc:TextEquiv>
                </pc:Word>
                <pc:Word id="w_w1aab1b5b2b7b7ac77">
                    <pc:Coords points="889,967 1058,967 1058,1014 889,1014"/>
                    <pc:TextEquiv>
                        <pc:Unicode>wircket</pc:Unicode>
                    </pc:TextEquiv>
                </pc:Word>
                <pc:Word id="w_w1aab1b5b2b7b7ac93">
                    <pc:Coords points="1074,975 1162,975 1162,1013 1074,1013"/>
                    <pc:TextEquiv>
                        <pc:Unicode>das</pc:Unicode>
                    </pc:TextEquiv>
                </pc:Word>
                <pc:Word id="w_w1aab1b5b2b7b7ad101">
                    <pc:Coords points="1180,971 1296,971 1296,1011 1180,1011"/>
                    <pc:TextEquiv>
                        <pc:Unicode>woꝛt</pc:Unicode>
                    </pc:TextEquiv>
                </pc:Word>
                <pc:TextEquiv>
                    <pc:Unicode>iuſticiam: gericht vnd gerechtigkeit / wircket das woꝛt</pc:Unicode>
                </pc:TextEquiv>
            </pc:TextLine>
            <pc:TextLine id="tl_29" primaryLanguage="German">
                <pc:Coords points="71,1020 1297,1020 1297,1087 71,1087"/>
                <pc:Baseline points="71,1075 1297,1075"/>
                <pc:Word id="w_w1aab1b5b2b7b9ab1">
                    <pc:Coords points="71,1028 199,1028 199,1077 71,1077"/>
                    <pc:TextEquiv>
                        <pc:Unicode>gottes</pc:Unicode>
                    </pc:TextEquiv>
                </pc:Word>
                <pc:Word id="w_w1aab1b5b2b7b9ac15">
                    <pc:Coords points="210,1035 285,1035 285,1077 210,1077"/>
                    <pc:TextEquiv>
                        <pc:Unicode>alle</pc:Unicode>
                    </pc:TextEquiv>
                </pc:Word>
                <pc:Word id="w_w1aab1b5b2b7b9ac25">
                    <pc:Coords points="296,1033 482,1033 482,1084 296,1084"/>
                    <pc:TextEquiv>
                        <pc:Unicode>tzeit/ als</pc:Unicode>
                    </pc:TextEquiv>
                </pc:Word>
                <pc:Word id="w_w1aab1b5b2b7b9ac45">
                    <pc:Coords points="491,1027 688,1027 688,1082 491,1082"/>
                    <pc:TextEquiv>
                        <pc:Unicode>geſchꝛibē</pc:Unicode>
                    </pc:TextEquiv>
                </pc:Word>
                <pc:Word id="w_w1aab1b5b2b7b9ac65">
                    <pc:Coords points="697,1026 784,1026 784,1078 697,1078"/>
                    <pc:TextEquiv>
                        <pc:Unicode>ſtet.</pc:Unicode>
                    </pc:TextEquiv>
                </pc:Word>
                <pc:Word id="w_w1aab1b5b2b7b9ac77">
                    <pc:Coords points="798,1025 945,1025 945,1072 798,1072"/>
                    <pc:TextEquiv>
                        <pc:Unicode>Beati</pc:Unicode>
                    </pc:TextEquiv>
                </pc:Word>
                <pc:Word id="w_w1aab1b5b2b7b9ac89">
                    <pc:Coords points="961,1026 1040,1026 1040,1079 961,1079"/>
                    <pc:TextEquiv>
                        <pc:Unicode>qui</pc:Unicode>
                    </pc:TextEquiv>
                </pc:Word>
                <pc:Word id="w_w1aab1b5b2b7b9ac97">
                    <pc:Coords points="1049,1024 1215,1024 1215,1077 1049,1077"/>
                    <pc:TextEquiv>
                        <pc:Unicode>faciunt</pc:Unicode>
                    </pc:TextEquiv>
                </pc:Word>
                <pc:Word id="w_w1aab1b5b2b7b9ad113">
                    <pc:Coords points="1228,1026 1297,1026 1297,1067 1228,1067"/>
                    <pc:TextEquiv>
                        <pc:Unicode>iu-</pc:Unicode>
                    </pc:TextEquiv>
                </pc:Word>
                <pc:TextEquiv>
                    <pc:Unicode>gottes alle tzeit/ als geſchꝛibē ſtet. Beati qui faciunt iu-</pc:Unicode>
                </pc:TextEquiv>
            </pc:TextLine>
            <pc:TextLine id="tl_30" primaryLanguage="German">
                <pc:Coords points="71,1068 1294,1068 1294,1140 71,1140"/>
                <pc:Baseline points="71,1131 1294,1131"/>
                <pc:Word id="w_w1aab1b5b2b7c11ab1">
                    <pc:Coords points="71,1076 219,1076 219,1135 71,1135"/>
                    <pc:TextEquiv>
                        <pc:Unicode>ſticiam</pc:Unicode>
                    </pc:TextEquiv>
                </pc:Word>
                <pc:Word id="w_w1aab1b5b2b7c11ac17">
                    <pc:Coords points="230,1088 486,1088 486,1134 230,1134"/>
                    <pc:TextEquiv>
                        <pc:Unicode>et iudicium</pc:Unicode>
                    </pc:TextEquiv>
                </pc:Word>
                <pc:Word id="w_w1aab1b5b2b7c11ac39">
                    <pc:Coords points="495,1086 541,1086 541,1127 495,1127"/>
                    <pc:TextEquiv>
                        <pc:Unicode>in</pc:Unicode>
                    </pc:TextEquiv>
                </pc:Word>
                <pc:Word id="w_w1aab1b5b2b7c11ac45">
                    <pc:Coords points="551,1083 675,1083 675,1127 551,1127"/>
                    <pc:TextEquiv>
                        <pc:Unicode>omni</pc:Unicode>
                    </pc:TextEquiv>
                </pc:Word>
                <pc:Word id="w_w1aab1b5b2b7c11ac55">
                    <pc:Coords points="683,1089 882,1089 882,1134 683,1134"/>
                    <pc:TextEquiv>
                        <pc:Unicode>tempore.</pc:Unicode>
                    </pc:TextEquiv>
                </pc:Word>
                <pc:Word id="w_w1aab1b5b2b7c11ac73">
                    <pc:Coords points="892,1079 1029,1079 1029,1132 892,1132"/>
                    <pc:TextEquiv>
                        <pc:Unicode>Selig</pc:Unicode>
                    </pc:TextEquiv>
                </pc:Word>
                <pc:Word id="w_w1aab1b5b2b7c11ac85">
                    <pc:Coords points="1043,1080 1125,1080 1125,1133 1043,1133"/>
                    <pc:TextEquiv>
                        <pc:Unicode>ſein</pc:Unicode>
                    </pc:TextEquiv>
                </pc:Word>
                <pc:Word id="w_w1aab1b5b2b7c11ac95">
                    <pc:Coords points="1143,1081 1214,1081 1214,1123 1143,1123"/>
                    <pc:TextEquiv>
                        <pc:Unicode>die</pc:Unicode>
                    </pc:TextEquiv>
                </pc:Word>
                <pc:Word id="w_w1aab1b5b2b7c11ad103">
                    <pc:Coords points="1228,1085 1294,1085 1294,1122 1228,1122"/>
                    <pc:TextEquiv>
                        <pc:Unicode>do</pc:Unicode>
                    </pc:TextEquiv>
                </pc:Word>
                <pc:TextEquiv>
                    <pc:Unicode>ſticiam et iudicium in omni tempore. Selig ſein die do</pc:Unicode>
                </pc:TextEquiv>
            </pc:TextLine>
            <pc:TextLine id="tl_31" primaryLanguage="German">
                <pc:Coords points="72,1127 1297,1127 1297,1200 72,1200"/>
                <pc:Baseline points="72,1186 1297,1186"/>
                <pc:Word id="w_w1aab1b5b2b7c13ab1">
                    <pc:Coords points="72,1135 164,1135 164,1191 72,1191"/>
                    <pc:TextEquiv>
                        <pc:Unicode>vben</pc:Unicode>
                    </pc:TextEquiv>
                </pc:Word>
                <pc:Word id="w_w1aab1b5b2b7c13ac11">
                    <pc:Coords points="173,1155 260,1155 260,1192 173,1192"/>
                    <pc:TextEquiv>
                        <pc:Unicode>das</pc:Unicode>
                    </pc:TextEquiv>
                </pc:Word>
                <pc:Word id="w_w1aab1b5b2b7c13ac19">
                    <pc:Coords points="270,1142 426,1142 426,1198 270,1198"/>
                    <pc:TextEquiv>
                        <pc:Unicode>gericht</pc:Unicode>
                    </pc:TextEquiv>
                </pc:Word>
                <pc:Word id="w_w1aab1b5b2b7c13ac35">
                    <pc:Coords points="441,1146 528,1146 528,1185 441,1185"/>
                    <pc:TextEquiv>
                        <pc:Unicode>vnd</pc:Unicode>
                    </pc:TextEquiv>
                </pc:Word>
                <pc:Word id="w_w1aab1b5b2b7c13ac43">
                    <pc:Coords points="539,1135 827,1135 827,1193 539,1193"/>
                    <pc:TextEquiv>
                        <pc:Unicode>gerechtigkeit</pc:Unicode>
                    </pc:TextEquiv>
                </pc:Word>
                <pc:Word id="w_w1aab1b5b2b7c13ac71">
                    <pc:Coords points="834,1136 910,1136 910,1178 834,1178"/>
                    <pc:TextEquiv>
                        <pc:Unicode>alle</pc:Unicode>
                    </pc:TextEquiv>
                </pc:Word>
                <pc:Word id="w_w1aab1b5b2b7c13ac81">
                    <pc:Coords points="928,1137 1036,1137 1036,1186 928,1186"/>
                    <pc:TextEquiv>
                        <pc:Unicode>tzeit.</pc:Unicode>
                    </pc:TextEquiv>
                </pc:Word>
                <pc:Word id="w_w1aab1b5b2b7c13ac95">
                    <pc:Coords points="1096,1133 1215,1133 1215,1180 1096,1180"/>
                    <pc:TextEquiv>
                        <pc:Unicode>Das</pc:Unicode>
                    </pc:TextEquiv>
                </pc:Word>
                <pc:Word id="w_w1aab1b5b2b7c13ad103">
                    <pc:Coords points="1225,1140 1297,1140 1297,1187 1225,1187"/>
                    <pc:TextEquiv>
                        <pc:Unicode>ge-</pc:Unicode>
                    </pc:TextEquiv>
                </pc:Word>
                <pc:TextEquiv>
                    <pc:Unicode>vben das gericht vnd gerechtigkeit alle tzeit. Das ge-</pc:Unicode>
                </pc:TextEquiv>
            </pc:TextLine>
            <pc:TextLine id="tl_32" primaryLanguage="German">
                <pc:Coords points="74,1186 1297,1186 1297,1260 74,1260"/>
                <pc:Baseline points="74,1244 1297,1244"/>
                <pc:Word id="w_w1aab1b5b2b7c15ab1">
                    <pc:Coords points="74,1195 167,1195 167,1252 74,1252"/>
                    <pc:TextEquiv>
                        <pc:Unicode>richt</pc:Unicode>
                    </pc:TextEquiv>
                </pc:Word>
                <pc:Word id="w_w1aab1b5b2b7c15ac13">
                    <pc:Coords points="174,1204 227,1204 227,1259 174,1259"/>
                    <pc:TextEquiv>
                        <pc:Unicode>iſt</pc:Unicode>
                    </pc:TextEquiv>
                </pc:Word>
                <pc:Word id="w_w1aab1b5b2b7c15ac21">
                    <pc:Coords points="234,1204 300,1204 300,1247 234,1247"/>
                    <pc:TextEquiv>
                        <pc:Unicode>nit</pc:Unicode>
                    </pc:TextEquiv>
                </pc:Word>
                <pc:Word id="w_w1aab1b5b2b7c15ac29">
                    <pc:Coords points="307,1204 579,1204 579,1254 307,1254"/>
                    <pc:TextEquiv>
                        <pc:Unicode>anders/ dan</pc:Unicode>
                    </pc:TextEquiv>
                </pc:Word>
                <pc:Word id="w_w1aab1b5b2b7c15ac51">
                    <pc:Coords points="591,1202 679,1202 679,1244 591,1244"/>
                    <pc:TextEquiv>
                        <pc:Unicode>das</pc:Unicode>
                    </pc:TextEquiv>
                </pc:Word>
                <pc:Word id="w_w1aab1b5b2b7c15ac59">
                    <pc:Coords points="690,1195 754,1195 754,1239 690,1239"/>
                    <pc:TextEquiv>
                        <pc:Unicode>ein</pc:Unicode>
                    </pc:TextEquiv>
                </pc:Word>
                <pc:Word id="w_w1aab1b5b2b7c15ac67">
                    <pc:Coords points="766,1189 902,1189 902,1248 766,1248"/>
                    <pc:TextEquiv>
                        <pc:Unicode>mēſch</pc:Unicode>
                    </pc:TextEquiv>
                </pc:Word>
                <pc:Word id="w_w1aab1b5b2b7c15ac79">
                    <pc:Coords points="912,1189 994,1189 994,1247 912,1247"/>
                    <pc:TextEquiv>
                        <pc:Unicode>ſich</pc:Unicode>
                    </pc:TextEquiv>
                </pc:Word>
                <pc:Word id="w_w1aab1b5b2b7c15ac89">
                    <pc:Coords points="1003,1188 1124,1188 1124,1246 1003,1246"/>
                    <pc:TextEquiv>
                        <pc:Unicode>ſelbſt</pc:Unicode>
                    </pc:TextEquiv>
                </pc:Word>
                <pc:Word id="w_w1aab1b5b2b7c15ad103">
                    <pc:Coords points="1134,1187 1297,1187 1297,1242 1134,1242"/>
                    <pc:TextEquiv>
                        <pc:Unicode>erkēne/</pc:Unicode>
                    </pc:TextEquiv>
                </pc:Word>
                <pc:TextEquiv>
                    <pc:Unicode>richt iſt nit anders/ dan das ein mēſch ſich ſelbſt erkēne/</pc:Unicode>
                </pc:TextEquiv>
            </pc:TextLine>
            <pc:TextLine id="tl_33" primaryLanguage="German">
                <pc:Coords points="74,1243 1298,1243 1298,1317 74,1317"/>
                <pc:Baseline points="74,1302 1298,1302"/>
                <pc:Word id="w_w1aab1b5b2b7c17ab1">
                    <pc:Coords points="74,1251 298,1251 298,1316 74,1316"/>
                    <pc:TextEquiv>
                        <pc:Unicode>richte/ vnd</pc:Unicode>
                    </pc:TextEquiv>
                </pc:Word>
                <pc:Word id="w_w1aab1b5b2b7c17ac23">
                    <pc:Coords points="311,1264 555,1264 555,1305 311,1305"/>
                    <pc:TextEquiv>
                        <pc:Unicode>voꝛdamme</pc:Unicode>
                    </pc:TextEquiv>
                </pc:Word>
                <pc:Word id="w_w1aab1b5b2b7c17ac41">
                    <pc:Coords points="565,1259 591,1259 591,1310 565,1310"/>
                    <pc:TextEquiv>
                        <pc:Unicode>/</pc:Unicode>
                    </pc:TextEquiv>
                </pc:Word>
                <pc:Word id="w_w1aab1b5b2b7c17ac45">
                    <pc:Coords points="600,1255 653,1255 653,1300 600,1300"/>
                    <pc:TextEquiv>
                        <pc:Unicode>vñ</pc:Unicode>
                    </pc:TextEquiv>
                </pc:Word>
                <pc:Word id="w_w1aab1b5b2b7c17ac51">
                    <pc:Coords points="661,1260 749,1260 749,1301 661,1301"/>
                    <pc:TextEquiv>
                        <pc:Unicode>das</pc:Unicode>
                    </pc:TextEquiv>
                </pc:Word>
                <pc:Word id="w_w1aab1b5b2b7c17ac59">
                    <pc:Coords points="760,1251 811,1251 811,1307 760,1307"/>
                    <pc:TextEquiv>
                        <pc:Unicode>iſt</pc:Unicode>
                    </pc:TextEquiv>
                </pc:Word>
                <pc:Word id="w_w1aab1b5b2b7c17ac67">
                    <pc:Coords points="819,1261 936,1261 936,1296 819,1296"/>
                    <pc:TextEquiv>
                        <pc:Unicode>ware</pc:Unicode>
                    </pc:TextEquiv>
                </pc:Word>
                <pc:Word id="w_w1aab1b5b2b7c17ac77">
                    <pc:Coords points="946,1251 1014,1251 1014,1297 946,1297"/>
                    <pc:TextEquiv>
                        <pc:Unicode>die</pc:Unicode>
                    </pc:TextEquiv>
                </pc:Word>
                <pc:Word id="w_w1aab1b5b2b7c17ac85">
                    <pc:Coords points="1023,1244 1298,1244 1298,1301 1023,1301"/>
                    <pc:TextEquiv>
                        <pc:Unicode>demutigkeit</pc:Unicode>
                    </pc:TextEquiv>
                </pc:Word>
                <pc:TextEquiv>
                    <pc:Unicode>richte/ vnd voꝛdamme / vñ das iſt ware die demutigkeit</pc:Unicode>
                </pc:TextEquiv>
            </pc:TextLine>
            <pc:TextLine id="tl_34" primaryLanguage="German">
                <pc:Coords points="74,1300 1299,1300 1299,1375 74,1375"/>
                <pc:Baseline points="74,1360 1299,1360"/>
                <pc:Word id="w_w1aab1b5b2b7c19ab1">
                    <pc:Coords points="74,1308 144,1308 144,1358 74,1358"/>
                    <pc:TextEquiv>
                        <pc:Unicode>vnd</pc:Unicode>
                    </pc:TextEquiv>
                </pc:Word>
                <pc:Word id="w_w1aab1b5b2b7c19ab9">
                    <pc:Coords points="154,1317 234,1317 234,1373 154,1373"/>
                    <pc:TextEquiv>
                        <pc:Unicode>ſein</pc:Unicode>
                    </pc:TextEquiv>
                </pc:Word>
                <pc:Word id="w_w1aab1b5b2b7c19ac19">
                    <pc:Coords points="255,1316 373,1316 373,1373 255,1373"/>
                    <pc:TextEquiv>
                        <pc:Unicode>ſelbſt</pc:Unicode>
                    </pc:TextEquiv>
                </pc:Word>
                <pc:Word id="w_w1aab1b5b2b7c19ac33">
                    <pc:Coords points="388,1323 685,1323 685,1370 388,1370"/>
                    <pc:TextEquiv>
                        <pc:Unicode>ernyderunge.</pc:Unicode>
                    </pc:TextEquiv>
                </pc:Word>
                <pc:Word id="w_w1aab1b5b2b7c19ac59">
                    <pc:Coords points="744,1310 843,1310 843,1358 744,1358"/>
                    <pc:TextEquiv>
                        <pc:Unicode>Die</pc:Unicode>
                    </pc:TextEquiv>
                </pc:Word>
                <pc:Word id="w_w1aab1b5b2b7c19ac67">
                    <pc:Coords points="860,1305 1148,1305 1148,1365 860,1365"/>
                    <pc:TextEquiv>
                        <pc:Unicode>gerechtigkeit</pc:Unicode>
                    </pc:TextEquiv>
                </pc:Word>
                <pc:Word id="w_w1aab1b5b2b7c19ac95">
                    <pc:Coords points="1168,1306 1219,1306 1219,1362 1168,1362"/>
                    <pc:TextEquiv>
                        <pc:Unicode>iſt</pc:Unicode>
                    </pc:TextEquiv>
                </pc:Word>
                <pc:Word id="w_w1aab1b5b2b7c19ad103">
                    <pc:Coords points="1229,1304 1299,1304 1299,1349 1229,1349"/>
                    <pc:TextEquiv>
                        <pc:Unicode>nit</pc:Unicode>
                    </pc:TextEquiv>
                </pc:Word>
                <pc:TextEquiv>
                    <pc:Unicode>vnd ſein ſelbſt ernyderunge. Die gerechtigkeit iſt nit</pc:Unicode>
                </pc:TextEquiv>
            </pc:TextLine>
            <pc:TextLine id="tl_35" primaryLanguage="German">
                <pc:Coords points="75,1360 1299,1360 1299,1431 75,1431"/>
                <pc:Baseline points="75,1418 1299,1418"/>
                <pc:Word id="w_w1aab1b5b2b7c21ab1">
                    <pc:Coords points="75,1368 336,1368 336,1430 75,1430"/>
                    <pc:TextEquiv>
                        <pc:Unicode>anders/ dan</pc:Unicode>
                    </pc:TextEquiv>
                </pc:Word>
                <pc:Word id="w_w1aab1b5b2b7c21ac21">
                    <pc:Coords points="348,1383 451,1383 451,1418 348,1418"/>
                    <pc:TextEquiv>
                        <pc:Unicode>wan</pc:Unicode>
                    </pc:TextEquiv>
                </pc:Word>
                <pc:Word id="w_w1aab1b5b2b7c21ac29">
                    <pc:Coords points="458,1374 524,1374 524,1418 458,1418"/>
                    <pc:TextEquiv>
                        <pc:Unicode>ein</pc:Unicode>
                    </pc:TextEquiv>
                </pc:Word>
                <pc:Word id="w_w1aab1b5b2b7c21ac37">
                    <pc:Coords points="534,1370 671,1370 671,1425 534,1425"/>
                    <pc:TextEquiv>
                        <pc:Unicode>mēſch</pc:Unicode>
                    </pc:TextEquiv>
                </pc:Word>
                <pc:Word id="w_w1aab1b5b2b7c21ac49">
                    <pc:Coords points="679,1367 762,1367 762,1422 679,1422"/>
                    <pc:TextEquiv>
                        <pc:Unicode>ſich</pc:Unicode>
                    </pc:TextEquiv>
                </pc:Word>
                <pc:Word id="w_w1aab1b5b2b7c21ac59">
                    <pc:Coords points="772,1367 895,1367 895,1420 772,1420"/>
                    <pc:TextEquiv>
                        <pc:Unicode>ſelbſt</pc:Unicode>
                    </pc:TextEquiv>
                </pc:Word>
                <pc:Word id="w_w1aab1b5b2b7c21ac73">
                    <pc:Coords points="903,1364 1008,1364 1008,1421 903,1421"/>
                    <pc:TextEquiv>
                        <pc:Unicode>alſo</pc:Unicode>
                    </pc:TextEquiv>
                </pc:Word>
                <pc:Word id="w_w1aab1b5b2b7c21ac85">
                    <pc:Coords points="1016,1364 1298,1364 1298,1419 1016,1419"/>
                    <pc:TextEquiv>
                        <pc:Unicode>erkent/ gnad</pc:Unicode>
                    </pc:TextEquiv>
                </pc:Word>
                <pc:TextEquiv>
                    <pc:Unicode>anders/ dan wan ein mēſch ſich ſelbſt alſo erkent/ gnad</pc:Unicode>
                </pc:TextEquiv>
            </pc:TextLine>
            <pc:TextLine id="tl_36" primaryLanguage="German">
                <pc:Coords points="76,1416 1301,1416 1301,1499 76,1499"/>
                <pc:Baseline points="76,1474 1301,1474"/>
                <pc:Word id="w_w1aab1b5b2b7c23ab1">
                    <pc:Coords points="76,1424 179,1424 179,1499 76,1499"/>
                    <pc:TextEquiv>
                        <pc:Unicode>vnnd</pc:Unicode>
                    </pc:TextEquiv>
                </pc:Word>
                <pc:Word id="w_w1aab1b5b2b7c23ac11">
                    <pc:Coords points="190,1428 324,1428 324,1488 190,1488"/>
                    <pc:TextEquiv>
                        <pc:Unicode>hulffe</pc:Unicode>
                    </pc:TextEquiv>
                </pc:Word>
                <pc:Word id="w_w1aab1b5b2b7c23ac25">
                    <pc:Coords points="334,1441 417,1441 417,1475 334,1475"/>
                    <pc:TextEquiv>
                        <pc:Unicode>von</pc:Unicode>
                    </pc:TextEquiv>
                </pc:Word>
                <pc:Word id="w_w1aab1b5b2b7c23ac33">
                    <pc:Coords points="429,1429 634,1429 634,1482 429,1482"/>
                    <pc:TextEquiv>
                        <pc:Unicode>got bittet</pc:Unicode>
                    </pc:TextEquiv>
                </pc:Word>
                <pc:Word id="w_w1aab1b5b2b7c23ac53">
                    <pc:Coords points="639,1431 758,1431 758,1471 639,1471"/>
                    <pc:TextEquiv>
                        <pc:Unicode>vnnd</pc:Unicode>
                    </pc:TextEquiv>
                </pc:Word>
                <pc:Word id="w_w1aab1b5b2b7c23ac63">
                    <pc:Coords points="769,1422 1074,1422 1074,1478 769,1478"/>
                    <pc:TextEquiv>
                        <pc:Unicode>ſuchet/ durch</pc:Unicode>
                    </pc:TextEquiv>
                </pc:Word>
                <pc:Word id="w_w1aab1b5b2b7c23ac89">
                    <pc:Coords points="1089,1421 1247,1421 1247,1476 1089,1476"/>
                    <pc:TextEquiv>
                        <pc:Unicode>welche</pc:Unicode>
                    </pc:TextEquiv>
                </pc:Word>
                <pc:Word id="w_w1aab1b5b2b7c23ad103">
                    <pc:Coords points="1256,1427 1301,1427 1301,1465 1256,1465"/>
                    <pc:TextEquiv>
                        <pc:Unicode>er</pc:Unicode>
                    </pc:TextEquiv>
                </pc:Word>
                <pc:TextEquiv>
                    <pc:Unicode>vnnd hulffe von got bittet vnnd ſuchet/ durch welche er</pc:Unicode>
                </pc:TextEquiv>
            </pc:TextLine>
            <pc:TextLine id="tl_37" primaryLanguage="German">
                <pc:Coords points="76,1482 644,1482 644,1548 76,1548"/>
                <pc:Baseline points="76,1531 644,1531"/>
                <pc:Word id="w_w1aab1b5b2b7c25ab1">
                    <pc:Coords points="76,1485 151,1485 151,1530 76,1530"/>
                    <pc:TextEquiv>
                        <pc:Unicode>dan</pc:Unicode>
                    </pc:TextEquiv>
                </pc:Word>
                <pc:Word id="w_w1aab1b5b2b7c25ab9">
                    <pc:Coords points="162,1500 233,1500 233,1536 162,1536"/>
                    <pc:TextEquiv>
                        <pc:Unicode>voꝛ</pc:Unicode>
                    </pc:TextEquiv>
                </pc:Word>
                <pc:Word id="w_w1aab1b5b2b7c25ac17">
                    <pc:Coords points="241,1496 318,1496 318,1546 241,1546"/>
                    <pc:TextEquiv>
                        <pc:Unicode>got</pc:Unicode>
                    </pc:TextEquiv>
                </pc:Word>
                <pc:Word id="w_w1aab1b5b2b7c25ac25">
                    <pc:Coords points="325,1488 506,1488 506,1544 325,1544"/>
                    <pc:TextEquiv>
                        <pc:Unicode>erhaben</pc:Unicode>
                    </pc:TextEquiv>
                </pc:Word>
                <pc:Word id="w_w1aab1b5b2b7c25ac41">
                    <pc:Coords points="525,1485 644,1485 644,1529 525,1529"/>
                    <pc:TextEquiv>
                        <pc:Unicode>wirt.</pc:Unicode>
                    </pc:TextEquiv>
                </pc:Word>
                <pc:TextEquiv>
                    <pc:Unicode>dan voꝛ got erhaben wirt.</pc:Unicode>
                </pc:TextEquiv>
            </pc:TextLine>
            <pc:TextEquiv>
                <pc:Unicode>Dyße bit vbet auch die tzwey ding/ die in voꝛgan-
gener bit geſagt ſein. Nemlich ſie ernidert vnnd erhebt/
macht ſunder vnd from/ dan die tzwey ſtuck:iudiciū et
iuſticiam: gericht vnd gerechtigkeit / wircket das woꝛt
gottes alle tzeit/ als geſchꝛibē ſtet. Beati qui faciunt iu-
ſticiam et iudicium in omni tempore. Selig ſein die do
vben das gericht vnd gerechtigkeit alle tzeit. Das ge-
richt iſt nit anders/ dan das ein mēſch ſich ſelbſt erkēne/
richte/ vnd voꝛdamme / vñ das iſt ware die demutigkeit
vnd ſein ſelbſt ernyderunge. Die gerechtigkeit iſt nit
anders/ dan wan ein mēſch ſich ſelbſt alſo erkent/ gnad
vnnd hulffe von got bittet vnnd ſuchet/ durch welche er
dan voꝛ got erhaben wirt.</pc:Unicode>
            </pc:TextEquiv>
        </pc:TextRegion>
        <pc:TextRegion id="r_3_5" type="heading">
            <pc:Coords points="78,1577 1306,1577 1306,1803 78,1803"/>
            <pc:TextLine id="tl_38" primaryLanguage="German">
                <pc:Coords points="79,1578 1305,1578 1305,1703 79,1703"/>
                <pc:Baseline points="79,1684 1305,1684"/>
                <pc:Word id="w_w1aab1b5b2b9b1ab1">
                    <pc:Coords points="79,1586 293,1586 293,1702 79,1702"/>
                    <pc:TextEquiv>
                        <pc:Unicode>Dyſze</pc:Unicode>
                    </pc:TextEquiv>
                </pc:Word>
                <pc:Word id="w_w1aab1b5b2b9b1ac13">
                    <pc:Coords points="303,1607 513,1607 513,1698 303,1698"/>
                    <pc:TextEquiv>
                        <pc:Unicode>tzwey</pc:Unicode>
                    </pc:TextEquiv>
                </pc:Word>
                <pc:Word id="w_w1aab1b5b2b9b1ac25">
                    <pc:Coords points="525,1592 705,1592 705,1683 525,1683"/>
                    <pc:TextEquiv>
                        <pc:Unicode>ſtuck</pc:Unicode>
                    </pc:TextEquiv>
                </pc:Word>
                <pc:Word id="w_w1aab1b5b2b9b1ac35">
                    <pc:Coords points="717,1591 963,1591 963,1682 717,1682"/>
                    <pc:TextEquiv>
                        <pc:Unicode>wollen</pc:Unicode>
                    </pc:TextEquiv>
                </pc:Word>
                <pc:Word id="w_w1aab1b5b2b9b1ac49">
                    <pc:Coords points="977,1590 1107,1590 1107,1682 977,1682"/>
                    <pc:TextEquiv>
                        <pc:Unicode>wir</pc:Unicode>
                    </pc:TextEquiv>
                </pc:Word>
                <pc:Word id="w_w1aab1b5b2b9b1ac57">
                    <pc:Coords points="1119,1589 1305,1589 1305,1693 1119,1693"/>
                    <pc:TextEquiv>
                        <pc:Unicode>ſehen</pc:Unicode>
                    </pc:TextEquiv>
                </pc:Word>
                <pc:TextEquiv>
                    <pc:Unicode>Dyſze tzwey ſtuck wollen wir ſehen</pc:Unicode>
                </pc:TextEquiv>
            </pc:TextLine>
            <pc:TextLine id="tl_39" primaryLanguage="German">
                <pc:Coords points="387,1692 982,1692 982,1802 387,1802"/>
                <pc:Baseline points="387,1789 982,1789"/>
                <pc:Word id="w_w1aab1b5b2b9b3ab1">
                    <pc:Coords points="387,1700 460,1700 460,1788 387,1788"/>
                    <pc:TextEquiv>
                        <pc:Unicode>in</pc:Unicode>
                    </pc:TextEquiv>
                </pc:Word>
                <pc:Word id="w_w1aab1b5b2b9b3ab7">
                    <pc:Coords points="487,1695 742,1695 742,1801 487,1801"/>
                    <pc:TextEquiv>
                        <pc:Unicode>dyſzem</pc:Unicode>
                    </pc:TextEquiv>
                </pc:Word>
                <pc:Word id="w_w1aab1b5b2b9b3ac19">
                    <pc:Coords points="770,1693 982,1693 982,1798 770,1798"/>
                    <pc:TextEquiv>
                        <pc:Unicode>gebet.</pc:Unicode>
                    </pc:TextEquiv>
                </pc:Word>
                <pc:TextEquiv>
                    <pc:Unicode>in dyſzem gebet.</pc:Unicode>
                </pc:TextEquiv>
            </pc:TextLine>
            <pc:TextEquiv>
                <pc:Unicode>Dyſze tzwey ſtuck wollen wir ſehen
in dyſzem gebet.</pc:Unicode>
            </pc:TextEquiv>
        </pc:TextRegion>
        <pc:TextRegion id="r_4_1" type="paragraph">
            <pc:Coords points="71,1847 1317,1847 1317,2155 71,2155"/>
            <pc:TextLine id="tl_40" primaryLanguage="German">
                <pc:Coords points="192,1848 1305,1848 1305,1918 192,1918"/>
                <pc:Baseline points="192,1905 1305,1905"/>
                <pc:Word id="word_1479724058954_193">
                    <pc:Coords points="348,1917 193,1917 193,1859 348,1859"/>
                    <pc:TextEquiv>
                        <pc:Unicode>Lzum</pc:Unicode>
                    </pc:TextEquiv>
                </pc:Word>
                <pc:Word id="word_1479724058953_192">
                    <pc:Coords points="635,1917 348,1917 348,1859 635,1859"/>
                    <pc:TextEquiv>
                        <pc:Unicode>erſtē/ richten</pc:Unicode>
                    </pc:TextEquiv>
                </pc:Word>
                <pc:Word id="w_w1aab1b7b2b1b1ac37">
                    <pc:Coords points="644,1858 730,1858 730,1904 644,1904"/>
                    <pc:TextEquiv>
                        <pc:Unicode>wir</pc:Unicode>
                    </pc:TextEquiv>
                </pc:Word>
                <pc:Word id="w_w1aab1b7b2b1b1b1b1">
                    <pc:Coords points="739,1854 823,1854 823,1911 739,1911"/>
                    <pc:TextEquiv>
                        <pc:Unicode>vns</pc:Unicode>
                    </pc:TextEquiv>
                </pc:Word>
                <pc:Word id="w_w1aab1b7b2b1b1b2b1">
                    <pc:Coords points="834,1854 965,1854 965,1911 834,1911"/>
                    <pc:TextEquiv>
                        <pc:Unicode>ſelber</pc:Unicode>
                    </pc:TextEquiv>
                </pc:Word>
                <pc:Word id="w_w1aab1b7b2b1b1b3b1">
                    <pc:Coords points="980,1860 1068,1860 1068,1899 980,1899"/>
                    <pc:TextEquiv>
                        <pc:Unicode>vnd</pc:Unicode>
                    </pc:TextEquiv>
                </pc:Word>
                <pc:Word id="w_w1aab1b7b2b1b1b3b9">
                    <pc:Coords points="1087,1849 1305,1849 1305,1903 1087,1903"/>
                    <pc:TextEquiv>
                        <pc:Unicode>voꝛklagen</pc:Unicode>
                    </pc:TextEquiv>
                </pc:Word>
                <pc:TextEquiv>
                    <pc:Unicode>Lzum erſtē/ richten wir vns ſelber vnd voꝛklagen</pc:Unicode>
                </pc:TextEquiv>
            </pc:TextLine>
            <pc:TextLine id="tl_41" primaryLanguage="German">
                <pc:Coords points="81,1904 1309,1904 1309,1985 81,1985"/>
                <pc:Baseline points="81,1963 1309,1963"/>
                <pc:Word id="w_w1aab1b7b2b1b3ab1">
                    <pc:Coords points="81,1912 154,1912 154,1985 81,1985"/>
                    <pc:TextEquiv>
                        <pc:Unicode>vns</pc:Unicode>
                    </pc:TextEquiv>
                </pc:Word>
                <pc:Word id="w_w1aab1b7b2b1b3b1b1">
                    <pc:Coords points="165,1926 247,1926 247,1969 165,1969"/>
                    <pc:TextEquiv>
                        <pc:Unicode>mit</pc:Unicode>
                    </pc:TextEquiv>
                </pc:Word>
                <pc:Word id="w_w1aab1b7b2b1b3b1b9">
                    <pc:Coords points="255,1920 414,1920 414,1975 255,1975"/>
                    <pc:TextEquiv>
                        <pc:Unicode>vnſzern</pc:Unicode>
                    </pc:TextEquiv>
                </pc:Word>
                <pc:Word id="w_w1aab1b7b2b1b3b2b1">
                    <pc:Coords points="428,1930 522,1930 522,1973 428,1973"/>
                    <pc:TextEquiv>
                        <pc:Unicode>eygē</pc:Unicode>
                    </pc:TextEquiv>
                </pc:Word>
                <pc:Word id="w_w1aab1b7b2b1b3b3b1">
                    <pc:Coords points="552,1913 738,1913 738,1965 552,1965"/>
                    <pc:TextEquiv>
                        <pc:Unicode>woꝛten/</pc:Unicode>
                    </pc:TextEquiv>
                </pc:Word>
                <pc:Word id="w_w1aab1b7b2b1b3b4b1">
                    <pc:Coords points="748,1922 836,1922 836,1961 748,1961"/>
                    <pc:TextEquiv>
                        <pc:Unicode>das</pc:Unicode>
                    </pc:TextEquiv>
                </pc:Word>
                <pc:Word id="w_w1aab1b7b2b1b3b5b1">
                    <pc:Coords points="846,1914 929,1914 929,1965 846,1965"/>
                    <pc:TextEquiv>
                        <pc:Unicode>wir</pc:Unicode>
                    </pc:TextEquiv>
                </pc:Word>
                <pc:Word id="w_w1aab1b7b2b1b3b6b1">
                    <pc:Coords points="942,1917 1019,1917 1019,1965 942,1965"/>
                    <pc:TextEquiv>
                        <pc:Unicode>got</pc:Unicode>
                    </pc:TextEquiv>
                </pc:Word>
                <pc:Word id="w_w1aab1b7b2b1b3b6b9">
                    <pc:Coords points="1035,1906 1309,1906 1309,1964 1035,1964"/>
                    <pc:TextEquiv>
                        <pc:Unicode>vngehoꝛſam</pc:Unicode>
                    </pc:TextEquiv>
                </pc:Word>
                <pc:TextEquiv>
                    <pc:Unicode>vns mit vnſzern eygē woꝛten/ das wir got vngehoꝛſam</pc:Unicode>
                </pc:TextEquiv>
            </pc:TextLine>
            <pc:TextLine id="tl_42" primaryLanguage="German">
                <pc:Coords points="80,1963 1311,1963 1311,2036 80,2036"/>
                <pc:Baseline points="80,2021 1311,2021"/>
                <pc:Word id="w_w1aab1b7b2b1b5ab1">
                    <pc:Coords points="80,1971 237,1971 237,2029 80,2029"/>
                    <pc:TextEquiv>
                        <pc:Unicode>ſein/ vñ</pc:Unicode>
                    </pc:TextEquiv>
                </pc:Word>
                <pc:Word id="w_w1aab1b7b2b1b5ac11">
                    <pc:Coords points="244,1978 349,1978 349,2034 244,2034"/>
                    <pc:TextEquiv>
                        <pc:Unicode>ſeinē</pc:Unicode>
                    </pc:TextEquiv>
                </pc:Word>
                <pc:Word id="w_w1aab1b7b2b1b5b1b1">
                    <pc:Coords points="357,1977 472,1977 472,2022 357,2022"/>
                    <pc:TextEquiv>
                        <pc:Unicode>willē</pc:Unicode>
                    </pc:TextEquiv>
                </pc:Word>
                <pc:Word id="w_w1aab1b7b2b1b5b1c13">
                    <pc:Coords points="482,1975 546,1975 546,2028 482,2028"/>
                    <pc:TextEquiv>
                        <pc:Unicode>nit</pc:Unicode>
                    </pc:TextEquiv>
                </pc:Word>
                <pc:Word id="word_1479724085593_195">
                    <pc:Coords points="681,2028 553,2028 553,1972 681,1972"/>
                    <pc:TextEquiv>
                        <pc:Unicode>thun.</pc:Unicode>
                    </pc:TextEquiv>
                </pc:Word>
                <pc:Word id="word_1479724085593_194">
                    <pc:Coords points="800,2028 681,2028 681,1972 800,1972"/>
                    <pc:TextEquiv>
                        <pc:Unicode>Dan</pc:Unicode>
                    </pc:TextEquiv>
                </pc:Word>
                <pc:Word id="w_w1aab1b7b2b1b5b2c19">
                    <pc:Coords points="812,1979 910,1979 910,2018 812,2018"/>
                    <pc:TextEquiv>
                        <pc:Unicode>wen</pc:Unicode>
                    </pc:TextEquiv>
                </pc:Word>
                <pc:Word id="w_w1aab1b7b2b1b5b2c27">
                    <pc:Coords points="921,1977 971,1977 971,2012 921,2012"/>
                    <pc:TextEquiv>
                        <pc:Unicode>es</pc:Unicode>
                    </pc:TextEquiv>
                </pc:Word>
                <pc:Word id="w_w1aab1b7b2b1b5b3b1">
                    <pc:Coords points="989,1965 1081,1965 1081,2020 989,2020"/>
                    <pc:TextEquiv>
                        <pc:Unicode>alſo</pc:Unicode>
                    </pc:TextEquiv>
                </pc:Word>
                <pc:Word id="w_w1aab1b7b2b1b5b3c11">
                    <pc:Coords points="1095,1964 1200,1964 1200,2009 1095,2009"/>
                    <pc:TextEquiv>
                        <pc:Unicode>vmb</pc:Unicode>
                    </pc:TextEquiv>
                </pc:Word>
                <pc:Word id="w_w1aab1b7b2b1b5b4b1">
                    <pc:Coords points="1222,1975 1311,1975 1311,2011 1222,2011"/>
                    <pc:TextEquiv>
                        <pc:Unicode>vns</pc:Unicode>
                    </pc:TextEquiv>
                </pc:Word>
                <pc:TextEquiv>
                    <pc:Unicode>ſein/ vñ ſeinē willē nit thun. Dan wen es alſo vmb vns</pc:Unicode>
                </pc:TextEquiv>
            </pc:TextLine>
            <pc:TextLine id="tl_43" primaryLanguage="German">
                <pc:Coords points="72,2013 1316,2013 1316,2096 72,2096"/>
                <pc:Baseline points="72,2078 1316,2078"/>
                <pc:Word id="w_w1aab1b7b2b1b7ab1">
                    <pc:Coords points="72,2021 352,2021 352,2094 72,2094"/>
                    <pc:TextEquiv>
                        <pc:Unicode>ſtundt/ das</pc:Unicode>
                    </pc:TextEquiv>
                </pc:Word>
                <pc:Word id="w_w1aab1b7b2b1b7ac23">
                    <pc:Coords points="367,2034 451,2034 451,2086 367,2086"/>
                    <pc:TextEquiv>
                        <pc:Unicode>wir</pc:Unicode>
                    </pc:TextEquiv>
                </pc:Word>
                <pc:Word id="w_w1aab1b7b2b1b7b1b1">
                    <pc:Coords points="467,2035 611,2035 611,2086 467,2086"/>
                    <pc:TextEquiv>
                        <pc:Unicode>gottes</pc:Unicode>
                    </pc:TextEquiv>
                </pc:Word>
                <pc:Word id="w_w1aab1b7b2b1b7b2b1">
                    <pc:Coords points="623,2032 740,2032 740,2076 623,2076"/>
                    <pc:TextEquiv>
                        <pc:Unicode>willē</pc:Unicode>
                    </pc:TextEquiv>
                </pc:Word>
                <pc:Word id="word_1479724102849_197">
                    <pc:Coords points="979,2080 762,2080 762,2022 979,2022"/>
                    <pc:TextEquiv>
                        <pc:Unicode>theten/ ſo</pc:Unicode>
                    </pc:TextEquiv>
                </pc:Word>
                <pc:Word id="word_1479724102849_196">
                    <pc:Coords points="1073,2080 979,2080 979,2022 1073,2022"/>
                    <pc:TextEquiv>
                        <pc:Unicode>wer</pc:Unicode>
                    </pc:TextEquiv>
                </pc:Word>
                <pc:Word id="w_w1aab1b7b2b1b7b3b1">
                    <pc:Coords points="1092,2024 1175,2024 1175,2080 1092,2080"/>
                    <pc:TextEquiv>
                        <pc:Unicode>dyß</pc:Unicode>
                    </pc:TextEquiv>
                </pc:Word>
                <pc:Word id="w_w1aab1b7b2b1b7b4b1">
                    <pc:Coords points="1192,2023 1316,2023 1316,2080 1192,2080"/>
                    <pc:TextEquiv>
                        <pc:Unicode>gebet</pc:Unicode>
                    </pc:TextEquiv>
                </pc:Word>
                <pc:TextEquiv>
                    <pc:Unicode>ſtundt/ das wir gottes willē theten/ ſo wer dyß gebet</pc:Unicode>
                </pc:TextEquiv>
            </pc:TextLine>
            <pc:TextLine id="tl_44" primaryLanguage="German">
                <pc:Coords points="77,2079 1311,2079 1311,2154 77,2154"/>
                <pc:Baseline points="83,2137 1311,2136"/>
                <pc:Word id="word_1479724144945_199">
                    <pc:Coords points="183,2151 75,2151 75,2088 183,2088"/>
                    <pc:TextEquiv>
                        <pc:Unicode>vmb</pc:Unicode>
                    </pc:TextEquiv>
                </pc:Word>
                <pc:Word id="word_1479724157586_201">
                    <pc:Coords points="318,2151 183,2151 183,2088 318,2088"/>
                    <pc:TextEquiv>
                        <pc:Unicode>ſunst.</pc:Unicode>
                    </pc:TextEquiv>
                </pc:Word>
                <pc:Word id="word_1479724157585_200">
                    <pc:Coords points="490,2153 318,2151 318,2088 490,2090"/>
                    <pc:TextEquiv>
                        <pc:Unicode>Darūb</pc:Unicode>
                    </pc:TextEquiv>
                </pc:Word>
                <pc:Word id="w_w1aab1b7b2b1b9b1b1">
                    <pc:Coords points="502,2088 553,2088 553,2147 502,2147"/>
                    <pc:TextEquiv>
                        <pc:Unicode>iſt</pc:Unicode>
                    </pc:TextEquiv>
                </pc:Word>
                <pc:Word id="w_w1aab1b7b2b1b9b2b1">
                    <pc:Coords points="561,2098 611,2098 611,2133 561,2133"/>
                    <pc:TextEquiv>
                        <pc:Unicode>es</pc:Unicode>
                    </pc:TextEquiv>
                </pc:Word>
                <pc:Word id="w_w1aab1b7b2b1b9b3b1">
                    <pc:Coords points="622,2083 895,2083 895,2144 622,2144"/>
                    <pc:TextEquiv>
                        <pc:Unicode>erſchrecklich</pc:Unicode>
                    </pc:TextEquiv>
                </pc:Word>
                <pc:Word id="w_w1aab1b7b2b1b9b4b1">
                    <pc:Coords points="904,2081 971,2081 971,2141 904,2141"/>
                    <pc:TextEquiv>
                        <pc:Unicode>tzu</pc:Unicode>
                    </pc:TextEquiv>
                </pc:Word>
                <pc:Word id="w_w1aab1b7b2b1b9b5b1">
                    <pc:Coords points="980,2081 1075,2081 1075,2141 980,2141"/>
                    <pc:TextEquiv>
                        <pc:Unicode>hoꝛē</pc:Unicode>
                    </pc:TextEquiv>
                </pc:Word>
                <pc:Word id="w_w1aab1b7b2b1b9b6b1">
                    <pc:Coords points="1076,2085 1205,2085 1205,2141 1076,2141"/>
                    <pc:TextEquiv>
                        <pc:Unicode>/ wan</pc:Unicode>
                    </pc:TextEquiv>
                </pc:Word>
                <pc:Word id="w_w1aab1b7b2b1b9b6c11">
                    <pc:Coords points="1225,2082 1311,2082 1311,2131 1225,2131"/>
                    <pc:TextEquiv>
                        <pc:Unicode>wir</pc:Unicode>
                    </pc:TextEquiv>
                </pc:Word>
                <pc:TextEquiv>
                    <pc:Unicode>vmb ſunst. Darūb iſt es erſchrecklich tzu hoꝛē / wan wir</pc:Unicode>
                </pc:TextEquiv>
            </pc:TextLine>
            <pc:TextEquiv>
                <pc:Unicode>Lzum erſtē/ richten wir vns ſelber vnd voꝛklagen
vns mit vnſzern eygē woꝛten/ das wir got vngehoꝛſam
ſein/ vñ ſeinē willē nit thun. Dan wen es alſo vmb vns
ſtundt/ das wir gottes willē theten/ ſo wer dyß gebet
vmb ſunst. Darūb iſt es erſchrecklich tzu hoꝛē / wan wir</pc:Unicode>
            </pc:TextEquiv>
        </pc:TextRegion>
    </pc:Page>
</pc:PcGts>
