<?xml version="1.0" encoding="UTF-8"?>
<pc:PcGts xmlns:pc="http://schema.primaresearch.org/PAGE/gts/pagecontent/2019-07-15" xmlns:xsi="http://www.w3.org/2001/XMLSchema-instance" xsi:schemaLocation="http://schema.primaresearch.org/PAGE/gts/pagecontent/2019-07-15 http://schema.primaresearch.org/PAGE/gts/pagecontent/2019-07-15/pagecontent.xsd">
    <pc:Metadata>
        <pc:Creator>OCR-D</pc:Creator>
        <pc:Created>2016-09-21T15:33:07.905000+02:00</pc:Created>
        <pc:LastChange>2018-04-24T15:00:59.273000+01:00</pc:LastChange>
    </pc:Metadata>
    <pc:Page imageFilename="OCR-D-IMG/OCR-D-IMG_0001.tif" imageWidth="1732" imageHeight="2383" type="content">
        <pc:Border>
            <pc:Coords points="202,292 1280,292 1280,2132 202,2132"/>
        </pc:Border>
        <pc:ReadingOrder>
            <pc:OrderedGroup id="ro_1483452059310" caption="Regions reading order">
                <pc:RegionRefIndexed index="0" regionRef="r_1_1"/>
                <pc:RegionRefIndexed index="1" regionRef="r_1_2"/>
                <pc:RegionRefIndexed index="2" regionRef="r_1_3"/>
                <pc:RegionRefIndexed index="3" regionRef="r_1_4"/>
                <pc:RegionRefIndexed index="4" regionRef="TextRegion_1481647712896_53"/>
                <pc:RegionRefIndexed index="5" regionRef="r_1_7"/>
                <pc:RegionRefIndexed index="6" regionRef="r_1_8"/>
                <pc:RegionRefIndexed index="7" regionRef="r_1_9"/>
                <pc:RegionRefIndexed index="8" regionRef="r_1_10"/>
                <pc:RegionRefIndexed index="9" regionRef="r_1_11"/>
                <pc:RegionRefIndexed index="10" regionRef="r_1_12"/>
                <pc:RegionRefIndexed index="11" regionRef="r_1_13"/>
                <pc:RegionRefIndexed index="12" regionRef="TextRegion_1481647572312_50"/>
                <pc:RegionRefIndexed index="13" regionRef="TextRegion_1481647572311_49"/>
            </pc:OrderedGroup>
        </pc:ReadingOrder>
        <pc:TextRegion id="r_1_1" type="paragraph">
            <pc:Coords points="233,319 1259,319 1259,438 233,438"/>
            <pc:TextLine id="tl_1" primaryLanguage="German">
                <pc:Coords points="234,320 1258,320 1258,389 234,389"/>
                <pc:Baseline points="234,369 1258,369"/>
                <pc:Word id="w_w1aab1b1b2b1b1ab1" language="German">
                    <pc:Coords points="234,337 252,337 252,389 234,389"/>
                    <pc:TextEquiv>
                        <pc:Unicode>1</pc:Unicode>
                    </pc:TextEquiv>
                </pc:Word>
                <pc:Word id="w_w1aab1b1b2b1b1ab5" language="German">
                    <pc:Coords points="317,329 477,329 477,379 317,379"/>
                    <pc:TextEquiv>
                        <pc:Unicode>Bartel</pc:Unicode>
                    </pc:TextEquiv>
                </pc:Word>
                <pc:Word id="w_w1aab1b1b2b1b1ac19" language="German">
                    <pc:Coords points="492,324 641,324 641,373 492,373"/>
                    <pc:TextEquiv>
                        <pc:Unicode>Nickel</pc:Unicode>
                    </pc:TextEquiv>
                </pc:Word>
                <pc:Word id="w_w1aab1b1b2b1b1ac33" language="German">
                    <pc:Coords points="653,325 716,325 716,369 653,369"/>
                    <pc:TextEquiv>
                        <pc:Unicode>ein</pc:Unicode>
                    </pc:TextEquiv>
                </pc:Word>
                <pc:Word id="w_w1aab1b1b2b1b1ac41" language="German">
                    <pc:Coords points="730,320 869,320 869,373 730,373"/>
                    <pc:TextEquiv>
                        <pc:Unicode>alter/</pc:Unicode>
                    </pc:TextEquiv>
                </pc:Word>
                <pc:Word id="w_w1aab1b1b2b1b1ac57" language="German">
                    <pc:Coords points="880,322 1008,322 1008,369 880,369"/>
                    <pc:TextEquiv>
                        <pc:Unicode>dicker</pc:Unicode>
                    </pc:TextEquiv>
                </pc:Word>
                <pc:Word id="w_w1aab1b1b2b1b1ac71" language="German">
                    <pc:Coords points="1018,322 1139,322 1139,375 1018,375"/>
                    <pc:TextEquiv>
                        <pc:Unicode>Man</pc:Unicode>
                    </pc:TextEquiv>
                </pc:Word>
                <pc:Word id="w_w1aab1b1b2b1b1ac79" language="German">
                    <pc:Coords points="1150,324 1258,324 1258,381 1150,381"/>
                    <pc:TextEquiv>
                        <pc:Unicode>/hat</pc:Unicode>
                    </pc:TextEquiv>
                </pc:Word>
                <pc:TextEquiv>
                    <pc:Unicode>1 Bartel Nickel ein alter/ dicker Man /hat</pc:Unicode>
                </pc:TextEquiv>
            </pc:TextLine>
            <pc:TextLine id="tl_2" primaryLanguage="German">
                <pc:Coords points="368,378 968,378 968,437 368,437"/>
                <pc:Baseline points="368,424 968,424"/>
                <pc:Word id="w_w1aab1b1b2b1b3ab1" language="German">
                    <pc:Coords points="368,391 485,391 485,430 368,430"/>
                    <pc:TextEquiv>
                        <pc:Unicode>einen</pc:Unicode>
                    </pc:TextEquiv>
                </pc:Word>
                <pc:Word id="w_w1aab1b1b2b1b3ac13" language="German">
                    <pc:Coords points="499,383 664,383 664,437 499,437"/>
                    <pc:TextEquiv>
                        <pc:Unicode>weiſſen</pc:Unicode>
                    </pc:TextEquiv>
                </pc:Word>
                <pc:Word id="w_w1aab1b1b2b1b3ac23" language="German">
                    <pc:Coords points="679,383 834,383 834,433 679,433"/>
                    <pc:TextEquiv>
                        <pc:Unicode>langen</pc:Unicode>
                    </pc:TextEquiv>
                </pc:Word>
                <pc:Word id="w_w1aab1b1b2b1b3ac37" language="German">
                    <pc:Coords points="856,378 968,378 968,425 856,425"/>
                    <pc:TextEquiv>
                        <pc:Unicode>bart.</pc:Unicode>
                    </pc:TextEquiv>
                </pc:Word>
                <pc:TextEquiv>
                    <pc:Unicode>einen weiſſen langen bart.</pc:Unicode>
                </pc:TextEquiv>
            </pc:TextLine>
            <pc:TextEquiv>
                <pc:Unicode>1 Bartel Nickel ein alter/ dicker Man /hat
einen weiſſen langen bart.</pc:Unicode>
            </pc:TextEquiv>
        </pc:TextRegion>
        <pc:TextRegion id="r_1_2" type="paragraph">
            <pc:Coords points="236,485 942,485 942,549 236,549"/>
            <pc:TextLine id="tl_3" primaryLanguage="German">
                <pc:Coords points="237,486 941,486 941,548 237,548"/>
                <pc:Baseline points="237,530 941,530"/>
                <pc:Word id="w_w1aab1b1b2b3b1ab1" language="German">
                    <pc:Coords points="237,509 265,509 265,539 237,539"/>
                    <pc:TextEquiv>
                        <pc:Unicode>2</pc:Unicode>
                    </pc:TextEquiv>
                </pc:Word>
                <pc:Word id="w_w1aab1b1b2b3b1ab5" language="German">
                    <pc:Coords points="315,494 472,494 472,548 315,548"/>
                    <pc:TextEquiv>
                        <pc:Unicode>Jtem/</pc:Unicode>
                    </pc:TextEquiv>
                </pc:Word>
                <pc:Word id="w_w1aab1b1b2b3b1ac17" language="German">
                    <pc:Coords points="484,488 630,488 630,538 484,538"/>
                    <pc:TextEquiv>
                        <pc:Unicode>Hans</pc:Unicode>
                    </pc:TextEquiv>
                </pc:Word>
                <pc:Word id="w_w1aab1b1b2b3b1ac29" language="German">
                    <pc:Coords points="642,486 941,486 941,541 642,541"/>
                    <pc:TextEquiv>
                        <pc:Unicode>Teichknecht.</pc:Unicode>
                    </pc:TextEquiv>
                </pc:Word>
                <pc:TextEquiv>
                    <pc:Unicode>2 Jtem/ Hans Teichknecht.</pc:Unicode>
                </pc:TextEquiv>
            </pc:TextLine>
            <pc:TextEquiv>
                <pc:Unicode>2 Jtem/ Hans Teichknecht.</pc:Unicode>
            </pc:TextEquiv>
        </pc:TextRegion>
        <pc:TextRegion id="r_1_3" type="paragraph">
            <pc:Coords points="236,593 1259,593 1259,759 236,759"/>
            <pc:TextLine id="tl_4" primaryLanguage="German">
                <pc:Coords points="237,594 1258,594 1258,656 237,656"/>
                <pc:Baseline points="237,640 1258,640"/>
                <pc:Word id="w_w1aab1b1b2b5b1ab1" language="German">
                    <pc:Coords points="237,617 261,617 261,656 237,656"/>
                    <pc:TextEquiv>
                        <pc:Unicode>3</pc:Unicode>
                    </pc:TextEquiv>
                </pc:Word>
                <pc:Word id="w_w1aab1b1b2b5b1ab5" language="German">
                    <pc:Coords points="310,599 475,599 475,650 310,650"/>
                    <pc:TextEquiv>
                        <pc:Unicode>Mertin</pc:Unicode>
                    </pc:TextEquiv>
                </pc:Word>
                <pc:Word id="w_w1aab1b1b2b5b1ac19" language="German">
                    <pc:Coords points="489,607 574,607 574,641 489,641"/>
                    <pc:TextEquiv>
                        <pc:Unicode>von</pc:Unicode>
                    </pc:TextEquiv>
                </pc:Word>
                <pc:Word id="w_w1aab1b1b2b5b1ac27" language="German">
                    <pc:Coords points="592,594 788,594 788,648 592,648"/>
                    <pc:TextEquiv>
                        <pc:Unicode>Leyptzig</pc:Unicode>
                    </pc:TextEquiv>
                </pc:Word>
                <pc:Word id="w_w1aab1b1b2b5b1ac45" language="German">
                    <pc:Coords points="800,597 827,597 827,646 800,646"/>
                    <pc:TextEquiv>
                        <pc:Unicode>/</pc:Unicode>
                    </pc:TextEquiv>
                </pc:Word>
                <pc:Word id="w_w1aab1b1b2b5b1ac49" language="German">
                    <pc:Coords points="849,598 918,598 918,639 849,639"/>
                    <pc:TextEquiv>
                        <pc:Unicode>der</pc:Unicode>
                    </pc:TextEquiv>
                </pc:Word>
                <pc:Word id="w_w1aab1b1b2b5b1ac57" language="German">
                    <pc:Coords points="932,595 1010,595 1010,648 932,648"/>
                    <pc:TextEquiv>
                        <pc:Unicode>hat</pc:Unicode>
                    </pc:TextEquiv>
                </pc:Word>
                <pc:Word id="w_w1aab1b1b2b5b1ac65" language="German">
                    <pc:Coords points="1020,597 1083,597 1083,641 1020,641"/>
                    <pc:TextEquiv>
                        <pc:Unicode>ein</pc:Unicode>
                    </pc:TextEquiv>
                </pc:Word>
                <pc:Word id="w_w1aab1b1b2b5b1ac73" language="German">
                    <pc:Coords points="1098,595 1258,595 1258,646 1098,646"/>
                    <pc:TextEquiv>
                        <pc:Unicode>Weib/</pc:Unicode>
                    </pc:TextEquiv>
                </pc:Word>
                <pc:TextEquiv>
                    <pc:Unicode>3 Mertin von Leyptzig / der hat ein Weib/</pc:Unicode>
                </pc:TextEquiv>
            </pc:TextLine>
            <pc:TextLine id="tl_5" primaryLanguage="German">
                <pc:Coords points="368,650 1257,650 1257,707 368,707"/>
                <pc:Baseline points="368,696 1257,696"/>
                <pc:Word id="w_w1aab1b1b2b5b3ab1" language="German">
                    <pc:Coords points="368,655 515,655 515,702 368,702"/>
                    <pc:TextEquiv>
                        <pc:Unicode>macht</pc:Unicode>
                    </pc:TextEquiv>
                </pc:Word>
                <pc:Word id="w_w1aab1b1b2b5b3ac13" language="German">
                    <pc:Coords points="526,656 640,656 640,696 526,696"/>
                    <pc:TextEquiv>
                        <pc:Unicode>einen</pc:Unicode>
                    </pc:TextEquiv>
                </pc:Word>
                <pc:Word id="w_w1aab1b1b2b5b3ac25" language="German">
                    <pc:Coords points="654,650 817,650 817,704 654,704"/>
                    <pc:TextEquiv>
                        <pc:Unicode>groſſen</pc:Unicode>
                    </pc:TextEquiv>
                </pc:Word>
                <pc:Word id="w_w1aab1b1b2b5b3ac41" language="German">
                    <pc:Coords points="832,652 973,652 973,707 832,707"/>
                    <pc:TextEquiv>
                        <pc:Unicode>bauch</pc:Unicode>
                    </pc:TextEquiv>
                </pc:Word>
                <pc:Word id="w_w1aab1b1b2b5b3ac53" language="German">
                    <pc:Coords points="985,657 1014,657 1014,707 985,707"/>
                    <pc:TextEquiv>
                        <pc:Unicode>/</pc:Unicode>
                    </pc:TextEquiv>
                </pc:Word>
                <pc:Word id="w_w1aab1b1b2b5b3ac57" language="German">
                    <pc:Coords points="1029,657 1115,657 1115,697 1029,697"/>
                    <pc:TextEquiv>
                        <pc:Unicode>vnd</pc:Unicode>
                    </pc:TextEquiv>
                </pc:Word>
                <pc:Word id="w_w1aab1b1b2b5b3ac65" language="German">
                    <pc:Coords points="1126,652 1257,652 1257,707 1126,707"/>
                    <pc:TextEquiv>
                        <pc:Unicode>ſtehet</pc:Unicode>
                    </pc:TextEquiv>
                </pc:Word>
                <pc:TextEquiv>
                    <pc:Unicode>macht einen groſſen bauch / vnd ſtehet</pc:Unicode>
                </pc:TextEquiv>
            </pc:TextLine>
            <pc:TextLine id="tl_6" primaryLanguage="German">
                <pc:Coords points="362,706 739,706 739,758 362,758"/>
                <pc:Baseline points="362,750 739,750"/>
                <pc:Word id="w_w1aab1b1b2b5b5ab1" language="German">
                    <pc:Coords points="362,719 439,719 439,755 362,755"/>
                    <pc:TextEquiv>
                        <pc:Unicode>vor</pc:Unicode>
                    </pc:TextEquiv>
                </pc:Word>
                <pc:Word id="w_w1aab1b1b2b5b5ab9" language="German">
                    <pc:Coords points="452,712 521,712 521,753 452,753"/>
                    <pc:TextEquiv>
                        <pc:Unicode>der</pc:Unicode>
                    </pc:TextEquiv>
                </pc:Word>
                <pc:Word id="w_w1aab1b1b2b5b5ac17" language="German">
                    <pc:Coords points="536,706 739,706 739,758 536,758"/>
                    <pc:TextEquiv>
                        <pc:Unicode>Kirchen.</pc:Unicode>
                    </pc:TextEquiv>
                </pc:Word>
                <pc:TextEquiv>
                    <pc:Unicode>vor der Kirchen.</pc:Unicode>
                </pc:TextEquiv>
            </pc:TextLine>
            <pc:TextEquiv>
                <pc:Unicode>3 Mertin von Leyptzig / der hat ein Weib/
macht einen groſſen bauch / vnd ſtehet
vor der Kirchen.</pc:Unicode>
            </pc:TextEquiv>
        </pc:TextRegion>
        <pc:TextRegion id="r_1_4" type="paragraph">
            <pc:Coords points="235,811 877,811 877,876 235,876"/>
            <pc:TextLine id="tl_7" primaryLanguage="German">
                <pc:Coords points="236,812 876,812 876,875 236,875"/>
                <pc:Baseline points="236,856 876,856"/>
                <pc:Word id="w_w1aab1b1b2b7b1ab1" language="German">
                    <pc:Coords points="236,831 270,831 270,875 236,875"/>
                    <pc:TextEquiv>
                        <pc:Unicode>4</pc:Unicode>
                    </pc:TextEquiv>
                </pc:Word>
                <pc:Word id="w_w1aab1b1b2b7b1ab5" language="German">
                    <pc:Coords points="331,815 489,815 489,870 331,870"/>
                    <pc:TextEquiv>
                        <pc:Unicode>Jtem/</pc:Unicode>
                    </pc:TextEquiv>
                </pc:Word>
                <pc:Word id="w_w1aab1b1b2b7b1ac17" language="German">
                    <pc:Coords points="502,814 636,814 636,865 502,865"/>
                    <pc:TextEquiv>
                        <pc:Unicode>Pauel</pc:Unicode>
                    </pc:TextEquiv>
                </pc:Word>
                <pc:Word id="w_w1aab1b1b2b7b1ac29" language="German">
                    <pc:Coords points="659,812 876,812 876,861 659,861"/>
                    <pc:TextEquiv>
                        <pc:Unicode>Mertens.</pc:Unicode>
                    </pc:TextEquiv>
                </pc:Word>
                <pc:TextEquiv>
                    <pc:Unicode>4 Jtem/ Pauel Mertens.</pc:Unicode>
                </pc:TextEquiv>
            </pc:TextLine>
            <pc:TextEquiv>
                <pc:Unicode>4 Jtem/ Pauel Mertens.</pc:Unicode>
            </pc:TextEquiv>
        </pc:TextRegion>
        <pc:TextRegion id="TextRegion_1481647712896_53" type="paragraph">
            <pc:Coords points="234,914 1258,914 1258,973 1258,1129 351,1129 234,983"/>
            <pc:TextLine id="tl_8" primaryLanguage="German">
                <pc:Coords points="235,915 1257,915 1257,982 235,982"/>
                <pc:Baseline points="235,961 1257,961"/>
                <pc:Word id="w_w1aab1b1b2b9b1ab1" language="German">
                    <pc:Coords points="235,942 262,942 262,982 235,982"/>
                    <pc:TextEquiv>
                        <pc:Unicode>5</pc:Unicode>
                    </pc:TextEquiv>
                </pc:Word>
                <pc:Word id="w_w1aab1b1b2b9b1ab5" language="German">
                    <pc:Coords points="325,919 487,919 487,970 325,970"/>
                    <pc:TextEquiv>
                        <pc:Unicode>Moritz</pc:Unicode>
                    </pc:TextEquiv>
                </pc:Word>
                <pc:Word id="w_w1aab1b1b2b9b1ac19" language="German">
                    <pc:Coords points="509,915 699,915 699,967 509,967"/>
                    <pc:TextEquiv>
                        <pc:Unicode>Schone</pc:Unicode>
                    </pc:TextEquiv>
                </pc:Word>
                <pc:Word id="w_w1aab1b1b2b9b1ac33" language="German">
                    <pc:Coords points="722,919 786,919 786,961 722,961"/>
                    <pc:TextEquiv>
                        <pc:Unicode>ein</pc:Unicode>
                    </pc:TextEquiv>
                </pc:Word>
                <pc:Word id="w_w1aab1b1b2b9b1ac41" language="German">
                    <pc:Coords points="807,918 954,918 954,969 807,969"/>
                    <pc:TextEquiv>
                        <pc:Unicode>langer</pc:Unicode>
                    </pc:TextEquiv>
                </pc:Word>
                <pc:Word id="w_w1aab1b1b2b9b1ac55" language="German">
                    <pc:Coords points="977,916 1097,916 1097,964 977,964"/>
                    <pc:TextEquiv>
                        <pc:Unicode>Man</pc:Unicode>
                    </pc:TextEquiv>
                </pc:Word>
                <pc:Word id="w_w1aab1b1b2b9b1ac63" language="German">
                    <pc:Coords points="1122,919 1149,919 1149,970 1122,970"/>
                    <pc:TextEquiv>
                        <pc:Unicode>/</pc:Unicode>
                    </pc:TextEquiv>
                </pc:Word>
                <pc:Word id="w_w1aab1b1b2b9b1ac67" language="German">
                    <pc:Coords points="1173,918 1257,918 1257,971 1173,971"/>
                    <pc:TextEquiv>
                        <pc:Unicode>hat</pc:Unicode>
                    </pc:TextEquiv>
                </pc:Word>
                <pc:TextEquiv>
                    <pc:Unicode>5 Moritz Schone ein langer Man / hat</pc:Unicode>
                </pc:TextEquiv>
            </pc:TextLine>
            <pc:TextLine id="tl_9" primaryLanguage="German">
                <pc:Coords points="352,974 1257,974 1257,1023 352,1023"/>
                <pc:Baseline points="352,1013 1257,1013"/>
                <pc:Word id="w_w1aab1b1b2c11b1ab1" language="German">
                    <pc:Coords points="352,979 467,979 467,1018 352,1018"/>
                    <pc:TextEquiv>
                        <pc:Unicode>einen</pc:Unicode>
                    </pc:TextEquiv>
                </pc:Word>
                <pc:Word id="w_w1aab1b1b2c11b1ac13" language="German">
                    <pc:Coords points="481,974 636,974 636,1020 481,1020"/>
                    <pc:TextEquiv>
                        <pc:Unicode>langen</pc:Unicode>
                    </pc:TextEquiv>
                </pc:Word>
                <pc:Word id="w_w1aab1b1b2c11b1ac27" language="German">
                    <pc:Coords points="655,975 748,975 748,1014 655,1014"/>
                    <pc:TextEquiv>
                        <pc:Unicode>bart</pc:Unicode>
                    </pc:TextEquiv>
                </pc:Word>
                <pc:Word id="w_w1aab1b1b2c11b1ac37" language="German">
                    <pc:Coords points="762,978 784,978 784,1018 762,1018"/>
                    <pc:TextEquiv>
                        <pc:Unicode>/</pc:Unicode>
                    </pc:TextEquiv>
                </pc:Word>
                <pc:Word id="w_w1aab1b1b2c11b1ac41" language="German">
                    <pc:Coords points="800,972 855,972 855,1014 800,1014"/>
                    <pc:TextEquiv>
                        <pc:Unicode>vñ</pc:Unicode>
                    </pc:TextEquiv>
                </pc:Word>
                <pc:Word id="w_w1aab1b1b2c11b1ac47" language="German">
                    <pc:Coords points="867,978 984,978 984,1014 867,1014"/>
                    <pc:TextEquiv>
                        <pc:Unicode>einen</pc:Unicode>
                    </pc:TextEquiv>
                </pc:Word>
                <pc:Word id="w_w1aab1b1b2c11b1ac59" language="German">
                    <pc:Coords points="999,974 1257,974 1257,1023 999,1023"/>
                    <pc:TextEquiv>
                        <pc:Unicode>ſchwartzen</pc:Unicode>
                    </pc:TextEquiv>
                </pc:Word>
                <pc:TextEquiv>
                    <pc:Unicode>einen langen bart / vñ einen ſchwartzen</pc:Unicode>
                </pc:TextEquiv>
            </pc:TextLine>
            <pc:TextLine id="tl_10" primaryLanguage="German">
                <pc:Coords points="365,1023 1256,1023 1256,1082 365,1082"/>
                <pc:Baseline points="365,1071 1256,1071"/>
                <pc:Word id="word_1481122947591_132" language="German">
                    <pc:Coords points="698,1081 365,1081 365,1026 698,1026"/>
                    <pc:TextEquiv>
                        <pc:Unicode>Wappenrock/</pc:Unicode>
                    </pc:TextEquiv>
                </pc:Word>
                <pc:Word id="word_1481122947571_131" language="German">
                    <pc:Coords points="787,1081 698,1081 698,1026 787,1026"/>
                    <pc:TextEquiv>
                        <pc:Unicode>vnd</pc:Unicode>
                    </pc:TextEquiv>
                </pc:Word>
                <pc:Word id="word_1481122958336_134" language="German">
                    <pc:Coords points="895,1082 801,1082 801,1023 895,1023"/>
                    <pc:TextEquiv>
                        <pc:Unicode>gele</pc:Unicode>
                    </pc:TextEquiv>
                </pc:Word>
                <pc:Word id="word_1481122958336_133" language="German">
                    <pc:Coords points="1100,1082 895,1082 895,1023 1100,1023"/>
                    <pc:TextEquiv>
                        <pc:Unicode>ſtruͤmpff</pc:Unicode>
                    </pc:TextEquiv>
                </pc:Word>
                <pc:Word id="w_w1aab1b1b2c11b3ac57" language="German">
                    <pc:Coords points="1120,1028 1256,1028 1256,1081 1120,1081"/>
                    <pc:TextEquiv>
                        <pc:Unicode>hofen</pc:Unicode>
                    </pc:TextEquiv>
                </pc:Word>
                <pc:TextEquiv>
                    <pc:Unicode>Wappenrock/ vnd gele ſtruͤmpff hofen</pc:Unicode>
                </pc:TextEquiv>
            </pc:TextLine>
            <pc:TextLine id="tl_11" primaryLanguage="German">
                <pc:Coords points="362,1093 437,1093 437,1128 362,1128"/>
                <pc:Baseline points="362,1126 437,1126"/>
                <pc:Word id="w_w1aab1b1b2c11b5ab1" language="German">
                    <pc:Coords points="362,1093 437,1093 437,1128 362,1128"/>
                    <pc:TextEquiv>
                        <pc:Unicode>an.</pc:Unicode>
                    </pc:TextEquiv>
                </pc:Word>
                <pc:TextEquiv>
                    <pc:Unicode>an.</pc:Unicode>
                </pc:TextEquiv>
            </pc:TextLine>
            <pc:TextEquiv>
                <pc:Unicode>5 Moritz Schone ein langer Man / hat
einen langen bart / vñ einen ſchwartzen
Wappenrock/ vnd gele ſtruͤmpff hofen
an.</pc:Unicode>
            </pc:TextEquiv>
        </pc:TextRegion>
        <pc:TextRegion id="r_1_7" type="paragraph">
            <pc:Coords points="232,1132 1258,1132 1258,1245 232,1245"/>
            <pc:TextLine id="tl_12" primaryLanguage="German">
                <pc:Coords points="233,1133 1257,1133 1257,1189 233,1189"/>
                <pc:Baseline points="233,1179 1257,1179"/>
                <pc:Word id="w_w1aab1b1b2c13b1ab1" language="German">
                    <pc:Coords points="233,1144 263,1144 263,1183 233,1183"/>
                    <pc:TextEquiv>
                        <pc:Unicode>6</pc:Unicode>
                    </pc:TextEquiv>
                </pc:Word>
                <pc:Word id="w_w1aab1b1b2c13b1ab5" language="German">
                    <pc:Coords points="332,1140 481,1140 481,1185 332,1185"/>
                    <pc:TextEquiv>
                        <pc:Unicode>Adam</pc:Unicode>
                    </pc:TextEquiv>
                </pc:Word>
                <pc:Word id="w_w1aab1b1b2c13b1ac15" language="German">
                    <pc:Coords points="495,1146 579,1146 579,1179 495,1179"/>
                    <pc:TextEquiv>
                        <pc:Unicode>von</pc:Unicode>
                    </pc:TextEquiv>
                </pc:Word>
                <pc:Word id="w_w1aab1b1b2c13b1ac23" language="German">
                    <pc:Coords points="594,1133 815,1133 815,1189 594,1189"/>
                    <pc:TextEquiv>
                        <pc:Unicode>Forcheim</pc:Unicode>
                    </pc:TextEquiv>
                </pc:Word>
                <pc:Word id="w_w1aab1b1b2c13b1ac41" language="German">
                    <pc:Coords points="830,1136 858,1136 858,1185 830,1185"/>
                    <pc:TextEquiv>
                        <pc:Unicode>/</pc:Unicode>
                    </pc:TextEquiv>
                </pc:Word>
                <pc:Word id="w_w1aab1b1b2c13b1ac45" language="German">
                    <pc:Coords points="870,1133 948,1133 948,1185 870,1185"/>
                    <pc:TextEquiv>
                        <pc:Unicode>hat</pc:Unicode>
                    </pc:TextEquiv>
                </pc:Word>
                <pc:Word id="w_w1aab1b1b2c13b1ac53" language="German">
                    <pc:Coords points="960,1138 1075,1138 1075,1179 960,1179"/>
                    <pc:TextEquiv>
                        <pc:Unicode>einen</pc:Unicode>
                    </pc:TextEquiv>
                </pc:Word>
                <pc:Word id="w_w1aab1b1b2c13b1ac65" language="German">
                    <pc:Coords points="1100,1137 1257,1137 1257,1184 1100,1184"/>
                    <pc:TextEquiv>
                        <pc:Unicode>Baur-</pc:Unicode>
                    </pc:TextEquiv>
                </pc:Word>
                <pc:TextEquiv>
                    <pc:Unicode>6 Adam von Forcheim / hat einen Baur-</pc:Unicode>
                </pc:TextEquiv>
            </pc:TextLine>
            <pc:TextLine id="tl_13" primaryLanguage="German">
                <pc:Coords points="364,1191 1054,1191 1054,1244 364,1244"/>
                <pc:Baseline points="364,1235 1054,1235"/>
                <pc:Word id="w_w1aab1b1b2c13b3ab1" language="German">
                    <pc:Coords points="364,1191 458,1191 458,1236 364,1236"/>
                    <pc:TextEquiv>
                        <pc:Unicode>rock</pc:Unicode>
                    </pc:TextEquiv>
                </pc:Word>
                <pc:Word id="w_w1aab1b1b2c13b3ac11" language="German">
                    <pc:Coords points="470,1203 527,1203 527,1235 470,1235"/>
                    <pc:TextEquiv>
                        <pc:Unicode>an</pc:Unicode>
                    </pc:TextEquiv>
                </pc:Word>
                <pc:Word id="w_w1aab1b1b2c13b3ac17" language="German">
                    <pc:Coords points="540,1196 565,1196 565,1242 540,1242"/>
                    <pc:TextEquiv>
                        <pc:Unicode>/</pc:Unicode>
                    </pc:TextEquiv>
                </pc:Word>
                <pc:Word id="w_w1aab1b1b2c13b3ac21" language="German">
                    <pc:Coords points="582,1194 659,1194 659,1233 582,1233"/>
                    <pc:TextEquiv>
                        <pc:Unicode>mit</pc:Unicode>
                    </pc:TextEquiv>
                </pc:Word>
                <pc:Word id="w_w1aab1b1b2c13b3ac29" language="German">
                    <pc:Coords points="670,1191 886,1191 886,1244 670,1244"/>
                    <pc:TextEquiv>
                        <pc:Unicode>geſtickten</pc:Unicode>
                    </pc:TextEquiv>
                </pc:Word>
                <pc:Word id="w_w1aab1b1b2c13b3ac51" language="German">
                    <pc:Coords points="902,1192 1054,1192 1054,1236 902,1236"/>
                    <pc:TextEquiv>
                        <pc:Unicode>valten.</pc:Unicode>
                    </pc:TextEquiv>
                </pc:Word>
                <pc:TextEquiv>
                    <pc:Unicode>rock an / mit geſtickten valten.</pc:Unicode>
                </pc:TextEquiv>
            </pc:TextLine>
            <pc:TextEquiv>
                <pc:Unicode>6 Adam von Forcheim / hat einen Baur-
rock an / mit geſtickten valten.</pc:Unicode>
            </pc:TextEquiv>
        </pc:TextRegion>
        <pc:TextRegion id="r_1_8" type="paragraph">
            <pc:Coords points="233,1294 777,1294 777,1356 233,1356"/>
            <pc:TextLine id="tl_14" primaryLanguage="German">
                <pc:Coords points="234,1295 776,1295 776,1355 234,1355"/>
                <pc:Baseline points="234,1339 776,1339"/>
                <pc:Word id="w_w1aab1b1b2c15b1ab1" language="German">
                    <pc:Coords points="234,1314 262,1314 262,1346 234,1346"/>
                    <pc:TextEquiv>
                        <pc:Unicode>7</pc:Unicode>
                    </pc:TextEquiv>
                </pc:Word>
                <pc:Word id="w_w1aab1b1b2c15b1ab7" language="German">
                    <pc:Coords points="314,1299 485,1299 485,1355 314,1355"/>
                    <pc:TextEquiv>
                        <pc:Unicode>Jtem/</pc:Unicode>
                    </pc:TextEquiv>
                </pc:Word>
                <pc:Word id="w_w1aab1b1b2c15b1ac17" language="German">
                    <pc:Coords points="492,1298 615,1298 615,1353 492,1353"/>
                    <pc:TextEquiv>
                        <pc:Unicode>Peter</pc:Unicode>
                    </pc:TextEquiv>
                </pc:Word>
                <pc:Word id="w_w1aab1b1b2c15b1ac31" language="German">
                    <pc:Coords points="630,1295 776,1295 776,1348 630,1348"/>
                    <pc:TextEquiv>
                        <pc:Unicode>Koch.</pc:Unicode>
                    </pc:TextEquiv>
                </pc:Word>
                <pc:TextEquiv>
                    <pc:Unicode>7 Jtem/ Peter Koch.</pc:Unicode>
                </pc:TextEquiv>
            </pc:TextLine>
            <pc:TextEquiv>
                <pc:Unicode>7 Jtem/ Peter Koch.</pc:Unicode>
            </pc:TextEquiv>
        </pc:TextRegion>
        <pc:TextRegion id="r_1_9" type="paragraph">
            <pc:Coords points="238,1401 1046,1401 1046,1455 238,1455"/>
            <pc:TextLine id="tl_15" primaryLanguage="German">
                <pc:Coords points="239,1402 1045,1402 1045,1454 239,1454"/>
                <pc:Baseline points="239,1444 1045,1444"/>
                <pc:Word id="w_w1aab1b1b2c17b1ab1" language="German">
                    <pc:Coords points="239,1410 264,1410 264,1447 239,1447"/>
                    <pc:TextEquiv>
                        <pc:Unicode>8</pc:Unicode>
                    </pc:TextEquiv>
                </pc:Word>
                <pc:Word id="w_w1aab1b1b2c17b1ab5" language="German">
                    <pc:Coords points="313,1404 477,1404 477,1454 313,1454"/>
                    <pc:TextEquiv>
                        <pc:Unicode>Greger</pc:Unicode>
                    </pc:TextEquiv>
                </pc:Word>
                <pc:Word id="w_w1aab1b1b2c17b1ac19" language="German">
                    <pc:Coords points="493,1402 723,1402 723,1453 493,1453"/>
                    <pc:TextEquiv>
                        <pc:Unicode>Schreiber</pc:Unicode>
                    </pc:TextEquiv>
                </pc:Word>
                <pc:Word id="w_w1aab1b1b2c17b1ac39" language="German">
                    <pc:Coords points="736,1402 783,1402 783,1454 736,1454"/>
                    <pc:TextEquiv>
                        <pc:Unicode>iſt</pc:Unicode>
                    </pc:TextEquiv>
                </pc:Word>
                <pc:Word id="w_w1aab1b1b2c17b1ac47" language="German">
                    <pc:Coords points="797,1403 887,1403 887,1445 797,1445"/>
                    <pc:TextEquiv>
                        <pc:Unicode>wol</pc:Unicode>
                    </pc:TextEquiv>
                </pc:Word>
                <pc:Word id="w_w1aab1b1b2c17b1ac55" language="German">
                    <pc:Coords points="906,1404 1045,1404 1045,1452 906,1452"/>
                    <pc:TextEquiv>
                        <pc:Unicode>gelert.</pc:Unicode>
                    </pc:TextEquiv>
                </pc:Word>
                <pc:TextEquiv>
                    <pc:Unicode>8 Greger Schreiber iſt wol gelert.</pc:Unicode>
                </pc:TextEquiv>
            </pc:TextLine>
            <pc:TextEquiv>
                <pc:Unicode>8 Greger Schreiber iſt wol gelert.</pc:Unicode>
            </pc:TextEquiv>
        </pc:TextRegion>
        <pc:TextRegion id="r_1_10" type="paragraph">
            <pc:Coords points="235,1505 766,1505 766,1567 235,1567"/>
            <pc:TextLine id="tl_16" primaryLanguage="German">
                <pc:Coords points="236,1506 765,1506 765,1566 236,1566"/>
                <pc:Baseline points="236,1550 765,1550"/>
                <pc:Word id="w_w1aab1b1b2c19b1ab1" language="German">
                    <pc:Coords points="236,1526 263,1526 263,1566 236,1566"/>
                    <pc:TextEquiv>
                        <pc:Unicode>9</pc:Unicode>
                    </pc:TextEquiv>
                </pc:Word>
                <pc:Word id="w_w1aab1b1b2c19b1ab5" language="German">
                    <pc:Coords points="313,1509 478,1509 478,1559 313,1559"/>
                    <pc:TextEquiv>
                        <pc:Unicode>Mertin</pc:Unicode>
                    </pc:TextEquiv>
                </pc:Word>
                <pc:Word id="w_w1aab1b1b2c19b1ac19" language="German">
                    <pc:Coords points="501,1506 765,1506 765,1559 501,1559"/>
                    <pc:TextEquiv>
                        <pc:Unicode>Kauffman.</pc:Unicode>
                    </pc:TextEquiv>
                </pc:Word>
                <pc:TextEquiv>
                    <pc:Unicode>9 Mertin Kauffman.</pc:Unicode>
                </pc:TextEquiv>
            </pc:TextLine>
            <pc:TextEquiv>
                <pc:Unicode>9 Mertin Kauffman.</pc:Unicode>
            </pc:TextEquiv>
        </pc:TextRegion>
        <pc:TextRegion id="r_1_11" type="paragraph">
            <pc:Coords points="237,1608 1258,1608 1258,1835 237,1835"/>
            <pc:TextLine id="tl_17" primaryLanguage="German">
                <pc:Coords points="238,1609 1256,1609 1256,1666 238,1666"/>
                <pc:Baseline points="238,1656 1256,1656"/>
                <pc:Word id="w_w1aab1b1b2c21b1ab1" language="German">
                    <pc:Coords points="238,1630 277,1630 277,1658 238,1658"/>
                    <pc:TextEquiv>
                        <pc:Unicode>10</pc:Unicode>
                    </pc:TextEquiv>
                </pc:Word>
                <pc:Word id="w_w1aab1b1b2c21b1ab7" language="German">
                    <pc:Coords points="343,1614 490,1614 490,1666 343,1666"/>
                    <pc:TextEquiv>
                        <pc:Unicode>Hans</pc:Unicode>
                    </pc:TextEquiv>
                </pc:Word>
                <pc:Word id="w_w1aab1b1b2c21b1ac19" language="German">
                    <pc:Coords points="511,1609 906,1609 906,1662 511,1662"/>
                    <pc:TextEquiv>
                        <pc:Unicode>Mummenſchuͤrer</pc:Unicode>
                    </pc:TextEquiv>
                </pc:Word>
                <pc:Word id="w_w1aab1b1b2c21b1ac49" language="German">
                    <pc:Coords points="919,1614 945,1614 945,1662 919,1662"/>
                    <pc:TextEquiv>
                        <pc:Unicode>/</pc:Unicode>
                    </pc:TextEquiv>
                </pc:Word>
                <pc:Word id="w_w1aab1b1b2c21b1ac53" language="German">
                    <pc:Coords points="958,1613 1004,1613 1004,1665 958,1665"/>
                    <pc:TextEquiv>
                        <pc:Unicode>iſt</pc:Unicode>
                    </pc:TextEquiv>
                </pc:Word>
                <pc:Word id="w_w1aab1b1b2c21b1ac61" language="German">
                    <pc:Coords points="1016,1616 1077,1616 1077,1657 1016,1657"/>
                    <pc:TextEquiv>
                        <pc:Unicode>ein</pc:Unicode>
                    </pc:TextEquiv>
                </pc:Word>
                <pc:Word id="w_w1aab1b1b2c21b1ac69" language="German">
                    <pc:Coords points="1091,1616 1256,1616 1256,1658 1091,1658"/>
                    <pc:TextEquiv>
                        <pc:Unicode>nidder-</pc:Unicode>
                    </pc:TextEquiv>
                </pc:Word>
                <pc:TextEquiv>
                    <pc:Unicode>10 Hans Mummenſchuͤrer / iſt ein nidder-</pc:Unicode>
                </pc:TextEquiv>
            </pc:TextLine>
            <pc:TextLine id="tl_18" primaryLanguage="German">
                <pc:Coords points="382,1667 1257,1667 1257,1721 382,1721"/>
                <pc:Baseline points="382,1712 1257,1712"/>
                <pc:Word id="w_w1aab1b1b2c21b3ab1" language="German">
                    <pc:Coords points="382,1672 528,1672 528,1721 382,1721"/>
                    <pc:TextEquiv>
                        <pc:Unicode>ſtem̃ig</pc:Unicode>
                    </pc:TextEquiv>
                </pc:Word>
                <pc:Word id="w_w1aab1b1b2c21b3ac15" language="German">
                    <pc:Coords points="552,1668 709,1668 709,1716 552,1716"/>
                    <pc:TextEquiv>
                        <pc:Unicode>Man/</pc:Unicode>
                    </pc:TextEquiv>
                </pc:Word>
                <pc:Word id="w_w1aab1b1b2c21b3ac25" language="German">
                    <pc:Coords points="730,1667 835,1667 835,1713 730,1713"/>
                    <pc:TextEquiv>
                        <pc:Unicode>Vnd</pc:Unicode>
                    </pc:TextEquiv>
                </pc:Word>
                <pc:Word id="w_w1aab1b1b2c21b3ac33" language="German">
                    <pc:Coords points="849,1670 926,1670 926,1719 849,1719"/>
                    <pc:TextEquiv>
                        <pc:Unicode>hat</pc:Unicode>
                    </pc:TextEquiv>
                </pc:Word>
                <pc:Word id="w_w1aab1b1b2c21b3ac41" language="German">
                    <pc:Coords points="937,1674 998,1674 998,1713 937,1713"/>
                    <pc:TextEquiv>
                        <pc:Unicode>ein</pc:Unicode>
                    </pc:TextEquiv>
                </pc:Word>
                <pc:Word id="word_1481123047824_136" language="German">
                    <pc:Coords points="1186,1718 1015,1718 1015,1671 1186,1671"/>
                    <pc:TextEquiv>
                        <pc:Unicode>Weib/</pc:Unicode>
                    </pc:TextEquiv>
                </pc:Word>
                <pc:Word id="word_1481123047823_135" language="German">
                    <pc:Coords points="1257,1718 1186,1718 1186,1671 1257,1671"/>
                    <pc:TextEquiv>
                        <pc:Unicode>die</pc:Unicode>
                    </pc:TextEquiv>
                </pc:Word>
                <pc:TextEquiv>
                    <pc:Unicode>ſtem̃ig Man/ Vnd hat ein Weib/ die</pc:Unicode>
                </pc:TextEquiv>
            </pc:TextLine>
            <pc:TextLine id="tl_19" primaryLanguage="German">
                <pc:Coords points="375,1723 1255,1723 1255,1778 375,1778"/>
                <pc:Baseline points="375,1766 1255,1766"/>
                <pc:Word id="w_w1aab1b1b2c21b5ab1" language="German">
                    <pc:Coords points="375,1727 455,1727 455,1775 375,1775"/>
                    <pc:TextEquiv>
                        <pc:Unicode>hat</pc:Unicode>
                    </pc:TextEquiv>
                </pc:Word>
                <pc:Word id="w_w1aab1b1b2c21b5ab9" language="German">
                    <pc:Coords points="467,1728 581,1728 581,1767 467,1767"/>
                    <pc:TextEquiv>
                        <pc:Unicode>einen</pc:Unicode>
                    </pc:TextEquiv>
                </pc:Word>
                <pc:Word id="w_w1aab1b1b2c21b5ac21" language="German">
                    <pc:Coords points="604,1723 815,1723 815,1774 604,1774"/>
                    <pc:TextEquiv>
                        <pc:Unicode>geflickten</pc:Unicode>
                    </pc:TextEquiv>
                </pc:Word>
                <pc:Word id="w_w1aab1b1b2c21b5ac43" language="German">
                    <pc:Coords points="832,1728 1019,1728 1019,1778 832,1778"/>
                    <pc:TextEquiv>
                        <pc:Unicode>mantel/</pc:Unicode>
                    </pc:TextEquiv>
                </pc:Word>
                <pc:Word id="w_w1aab1b1b2c21b5ac59" language="German">
                    <pc:Coords points="1040,1728 1123,1728 1123,1769 1040,1769"/>
                    <pc:TextEquiv>
                        <pc:Unicode>vnd</pc:Unicode>
                    </pc:TextEquiv>
                </pc:Word>
                <pc:Word id="w_w1aab1b1b2c21b5ac67" language="German">
                    <pc:Coords points="1136,1731 1255,1731 1255,1770 1136,1770"/>
                    <pc:TextEquiv>
                        <pc:Unicode>einen</pc:Unicode>
                    </pc:TextEquiv>
                </pc:Word>
                <pc:TextEquiv>
                    <pc:Unicode>hat einen geflickten mantel/ vnd einen</pc:Unicode>
                </pc:TextEquiv>
            </pc:TextLine>
            <pc:TextLine id="tl_20" primaryLanguage="German">
                <pc:Coords points="379,1778 857,1778 857,1834 379,1834"/>
                <pc:Baseline points="379,1821 857,1821"/>
                <pc:Word id="w_w1aab1b1b2c21b7ab1" language="German">
                    <pc:Coords points="379,1779 633,1779 633,1833 379,1833"/>
                    <pc:TextEquiv>
                        <pc:Unicode>ſchwartzen</pc:Unicode>
                    </pc:TextEquiv>
                </pc:Word>
                <pc:Word id="w_w1aab1b1b2c21b7ac23" language="German">
                    <pc:Coords points="648,1780 727,1780 727,1831 648,1831"/>
                    <pc:TextEquiv>
                        <pc:Unicode>hut</pc:Unicode>
                    </pc:TextEquiv>
                </pc:Word>
                <pc:Word id="w_w1aab1b1b2c21b7ac31" language="German">
                    <pc:Coords points="740,1778 857,1778 857,1834 740,1834"/>
                    <pc:TextEquiv>
                        <pc:Unicode>auff.</pc:Unicode>
                    </pc:TextEquiv>
                </pc:Word>
                <pc:TextEquiv>
                    <pc:Unicode>ſchwartzen hut auff.</pc:Unicode>
                </pc:TextEquiv>
            </pc:TextLine>
            <pc:TextEquiv>
                <pc:Unicode>10 Hans Mummenſchuͤrer / iſt ein nidder-
ſtem̃ig Man/ Vnd hat ein Weib/ die
hat einen geflickten mantel/ vnd einen
ſchwartzen hut auff.</pc:Unicode>
            </pc:TextEquiv>
        </pc:TextRegion>
        <pc:TextRegion id="r_1_12" type="paragraph">
            <pc:Coords points="319,1882 898,1882 898,1939 319,1939"/>
            <pc:TextLine id="tl_21" primaryLanguage="German">
                <pc:Coords points="320,1883 897,1883 897,1938 320,1938"/>
                <pc:Baseline points="320,1929 897,1929"/>
                <pc:Word id="w_w1aab1b1b2c23b1ab1" language="German">
                    <pc:Coords points="320,1886 542,1886 542,1937 320,1937"/>
                    <pc:TextEquiv>
                        <pc:Unicode>Hartwig</pc:Unicode>
                    </pc:TextEquiv>
                </pc:Word>
                <pc:Word id="w_w1aab1b1b2c23b1ac19" language="German">
                    <pc:Coords points="557,1895 642,1895 642,1929 557,1929"/>
                    <pc:TextEquiv>
                        <pc:Unicode>von</pc:Unicode>
                    </pc:TextEquiv>
                </pc:Word>
                <pc:Word id="w_w1aab1b1b2c23b1ac27" language="German">
                    <pc:Coords points="656,1883 897,1883 897,1938 656,1938"/>
                    <pc:TextEquiv>
                        <pc:Unicode>Kitzingen.</pc:Unicode>
                    </pc:TextEquiv>
                </pc:Word>
                <pc:TextEquiv>
                    <pc:Unicode>Hartwig von Kitzingen.</pc:Unicode>
                </pc:TextEquiv>
            </pc:TextLine>
            <pc:TextEquiv>
                <pc:Unicode>Hartwig von Kitzingen.</pc:Unicode>
            </pc:TextEquiv>
        </pc:TextRegion>
        <pc:TextRegion id="r_1_13" type="paragraph">
            <pc:Coords points="234,1989 792,1989 792,2047 234,2047"/>
            <pc:TextLine id="tl_22" primaryLanguage="German">
                <pc:Coords points="235,1990 791,1990 791,2046 235,2046"/>
                <pc:Baseline points="235,2039 791,2039"/>
                <pc:Word id="w_w1aab1b1b2c25b1ab1" language="German">
                    <pc:Coords points="235,2004 277,2004 277,2037 235,2037"/>
                    <pc:TextEquiv>
                        <pc:Unicode>12</pc:Unicode>
                    </pc:TextEquiv>
                </pc:Word>
                <pc:Word id="w_w1aab1b1b2c25b1ab7" language="German">
                    <pc:Coords points="340,1990 489,1990 489,2043 340,2043"/>
                    <pc:TextEquiv>
                        <pc:Unicode>Adam</pc:Unicode>
                    </pc:TextEquiv>
                </pc:Word>
                <pc:Word id="w_w1aab1b1b2c25b1ac17" language="German">
                    <pc:Coords points="503,1993 630,1993 630,2046 503,2046"/>
                    <pc:TextEquiv>
                        <pc:Unicode>Velck</pc:Unicode>
                    </pc:TextEquiv>
                </pc:Word>
                <pc:Word id="w_w1aab1b1b2c25b1ac29" language="German">
                    <pc:Coords points="650,1994 791,1994 791,2043 650,2043"/>
                    <pc:TextEquiv>
                        <pc:Unicode>bader.</pc:Unicode>
                    </pc:TextEquiv>
                </pc:Word>
                <pc:TextEquiv>
                    <pc:Unicode>12 Adam Velck bader.</pc:Unicode>
                </pc:TextEquiv>
            </pc:TextLine>
            <pc:TextEquiv>
                <pc:Unicode>12 Adam Velck bader.</pc:Unicode>
            </pc:TextEquiv>
        </pc:TextRegion>
        <pc:TextRegion id="TextRegion_1481647572312_50" type="signature-mark">
            <pc:Coords points="1036,2106 891,2106 891,2046 1036,2046"/>
            <pc:TextLine id="line_1481647572359_52" primaryLanguage="German">
                <pc:Coords points="1036,2105 892,2105 892,2047 1036,2047"/>
                <pc:Baseline points="892,2097 1036,2097"/>
                <pc:Word id="w_w1aab1b3b2b1b1ab1" language="German">
                    <pc:Coords points="892,2050 938,2050 938,2101 892,2101"/>
                    <pc:TextEquiv>
                        <pc:Unicode>A</pc:Unicode>
                    </pc:TextEquiv>
                </pc:Word>
                <pc:Word id="w_w1aab1b3b2b1b1b1b1" language="German">
                    <pc:Coords points="962,2052 1012,2052 1012,2105 962,2105"/>
                    <pc:TextEquiv>
                        <pc:Unicode>iij</pc:Unicode>
                    </pc:TextEquiv>
                </pc:Word>
                <pc:TextEquiv>
                    <pc:Unicode>A iij</pc:Unicode>
                </pc:TextEquiv>
            </pc:TextLine>
            <pc:TextEquiv>
                <pc:Unicode>A iij</pc:Unicode>
            </pc:TextEquiv>
        </pc:TextRegion>
        <pc:TextRegion id="TextRegion_1481647572311_49" type="catch-word">
            <pc:Coords points="1257,2106 1036,2106 1036,2046 1257,2046"/>
            <pc:TextLine id="line_1481647572359_51" primaryLanguage="German">
                <pc:Coords points="1256,2105 1036,2105 1036,2047 1256,2047"/>
                <pc:Baseline points="1036,2097 1256,2097"/>
                <pc:Word id="w_w1aab1b3b2b1b1b2b3" language="German">
                    <pc:Coords points="1129,2047 1256,2047 1256,2105 1129,2105"/>
                    <pc:TextEquiv>
                        <pc:Unicode>Peter</pc:Unicode>
                    </pc:TextEquiv>
                </pc:Word>
                <pc:TextEquiv>
                    <pc:Unicode>Peter</pc:Unicode>
                </pc:TextEquiv>
            </pc:TextLine>
            <pc:TextEquiv>
                <pc:Unicode>Peter</pc:Unicode>
            </pc:TextEquiv>
        </pc:TextRegion>
    </pc:Page>
</pc:PcGts>
