<?xml version="1.0" encoding="UTF-8"?>
<pc:PcGts xmlns:pc="http://schema.primaresearch.org/PAGE/gts/pagecontent/2019-07-15" xmlns:xsi="http://www.w3.org/2001/XMLSchema-instance" xsi:schemaLocation="http://schema.primaresearch.org/PAGE/gts/pagecontent/2019-07-15 http://schema.primaresearch.org/PAGE/gts/pagecontent/2019-07-15/pagecontent.xsd">
    <pc:Metadata>
        <pc:Creator>OCR-D</pc:Creator>
        <pc:Created>2016-09-22T08:17:49</pc:Created>
        <pc:LastChange>2019-11-26T09:55:18</pc:LastChange>
    </pc:Metadata>
    <pc:Page imageFilename="OCR-D-IMG/OCR-D-IMG_0007.tif" imageWidth="1623" imageHeight="2304" imageXResolution="300." imageYResolution="300." type="content">
        <pc:Border>
            <pc:Coords points="168,51 1265,51 1251,1865 165,1862"/>
        </pc:Border>
        <pc:ReadingOrder>
            <pc:OrderedGroup id="ro357564684568544579089" caption="Regions reading order">
                <pc:RegionRefIndexed index="0" regionRef="r_1_1"/>
                <pc:RegionRefIndexed index="1" regionRef="r_1_2"/>
                <pc:RegionRefIndexed index="2" regionRef="TextRegion_1483345301964_1"/>
                <pc:RegionRefIndexed index="3" regionRef="r_1_5"/>
                <pc:RegionRefIndexed index="4" regionRef="r_1_6"/>
                <pc:RegionRefIndexed index="5" regionRef="r_1_7"/>
                <pc:RegionRefIndexed index="6" regionRef="r_1_8"/>
            </pc:OrderedGroup>
        </pc:ReadingOrder>
        <pc:TextRegion id="r_1_1" type="paragraph">
            <pc:Coords points="227,203 1252,203 1252,326 227,326"/>
            <pc:TextLine id="tl_1" primaryLanguage="German">
                <pc:Coords points="229,204 1251,204 1251,272 229,272"/>
                <pc:Baseline points="229,257 1251,257"/>
                <pc:Word id="word_1483345335639_3">
                    <pc:Coords points="376,268 229,268 229,204 376,204"/>
                    <pc:TextEquiv>
                        <pc:Unicode>klicher</pc:Unicode>
                    </pc:TextEquiv>
                </pc:Word>
                <pc:Word id="word_1483345335638_2">
                    <pc:Coords points="555,268 376,268 376,204 555,204"/>
                    <pc:TextEquiv>
                        <pc:Unicode>ſollicher</pc:Unicode>
                    </pc:TextEquiv>
                </pc:Word>
                <pc:Word id="word_1483345350160_5">
                    <pc:Coords points="683,269 565,269 565,211 683,211"/>
                    <pc:TextEquiv>
                        <pc:Unicode>fünft</pc:Unicode>
                    </pc:TextEquiv>
                </pc:Word>
                <pc:Word id="word_1483345350159_4">
                    <pc:Coords points="775,269 683,269 683,211 775,211"/>
                    <pc:TextEquiv>
                        <pc:Unicode>vnd</pc:Unicode>
                    </pc:TextEquiv>
                </pc:Word>
                <pc:Word id="word_1483345360145_7">
                    <pc:Coords points="942,272 786,272 786,214 942,214"/>
                    <pc:TextEquiv>
                        <pc:Unicode>artzney</pc:Unicode>
                    </pc:TextEquiv>
                </pc:Word>
                <pc:Word id="word_1483345360144_6">
                    <pc:Coords points="1064,272 942,272 942,214 1064,214"/>
                    <pc:TextEquiv>
                        <pc:Unicode>deſter</pc:Unicode>
                    </pc:TextEquiv>
                </pc:Word>
                <pc:Word id="w_w1aab1b1b2b1b1b3c31">
                    <pc:Coords points="1077,213 1251,213 1251,261 1077,261"/>
                    <pc:TextEquiv>
                        <pc:Unicode>belderbe</pc:Unicode>
                    </pc:TextEquiv>
                </pc:Word>
                <pc:TextEquiv>
                    <pc:Unicode>klicher ſollicher fünft vnd artzney deſter belderbe</pc:Unicode>
                </pc:TextEquiv>
            </pc:TextLine>
            <pc:TextLine id="tl_2" primaryLanguage="German">
                <pc:Coords points="228,260 1225,260 1225,325 228,325"/>
                <pc:Baseline points="228,312 1225,312"/>
                <pc:Word id="word_1483345374153_9">
                    <pc:Coords points="327,315 228,315 228,260 327,260"/>
                    <pc:TextEquiv>
                        <pc:Unicode>richt</pc:Unicode>
                    </pc:TextEquiv>
                </pc:Word>
                <pc:Word id="word_1483345374151_8">
                    <pc:Coords points="439,315 327,315 327,260 439,260"/>
                    <pc:TextEquiv>
                        <pc:Unicode>werd</pc:Unicode>
                    </pc:TextEquiv>
                </pc:Word>
                <pc:Word id="w_w1aab1b1b2b1b3ac21">
                    <pc:Coords points="450,272 493,272 493,325 450,325"/>
                    <pc:TextEquiv>
                        <pc:Unicode>ſo</pc:Unicode>
                    </pc:TextEquiv>
                </pc:Word>
                <pc:Word id="w_w1aab1b1b2b1b3ac27">
                    <pc:Coords points="504,268 633,268 633,315 504,315"/>
                    <pc:TextEquiv>
                        <pc:Unicode>merck</pc:Unicode>
                    </pc:TextEquiv>
                </pc:Word>
                <pc:Word id="w_w1aab1b1b2b1b3ac39">
                    <pc:Coords points="637,272 795,272 795,318 637,318"/>
                    <pc:TextEquiv>
                        <pc:Unicode>ordnūg</pc:Unicode>
                    </pc:TextEquiv>
                </pc:Word>
                <pc:Word id="w_w1aab1b1b2b1b3ac53">
                    <pc:Coords points="805,267 832,267 832,313 805,313"/>
                    <pc:TextEquiv>
                        <pc:Unicode>&amp;</pc:Unicode>
                    </pc:TextEquiv>
                </pc:Word>
                <pc:Word id="w_w1aab1b1b2b1b3ac57">
                    <pc:Coords points="843,274 935,274 935,316 843,316"/>
                    <pc:TextEquiv>
                        <pc:Unicode>titel</pc:Unicode>
                    </pc:TextEquiv>
                </pc:Word>
                <pc:Word id="word_1483345383200_11">
                    <pc:Coords points="1009,319 944,319 944,272 1009,272"/>
                    <pc:TextEquiv>
                        <pc:Unicode>vñ</pc:Unicode>
                    </pc:TextEquiv>
                </pc:Word>
                <pc:Word id="word_1483345383199_10">
                    <pc:Coords points="1085,319 1009,319 1009,272 1085,272"/>
                    <pc:TextEquiv>
                        <pc:Unicode>des</pc:Unicode>
                    </pc:TextEquiv>
                </pc:Word>
                <pc:Word id="w_w1aab1b1b2b1b3ac81">
                    <pc:Coords points="1096,268 1225,268 1225,321 1096,321"/>
                    <pc:TextEquiv>
                        <pc:Unicode>A.B.c.</pc:Unicode>
                    </pc:TextEquiv>
                </pc:Word>
                <pc:TextEquiv>
                    <pc:Unicode>richt werd ſo merck ordnūg &amp; titel vñ des A.B.c.</pc:Unicode>
                </pc:TextEquiv>
            </pc:TextLine>
            <pc:TextEquiv>
                <pc:Unicode>klicher ſollicher fünft vnd artzney deſter belderbe
richt werd ſo merck ordnūg &amp; titel vñ des A.B.c.</pc:Unicode>
            </pc:TextEquiv>
        </pc:TextRegion>
        <pc:TextRegion id="r_1_2" type="heading">
            <pc:Coords points="577,320 889,320 889,373 577,373"/>
            <pc:TextLine id="tl_3" primaryLanguage="German">
                <pc:Coords points="578,321 888,321 888,372 578,372"/>
                <pc:Baseline points="578,366 888,366"/>
                <pc:Word id="w_w1aab1b1b2b3b1ab1">
                    <pc:Coords points="578,321 888,321 888,372 578,372"/>
                    <pc:TextEquiv>
                        <pc:Unicode>Abrotanum.</pc:Unicode>
                    </pc:TextEquiv>
                </pc:Word>
                <pc:TextEquiv>
                    <pc:Unicode>Abrotanum.</pc:Unicode>
                </pc:TextEquiv>
            </pc:TextLine>
            <pc:TextEquiv>
                <pc:Unicode>Abrotanum.</pc:Unicode>
            </pc:TextEquiv>
        </pc:TextRegion>
        <pc:TextRegion id="TextRegion_1483345301964_1" type="paragraph">
            <pc:Coords points="217,375 1252,375 1252,1095 1244,1313 218,1313 217,1095"/>
            <pc:TextLine id="tl_4" primaryLanguage="German">
                <pc:Coords points="465,376 1151,376 1151,437 465,437"/>
                <pc:Baseline points="465,428 1151,428"/>
                <pc:Word id="word_1483345395176_13">
                    <pc:Coords points="582,437 465,437 465,376 582,376"/>
                    <pc:TextEquiv>
                        <pc:Unicode>Alſo</pc:Unicode>
                    </pc:TextEquiv>
                </pc:Word>
                <pc:Word id="word_1483345398106_15">
                    <pc:Coords points="710,437 582,437 582,376 710,376"/>
                    <pc:TextEquiv>
                        <pc:Unicode>ſoltn</pc:Unicode>
                    </pc:TextEquiv>
                </pc:Word>
                <pc:Word id="word_1483345401505_17">
                    <pc:Coords points="789,437 710,437 710,376 789,376"/>
                    <pc:TextEquiv>
                        <pc:Unicode>den</pc:Unicode>
                    </pc:TextEquiv>
                </pc:Word>
                <pc:Word id="word_1483345404768_19">
                    <pc:Coords points="917,437 789,437 789,376 917,376"/>
                    <pc:TextEquiv>
                        <pc:Unicode>magȇ</pc:Unicode>
                    </pc:TextEquiv>
                </pc:Word>
                <pc:Word id="word_1483345404767_18">
                    <pc:Coords points="1151,437 917,437 917,376 1151,376"/>
                    <pc:TextEquiv>
                        <pc:Unicode>erwermen.</pc:Unicode>
                    </pc:TextEquiv>
                </pc:Word>
                <pc:TextEquiv>
                    <pc:Unicode>Alſo ſoltn den magȇ erwermen.</pc:Unicode>
                </pc:TextEquiv>
            </pc:TextLine>
            <pc:TextLine id="tl_5" primaryLanguage="German">
                <pc:Coords points="228,426 1251,426 1251,495 228,495"/>
                <pc:Baseline points="228,479 1251,479"/>
                <pc:Word id="word_1483345434576_21">
                    <pc:Coords points="456,486 228,486 228,426 456,426"/>
                    <pc:TextEquiv>
                        <pc:Unicode>Abrotanū</pc:Unicode>
                    </pc:TextEquiv>
                </pc:Word>
                <pc:Word id="word_1483345434575_20">
                    <pc:Coords points="507,486 456,486 456,426 507,426"/>
                    <pc:TextEquiv>
                        <pc:Unicode>dz</pc:Unicode>
                    </pc:TextEquiv>
                </pc:Word>
                <pc:Word id="w_w1aab1b1b2b5b3b1b1">
                    <pc:Coords points="517,439 561,439 561,494 517,494"/>
                    <pc:TextEquiv>
                        <pc:Unicode>iſt</pc:Unicode>
                    </pc:TextEquiv>
                </pc:Word>
                <pc:Word id="w_w1aab1b1b2b5b3b1b9">
                    <pc:Coords points="568,436 761,436 761,493 568,493"/>
                    <pc:TextEquiv>
                        <pc:Unicode>ſtabwurtz</pc:Unicode>
                    </pc:TextEquiv>
                </pc:Word>
                <pc:Word id="w_w1aab1b1b2b5b3b2b1">
                    <pc:Coords points="768,435 854,435 854,476 768,476"/>
                    <pc:TextEquiv>
                        <pc:Unicode>mit</pc:Unicode>
                    </pc:TextEquiv>
                </pc:Word>
                <pc:Word id="w_w1aab1b1b2b5b3b2b9">
                    <pc:Coords points="862,438 962,438 962,477 862,477"/>
                    <pc:TextEquiv>
                        <pc:Unicode>wein</pc:Unicode>
                    </pc:TextEquiv>
                </pc:Word>
                <pc:Word id="w_w1aab1b1b2b5b3b2c19">
                    <pc:Coords points="969,447 1032,447 1032,480 969,480"/>
                    <pc:TextEquiv>
                        <pc:Unicode>vñ</pc:Unicode>
                    </pc:TextEquiv>
                </pc:Word>
                <pc:Word id="w_w1aab1b1b2b5b3b4b1">
                    <pc:Coords points="1041,439 1168,439 1168,495 1041,495"/>
                    <pc:TextEquiv>
                        <pc:Unicode>zucker</pc:Unicode>
                    </pc:TextEquiv>
                </pc:Word>
                <pc:Word id="w_w1aab1b1b2b5b3b5b1">
                    <pc:Coords points="1182,446 1251,446 1251,495 1182,495"/>
                    <pc:TextEquiv>
                        <pc:Unicode>ge/</pc:Unicode>
                    </pc:TextEquiv>
                </pc:Word>
                <pc:TextEquiv>
                    <pc:Unicode>Abrotanū dz iſt ſtabwurtz mit wein vñ zucker ge/</pc:Unicode>
                </pc:TextEquiv>
            </pc:TextLine>
            <pc:TextLine id="tl_6" primaryLanguage="German">
                <pc:Coords points="227,486 1247,486 1247,543 227,543"/>
                <pc:Baseline points="227,533 1247,533"/>
                <pc:Word id="w_w1aab1b1b2b5b5ab1">
                    <pc:Coords points="227,491 387,491 387,543 227,543"/>
                    <pc:TextEquiv>
                        <pc:Unicode>ſottēvñ</pc:Unicode>
                    </pc:TextEquiv>
                </pc:Word>
                <pc:Word id="w_w1aab1b1b2b5b5b1b1">
                    <pc:Coords points="395,491 606,491 606,542 395,542"/>
                    <pc:TextEquiv>
                        <pc:Unicode>getrunckē</pc:Unicode>
                    </pc:TextEquiv>
                </pc:Word>
                <pc:Word id="w_w1aab1b1b2b5b5b2b1">
                    <pc:Coords points="616,486 757,486 757,540 616,540"/>
                    <pc:TextEquiv>
                        <pc:Unicode>macht</pc:Unicode>
                    </pc:TextEquiv>
                </pc:Word>
                <pc:Word id="w_w1aab1b1b2b5b5b2c13">
                    <pc:Coords points="765,498 828,498 828,532 765,532"/>
                    <pc:TextEquiv>
                        <pc:Unicode>ein</pc:Unicode>
                    </pc:TextEquiv>
                </pc:Word>
                <pc:Word id="w_w1aab1b1b2b5b5b2c19">
                    <pc:Coords points="837,499 991,499 991,534 837,534"/>
                    <pc:TextEquiv>
                        <pc:Unicode>warmē</pc:Unicode>
                    </pc:TextEquiv>
                </pc:Word>
                <pc:Word id="word_1483345453296_23">
                    <pc:Coords points="1129,542 1000,542 1000,493 1129,493"/>
                    <pc:TextEquiv>
                        <pc:Unicode>magē</pc:Unicode>
                    </pc:TextEquiv>
                </pc:Word>
                <pc:Word id="word_1483345453295_22">
                    <pc:Coords points="1199,542 1129,542 1129,493 1199,493"/>
                    <pc:TextEquiv>
                        <pc:Unicode>der</pc:Unicode>
                    </pc:TextEquiv>
                </pc:Word>
                <pc:Word id="w_w1aab1b1b2b5b5b2c47">
                    <pc:Coords points="1207,507 1247,507 1247,538 1207,538"/>
                    <pc:TextEquiv>
                        <pc:Unicode>er</pc:Unicode>
                    </pc:TextEquiv>
                </pc:Word>
                <pc:TextEquiv>
                    <pc:Unicode>ſottēvñ getrunckē macht ein warmē magē der er</pc:Unicode>
                </pc:TextEquiv>
            </pc:TextLine>
            <pc:TextLine id="tl_7" primaryLanguage="German">
                <pc:Coords points="227,543 1251,543 1251,604 227,604"/>
                <pc:Baseline points="227,589 1251,589"/>
                <pc:Word id="w_w1aab1b1b2b5b7ab1">
                    <pc:Coords points="227,543 320,543 320,587 227,587"/>
                    <pc:TextEquiv>
                        <pc:Unicode>kalt</pc:Unicode>
                    </pc:TextEquiv>
                </pc:Word>
                <pc:Word id="w_w1aab1b1b2b5b7b1b1">
                    <pc:Coords points="330,548 376,548 376,602 330,602"/>
                    <pc:TextEquiv>
                        <pc:Unicode>iſt</pc:Unicode>
                    </pc:TextEquiv>
                </pc:Word>
                <pc:Word id="w_w1aab1b1b2b5b7b1b7">
                    <pc:Coords points="382,559 470,559 470,590 382,590"/>
                    <pc:TextEquiv>
                        <pc:Unicode>von</pc:Unicode>
                    </pc:TextEquiv>
                </pc:Word>
                <pc:Word id="w_w1aab1b1b2b5b7b2b3">
                    <pc:Coords points="477,549 525,549 525,602 477,602"/>
                    <pc:TextEquiv>
                        <pc:Unicode>dē</pc:Unicode>
                    </pc:TextEquiv>
                </pc:Word>
                <pc:Word id="w_w1aab1b1b2b5b7b3b1">
                    <pc:Coords points="537,546 690,546 690,602 537,602"/>
                    <pc:TextEquiv>
                        <pc:Unicode>ſchleim</pc:Unicode>
                    </pc:TextEquiv>
                </pc:Word>
                <pc:Word id="w_w1aab1b1b2b5b7b4b1">
                    <pc:Coords points="699,554 711,554 711,589 699,589"/>
                    <pc:TextEquiv>
                        <pc:Unicode>:</pc:Unicode>
                    </pc:TextEquiv>
                </pc:Word>
                <pc:Word id="w_w1aab1b1b2b5b7b5b1">
                    <pc:Coords points="721,544 823,544 823,604 721,604"/>
                    <pc:TextEquiv>
                        <pc:Unicode>anch</pc:Unicode>
                    </pc:TextEquiv>
                </pc:Word>
                <pc:Word id="w_w1aab1b1b2b5b7b7b1">
                    <pc:Coords points="829,543 976,543 976,592 825,605"/>
                    <pc:TextEquiv>
                        <pc:Unicode>ſeübert</pc:Unicode>
                    </pc:TextEquiv>
                </pc:Word>
                <pc:Word id="word_1483345466240_25">
                    <pc:Coords points="1029,594 984,594 984,544 1029,544"/>
                    <pc:TextEquiv>
                        <pc:Unicode>es</pc:Unicode>
                    </pc:TextEquiv>
                </pc:Word>
                <pc:Word id="word_1483345466239_24">
                    <pc:Coords points="1111,594 1029,594 1029,544 1111,544"/>
                    <pc:TextEquiv>
                        <pc:Unicode>den</pc:Unicode>
                    </pc:TextEquiv>
                </pc:Word>
                <pc:Word id="w_w1aab1b1b2b5b7b7c29">
                    <pc:Coords points="1118,545 1251,545 1251,604 1118,604"/>
                    <pc:TextEquiv>
                        <pc:Unicode>frawē</pc:Unicode>
                    </pc:TextEquiv>
                </pc:Word>
                <pc:TextEquiv>
                    <pc:Unicode>kalt iſt von dē ſchleim : anch ſeübert es den frawē</pc:Unicode>
                </pc:TextEquiv>
            </pc:TextLine>
            <pc:TextLine id="tl_8" primaryLanguage="German">
                <pc:Coords points="224,599 1247,599 1247,658 224,658"/>
                <pc:Baseline points="224,644 1247,644"/>
                <pc:Word id="w_w1aab1b1b2b5b9ab1">
                    <pc:Coords points="224,600 307,600 307,655 224,655"/>
                    <pc:TextEquiv>
                        <pc:Unicode>jren</pc:Unicode>
                    </pc:TextEquiv>
                </pc:Word>
                <pc:Word id="w_w1aab1b1b2b5b9b1b1">
                    <pc:Coords points="315,600 434,601 439,653 315,657"/>
                    <pc:TextEquiv>
                        <pc:Unicode>fluſs.</pc:Unicode>
                    </pc:TextEquiv>
                </pc:Word>
                <pc:Word id="w_w1aab1b1b2b5b9b2b7">
                    <pc:Coords points="441,604 502,604 502,658 441,658"/>
                    <pc:TextEquiv>
                        <pc:Unicode>vñ</pc:Unicode>
                    </pc:TextEquiv>
                </pc:Word>
                <pc:Word id="w_w1aab1b1b2b5b9b3b1">
                    <pc:Coords points="511,600 719,600 719,658 511,658"/>
                    <pc:TextEquiv>
                        <pc:Unicode>ſtabwurtz</pc:Unicode>
                    </pc:TextEquiv>
                </pc:Word>
                <pc:Word id="w_w1aab1b1b2b5b9b3c21">
                    <pc:Coords points="726,613 802,613 802,647 726,647"/>
                    <pc:TextEquiv>
                        <pc:Unicode>mit</pc:Unicode>
                    </pc:TextEquiv>
                </pc:Word>
                <pc:Word id="word_1483345479435_27">
                    <pc:Coords points="915,654 810,654 810,599 915,599"/>
                    <pc:TextEquiv>
                        <pc:Unicode>wein</pc:Unicode>
                    </pc:TextEquiv>
                </pc:Word>
                <pc:Word id="word_1483345479433_26">
                    <pc:Coords points="1127,654 915,654 915,599 1127,599"/>
                    <pc:TextEquiv>
                        <pc:Unicode>getrunckē</pc:Unicode>
                    </pc:TextEquiv>
                </pc:Word>
                <pc:Word id="w_w1aab1b1b2b5b9b3c57">
                    <pc:Coords points="1143,601 1247,601 1247,653 1143,653"/>
                    <pc:TextEquiv>
                        <pc:Unicode>bꝛigt</pc:Unicode>
                    </pc:TextEquiv>
                </pc:Word>
                <pc:TextEquiv>
                    <pc:Unicode>jren fluſs. vñ ſtabwurtz mit wein getrunckē bꝛigt</pc:Unicode>
                </pc:TextEquiv>
            </pc:TextLine>
            <pc:TextLine id="tl_9" primaryLanguage="German">
                <pc:Coords points="223,654 1249,654 1249,708 223,708"/>
                <pc:Baseline points="223,695 1249,695"/>
                <pc:Word id="w_w1aab1b1b2b5c11ab1">
                    <pc:Coords points="223,657 321,657 321,708 223,708"/>
                    <pc:TextEquiv>
                        <pc:Unicode>jnen</pc:Unicode>
                    </pc:TextEquiv>
                </pc:Word>
                <pc:Word id="w_w1aab1b1b2b5c11ac11">
                    <pc:Coords points="330,669 365,669 365,705 330,705"/>
                    <pc:TextEquiv>
                        <pc:Unicode>jr</pc:Unicode>
                    </pc:TextEquiv>
                </pc:Word>
                <pc:Word id="word_1483345493288_29">
                    <pc:Coords points="469,702 372,702 372,655 469,655"/>
                    <pc:TextEquiv>
                        <pc:Unicode>zeyt.</pc:Unicode>
                    </pc:TextEquiv>
                </pc:Word>
                <pc:Word id="word_1483345493287_28">
                    <pc:Coords points="555,702 469,702 469,655 555,655"/>
                    <pc:TextEquiv>
                        <pc:Unicode>Der</pc:Unicode>
                    </pc:TextEquiv>
                </pc:Word>
                <pc:Word id="w_w1aab1b1b2b5c11ac35">
                    <pc:Coords points="563,654 690,654 690,700 563,700"/>
                    <pc:TextEquiv>
                        <pc:Unicode>rauch</pc:Unicode>
                    </pc:TextEquiv>
                </pc:Word>
                <pc:Word id="w_w1aab1b1b2b5c11ac47">
                    <pc:Coords points="695,666 782,666 782,693 695,693"/>
                    <pc:TextEquiv>
                        <pc:Unicode>von</pc:Unicode>
                    </pc:TextEquiv>
                </pc:Word>
                <pc:Word id="w_w1aab1b1b2b5c11ac55">
                    <pc:Coords points="789,654 985,654 985,707 789,707"/>
                    <pc:TextEquiv>
                        <pc:Unicode>ſtabwurtz</pc:Unicode>
                    </pc:TextEquiv>
                </pc:Word>
                <pc:Word id="w_w1aab1b1b2b5c11ac75">
                    <pc:Coords points="992,660 1177,660 1177,696 992,696"/>
                    <pc:TextEquiv>
                        <pc:Unicode>vertreibt</pc:Unicode>
                    </pc:TextEquiv>
                </pc:Word>
                <pc:Word id="w_w1aab1b1b2b5c11ac95">
                    <pc:Coords points="1183,658 1249,658 1249,700 1183,700"/>
                    <pc:TextEquiv>
                        <pc:Unicode>die</pc:Unicode>
                    </pc:TextEquiv>
                </pc:Word>
                <pc:TextEquiv>
                    <pc:Unicode>jnen jr zeyt. Der rauch von ſtabwurtz vertreibt die</pc:Unicode>
                </pc:TextEquiv>
            </pc:TextLine>
            <pc:TextLine id="tl_10" primaryLanguage="German">
                <pc:Coords points="225,702 1249,702 1249,766 225,766"/>
                <pc:Baseline points="225,751 1249,751"/>
                <pc:Word id="w_w1aab1b1b2b5c13ab1">
                    <pc:Coords points="225,702 413,702 413,764 225,764"/>
                    <pc:TextEquiv>
                        <pc:Unicode>ſchlangē</pc:Unicode>
                    </pc:TextEquiv>
                </pc:Word>
                <pc:Word id="w_w1aab1b1b2b5c13b1b1">
                    <pc:Coords points="426,704 558,704 558,764 426,764"/>
                    <pc:TextEquiv>
                        <pc:Unicode>ſpꝛicht</pc:Unicode>
                    </pc:TextEquiv>
                </pc:Word>
                <pc:Word id="w_w1aab1b1b2b5c13b2b1">
                    <pc:Coords points="568,704 834,707 843,762 568,764"/>
                    <pc:TextEquiv>
                        <pc:Unicode>Diaſcorides.</pc:Unicode>
                    </pc:TextEquiv>
                </pc:Word>
                <pc:Word id="w_w1aab1b1b2b5c13b3b1">
                    <pc:Coords points="835,705 969,706 969,766 847,769"/>
                    <pc:TextEquiv>
                        <pc:Unicode>Jtem</pc:Unicode>
                    </pc:TextEquiv>
                </pc:Word>
                <pc:Word id="w_w1aab1b1b2b5c13b3c27">
                    <pc:Coords points="979,710 1030,710 1030,754 979,754"/>
                    <pc:TextEquiv>
                        <pc:Unicode>ab</pc:Unicode>
                    </pc:TextEquiv>
                </pc:Word>
                <pc:Word id="w_w1aab1b1b2b5c13b3c33">
                    <pc:Coords points="1039,705 1249,705 1249,766 1039,766"/>
                    <pc:TextEquiv>
                        <pc:Unicode>ſtabwurtz</pc:Unicode>
                    </pc:TextEquiv>
                </pc:Word>
                <pc:TextEquiv>
                    <pc:Unicode>ſchlangē ſpꝛicht Diaſcorides. Jtem ab ſtabwurtz</pc:Unicode>
                </pc:TextEquiv>
            </pc:TextLine>
            <pc:TextLine id="tl_11" primaryLanguage="German">
                <pc:Coords points="218,759 1251,759 1251,822 218,822"/>
                <pc:Baseline points="218,807 1251,807"/>
                <pc:Word id="w_w1aab1b1b2b5c15ab1">
                    <pc:Coords points="218,762 453,762 453,812 218,812"/>
                    <pc:TextEquiv>
                        <pc:Unicode>getruncken</pc:Unicode>
                    </pc:TextEquiv>
                </pc:Word>
                <pc:Word id="word_1483345507848_31">
                    <pc:Coords points="506,820 459,820 459,759 506,759"/>
                    <pc:TextEquiv>
                        <pc:Unicode>iſt</pc:Unicode>
                    </pc:TextEquiv>
                </pc:Word>
                <pc:Word id="word_1483345507847_30">
                    <pc:Coords points="593,820 506,820 506,759 593,759"/>
                    <pc:TextEquiv>
                        <pc:Unicode>gůt</pc:Unicode>
                    </pc:TextEquiv>
                </pc:Word>
                <pc:Word id="w_w1aab1b1b2b5c15b3b1">
                    <pc:Coords points="601,763 699,763 699,810 601,810"/>
                    <pc:TextEquiv>
                        <pc:Unicode>dem</pc:Unicode>
                    </pc:TextEquiv>
                </pc:Word>
                <pc:Word id="word_1483345517689_33">
                    <pc:Coords points="775,822 705,822 705,763 775,763"/>
                    <pc:TextEquiv>
                        <pc:Unicode>gebiſſen</pc:Unicode>
                    </pc:TextEquiv>
                </pc:Word>
                <pc:Word id="word_1483345517688_32">
                    <pc:Coords points="945,822 775,822 775,763 945,763"/>
                    <pc:TextEquiv>
                        <pc:Unicode>gebiſſen</pc:Unicode>
                    </pc:TextEquiv>
                </pc:Word>
                <pc:Word id="w_w1aab1b1b2b5c15b3c33">
                    <pc:Coords points="960,767 1008,767 1008,822 960,822"/>
                    <pc:TextEquiv>
                        <pc:Unicode>iſt</pc:Unicode>
                    </pc:TextEquiv>
                </pc:Word>
                <pc:Word id="w_w1aab1b1b2b5c15b3c41">
                    <pc:Coords points="1016,777 1105,777 1105,809 1016,809"/>
                    <pc:TextEquiv>
                        <pc:Unicode>von</pc:Unicode>
                    </pc:TextEquiv>
                </pc:Word>
                <pc:Word id="w_w1aab1b1b2b5c15b3c49">
                    <pc:Coords points="1119,766 1251,766 1251,822 1119,822"/>
                    <pc:TextEquiv>
                        <pc:Unicode>veꝛgif</pc:Unicode>
                    </pc:TextEquiv>
                </pc:Word>
                <pc:TextEquiv>
                    <pc:Unicode>getruncken iſt gůt dem gebiſſen gebiſſen iſt von veꝛgif</pc:Unicode>
                </pc:TextEquiv>
            </pc:TextLine>
            <pc:TextLine id="tl_12" primaryLanguage="German">
                <pc:Coords points="227,816 1247,816 1247,877 227,877"/>
                <pc:Baseline points="227,864 1247,864"/>
                <pc:Word id="w_w1aab1b1b2b5c17ab1">
                    <pc:Coords points="227,827 297,827 297,862 227,862"/>
                    <pc:TextEquiv>
                        <pc:Unicode>ten</pc:Unicode>
                    </pc:TextEquiv>
                </pc:Word>
                <pc:Word id="w_w1aab1b1b2b5c17ab9">
                    <pc:Coords points="306,823 453,823 453,871 306,871"/>
                    <pc:TextEquiv>
                        <pc:Unicode>tyeren.</pc:Unicode>
                    </pc:TextEquiv>
                </pc:Word>
                <pc:Word id="w_w1aab1b1b2b5c17b1b1">
                    <pc:Coords points="464,823 576,823 576,868 464,868"/>
                    <pc:TextEquiv>
                        <pc:Unicode>Mim</pc:Unicode>
                    </pc:TextEquiv>
                </pc:Word>
                <pc:Word id="w_w1aab1b1b2b5c17b1b7">
                    <pc:Coords points="587,816 689,816 689,866 587,866"/>
                    <pc:TextEquiv>
                        <pc:Unicode>war:</pc:Unicode>
                    </pc:TextEquiv>
                </pc:Word>
                <pc:Word id="w_w1aab1b1b2b5c17b2b1">
                    <pc:Coords points="700,816 887,816 887,866 700,866"/>
                    <pc:TextEquiv>
                        <pc:Unicode>Auicēna</pc:Unicode>
                    </pc:TextEquiv>
                </pc:Word>
                <pc:Word id="w_w1aab1b1b2b5c17b2c17">
                    <pc:Coords points="897,819 1038,819 1038,877 897,877"/>
                    <pc:TextEquiv>
                        <pc:Unicode>ſpꝛicht</pc:Unicode>
                    </pc:TextEquiv>
                </pc:Word>
                <pc:Word id="w_w1aab1b1b2b5c17b2c33">
                    <pc:Coords points="1049,833 1117,833 1117,865 1049,865"/>
                    <pc:TextEquiv>
                        <pc:Unicode>wa</pc:Unicode>
                    </pc:TextEquiv>
                </pc:Word>
                <pc:Word id="w_w1aab1b1b2b5c17b2c39">
                    <pc:Coords points="1134,832 1247,832 1247,865 1134,865"/>
                    <pc:TextEquiv>
                        <pc:Unicode>man</pc:Unicode>
                    </pc:TextEquiv>
                </pc:Word>
                <pc:TextEquiv>
                    <pc:Unicode>ten tyeren. Mim war: Auicēna ſpꝛicht wa man</pc:Unicode>
                </pc:TextEquiv>
            </pc:TextLine>
            <pc:TextLine id="tl_13" primaryLanguage="German">
                <pc:Coords points="224,872 1246,872 1246,940 224,940"/>
                <pc:Baseline points="224,918 1246,918"/>
                <pc:Word id="w_w1aab1b1b2b5c19ab1">
                    <pc:Coords points="224,872 472,872 472,924 224,924"/>
                    <pc:TextEquiv>
                        <pc:Unicode>Stabwurtz</pc:Unicode>
                    </pc:TextEquiv>
                </pc:Word>
                <pc:Word id="word_1483345531184_35">
                    <pc:Coords points="570,940 481,940 481,874 570,874"/>
                    <pc:TextEquiv>
                        <pc:Unicode>byn</pc:Unicode>
                    </pc:TextEquiv>
                </pc:Word>
                <pc:Word id="word_1483345531183_34">
                    <pc:Coords points="833,940 570,940 570,874 833,874"/>
                    <pc:TextEquiv>
                        <pc:Unicode>ſtroͤuwet/ da</pc:Unicode>
                    </pc:TextEquiv>
                </pc:Word>
                <pc:Word id="w_w1aab1b1b2b5c19ac51">
                    <pc:Coords points="842,878 967,878 967,919 842,919"/>
                    <pc:TextEquiv>
                        <pc:Unicode>bleibt</pc:Unicode>
                    </pc:TextEquiv>
                </pc:Word>
                <pc:Word id="w_w1aab1b1b2b5c19ac65">
                    <pc:Coords points="976,874 1062,874 1062,920 976,920"/>
                    <pc:TextEquiv>
                        <pc:Unicode>kein</pc:Unicode>
                    </pc:TextEquiv>
                </pc:Word>
                <pc:Word id="w_w1aab1b1b2b5c19ac75">
                    <pc:Coords points="1070,877 1246,877 1246,932 1070,932"/>
                    <pc:TextEquiv>
                        <pc:Unicode>vergifts</pc:Unicode>
                    </pc:TextEquiv>
                </pc:Word>
                <pc:TextEquiv>
                    <pc:Unicode>Stabwurtz byn ſtroͤuwet/ da bleibt kein vergifts</pc:Unicode>
                </pc:TextEquiv>
            </pc:TextLine>
            <pc:TextLine id="tl_14" primaryLanguage="German">
                <pc:Coords points="224,926 1243,926 1243,985 224,985"/>
                <pc:Baseline points="224,970 1243,970"/>
                <pc:Word id="w_w1aab1b1b2b5c21ab1">
                    <pc:Coords points="224,935 444,935 444,978 224,978"/>
                    <pc:TextEquiv>
                        <pc:Unicode>tyer: dann</pc:Unicode>
                    </pc:TextEquiv>
                </pc:Word>
                <pc:Word id="word_1483345546632_37">
                    <pc:Coords points="626,975 454,975 454,926 626,926"/>
                    <pc:TextEquiv>
                        <pc:Unicode>welches</pc:Unicode>
                    </pc:TextEquiv>
                </pc:Word>
                <pc:Word id="word_1483345546632_36">
                    <pc:Coords points="686,975 626,975 626,926 686,926"/>
                    <pc:TextEquiv>
                        <pc:Unicode>da</pc:Unicode>
                    </pc:TextEquiv>
                </pc:Word>
                <pc:Word id="w_w1aab1b1b2b5c21b1b1">
                    <pc:Coords points="697,930 818,930 818,971 697,971"/>
                    <pc:TextEquiv>
                        <pc:Unicode>bleibt</pc:Unicode>
                    </pc:TextEquiv>
                </pc:Word>
                <pc:Word id="w_w1aab1b1b2b5c21b1c15">
                    <pc:Coords points="828,930 1005,930 1005,985 828,985"/>
                    <pc:TextEquiv>
                        <pc:Unicode>dzſtirbt.</pc:Unicode>
                    </pc:TextEquiv>
                </pc:Word>
                <pc:Word id="w_w1aab1b1b2b5c21b2b1">
                    <pc:Coords points="1050,931 1131,931 1131,985 1050,985"/>
                    <pc:TextEquiv>
                        <pc:Unicode>Jtē</pc:Unicode>
                    </pc:TextEquiv>
                </pc:Word>
                <pc:Word id="w_w1aab1b1b2b5c21b3b1">
                    <pc:Coords points="1138,933 1243,929 1243,971 1134,985"/>
                    <pc:TextEquiv>
                        <pc:Unicode>ſtab/</pc:Unicode>
                    </pc:TextEquiv>
                </pc:Word>
                <pc:TextEquiv>
                    <pc:Unicode>tyer: dann welches da bleibt dzſtirbt. Jtē ſtab/</pc:Unicode>
                </pc:TextEquiv>
            </pc:TextLine>
            <pc:TextLine id="tl_15" primaryLanguage="German">
                <pc:Coords points="223,980 1243,980 1243,1035 223,1035"/>
                <pc:Baseline points="223,1020 1243,1020"/>
                <pc:Word id="word_1483345558904_39">
                    <pc:Coords points="343,1035 223,1035 223,984 343,984"/>
                    <pc:TextEquiv>
                        <pc:Unicode>wurtz</pc:Unicode>
                    </pc:TextEquiv>
                </pc:Word>
                <pc:Word id="word_1483345558903_38">
                    <pc:Coords points="556,1035 343,1035 343,984 556,984"/>
                    <pc:TextEquiv>
                        <pc:Unicode>gepuluert</pc:Unicode>
                    </pc:TextEquiv>
                </pc:Word>
                <pc:Word id="w_w1aab1b1b2b5c23b1b1">
                    <pc:Coords points="565,990 626,990 626,1021 565,1021"/>
                    <pc:TextEquiv>
                        <pc:Unicode>vñ</pc:Unicode>
                    </pc:TextEquiv>
                </pc:Word>
                <pc:Word id="w_w1aab1b1b2b5c23b2b1">
                    <pc:Coords points="638,983 719,983 719,1021 638,1021"/>
                    <pc:TextEquiv>
                        <pc:Unicode>mit</pc:Unicode>
                    </pc:TextEquiv>
                </pc:Word>
                <pc:Word id="word_1483345571775_41">
                    <pc:Coords points="835,1028 729,1028 729,980 835,980"/>
                    <pc:TextEquiv>
                        <pc:Unicode>wein</pc:Unicode>
                    </pc:TextEquiv>
                </pc:Word>
                <pc:Word id="word_1483345571775_40">
                    <pc:Coords points="1080,1028 835,1028 835,980 1080,980"/>
                    <pc:TextEquiv>
                        <pc:Unicode>getruncken</pc:Unicode>
                    </pc:TextEquiv>
                </pc:Word>
                <pc:Word id="w_w1aab1b1b2b5c23b2c39">
                    <pc:Coords points="1095,982 1243,982 1243,1030 1095,1030"/>
                    <pc:TextEquiv>
                        <pc:Unicode>bꝛinget</pc:Unicode>
                    </pc:TextEquiv>
                </pc:Word>
                <pc:TextEquiv>
                    <pc:Unicode>wurtz gepuluert vñ mit wein getruncken bꝛinget</pc:Unicode>
                </pc:TextEquiv>
            </pc:TextLine>
            <pc:TextLine id="tl_16" primaryLanguage="German">
                <pc:Coords points="221,1033 1241,1033 1241,1094 221,1094"/>
                <pc:Baseline points="221,1078 1241,1078"/>
                <pc:Word id="word_1483345588720_43">
                    <pc:Coords points="299,1092 221,1092 221,1035 299,1035"/>
                    <pc:TextEquiv>
                        <pc:Unicode>den</pc:Unicode>
                    </pc:TextEquiv>
                </pc:Word>
                <pc:Word id="word_1483345588719_42">
                    <pc:Coords points="485,1092 299,1092 299,1035 485,1035"/>
                    <pc:TextEquiv>
                        <pc:Unicode>frauwen</pc:Unicode>
                    </pc:TextEquiv>
                </pc:Word>
                <pc:Word id="w_w1aab1b1b2b5c25ac23">
                    <pc:Coords points="494,1035 527,1035 527,1090 494,1090"/>
                    <pc:TextEquiv>
                        <pc:Unicode>jr</pc:Unicode>
                    </pc:TextEquiv>
                </pc:Word>
                <pc:Word id="w_w1aab1b1b2b5c25ac29">
                    <pc:Coords points="534,1037 609,1037 609,1086 534,1086"/>
                    <pc:TextEquiv>
                        <pc:Unicode>zeit</pc:Unicode>
                    </pc:TextEquiv>
                </pc:Word>
                <pc:Word id="word_1483345600680_45">
                    <pc:Coords points="821,1094 619,1094 619,1033 821,1033"/>
                    <pc:TextEquiv>
                        <pc:Unicode>menſtruū</pc:Unicode>
                    </pc:TextEquiv>
                </pc:Word>
                <pc:Word id="word_1483345600679_44">
                    <pc:Coords points="1003,1094 821,1094 821,1033 1003,1033"/>
                    <pc:TextEquiv>
                        <pc:Unicode>genant.</pc:Unicode>
                    </pc:TextEquiv>
                </pc:Word>
                <pc:Word id="word_1483345612296_47">
                    <pc:Coords points="1168,1093 1086,1093 1086,1035 1168,1035"/>
                    <pc:TextEquiv>
                        <pc:Unicode>Jtē</pc:Unicode>
                    </pc:TextEquiv>
                </pc:Word>
                <pc:Word id="word_1483345612295_46">
                    <pc:Coords points="1241,1093 1168,1093 1168,1035 1241,1035"/>
                    <pc:TextEquiv>
                        <pc:Unicode>der</pc:Unicode>
                    </pc:TextEquiv>
                </pc:Word>
                <pc:TextEquiv>
                    <pc:Unicode>den frauwen jr zeit menſtruū genant. Jtē der</pc:Unicode>
                </pc:TextEquiv>
            </pc:TextLine>
            <pc:TextLine id="tl_17" primaryLanguage="German">
                <pc:Coords points="220,1087 1242,1087 1242,1145 220,1145"/>
                <pc:Baseline points="220,1134 1242,1134"/>
                <pc:Word id="word_1483345623728_49">
                    <pc:Coords points="354,1143 220,1143 220,1087 354,1087"/>
                    <pc:TextEquiv>
                        <pc:Unicode>rauch</pc:Unicode>
                    </pc:TextEquiv>
                </pc:Word>
                <pc:Word id="word_1483345623728_48">
                    <pc:Coords points="441,1143 354,1143 354,1087 441,1087"/>
                    <pc:TextEquiv>
                        <pc:Unicode>von</pc:Unicode>
                    </pc:TextEquiv>
                </pc:Word>
                <pc:Word id="w_w1aab1b1b2b7b1ac19">
                    <pc:Coords points="449,1088 702,1088 702,1143 449,1143"/>
                    <pc:TextEquiv>
                        <pc:Unicode>Stabwurtz</pc:Unicode>
                    </pc:TextEquiv>
                </pc:Word>
                <pc:Word id="w_w1aab1b1b2b7b1b1b1">
                    <pc:Coords points="719,1094 908,1094 908,1135 719,1135"/>
                    <pc:TextEquiv>
                        <pc:Unicode>vertreibt</pc:Unicode>
                    </pc:TextEquiv>
                </pc:Word>
                <pc:Word id="w_w1aab1b1b2b7b1b1c21">
                    <pc:Coords points="920,1092 985,1092 985,1145 920,1145"/>
                    <pc:TextEquiv>
                        <pc:Unicode>die</pc:Unicode>
                    </pc:TextEquiv>
                </pc:Word>
                <pc:Word id="w_w1aab1b1b2b7b1b2b1">
                    <pc:Coords points="1001,1090 1183,1090 1183,1145 1001,1145"/>
                    <pc:TextEquiv>
                        <pc:Unicode>ſchlangē</pc:Unicode>
                    </pc:TextEquiv>
                </pc:Word>
                <pc:Word id="w_w1aab1b1b2b7b1b3b1">
                    <pc:Coords points="1194,1096 1242,1096 1242,1136 1194,1136"/>
                    <pc:TextEquiv>
                        <pc:Unicode>in</pc:Unicode>
                    </pc:TextEquiv>
                </pc:Word>
                <pc:TextEquiv>
                    <pc:Unicode>rauch von Stabwurtz vertreibt die ſchlangē in</pc:Unicode>
                </pc:TextEquiv>
            </pc:TextLine>
            <pc:TextLine id="tl_18" primaryLanguage="German">
                <pc:Coords points="219,1135 1243,1135 1243,1211 219,1211"/>
                <pc:Baseline points="219,1186 1243,1186"/>
                <pc:Word id="w_w1aab1b1b2b7b3ab1">
                    <pc:Coords points="219,1135 312,1135 312,1199 219,1199"/>
                    <pc:TextEquiv>
                        <pc:Unicode>dem</pc:Unicode>
                    </pc:TextEquiv>
                </pc:Word>
                <pc:Word id="w_w1aab1b1b2b7b3b1b1">
                    <pc:Coords points="321,1135 435,1135 435,1204 321,1204"/>
                    <pc:TextEquiv>
                        <pc:Unicode>hauß</pc:Unicode>
                    </pc:TextEquiv>
                </pc:Word>
                <pc:Word id="word_1483345636168_51">
                    <pc:Coords points="595,1202 444,1202 444,1146 595,1146"/>
                    <pc:TextEquiv>
                        <pc:Unicode>ſpꝛicht.</pc:Unicode>
                    </pc:TextEquiv>
                </pc:Word>
                <pc:Word id="word_1483345636167_50">
                    <pc:Coords points="877,1202 595,1202 595,1146 877,1146"/>
                    <pc:TextEquiv>
                        <pc:Unicode>Dyaſcoꝛides.</pc:Unicode>
                    </pc:TextEquiv>
                </pc:Word>
                <pc:Word id="w_w1aab1b1b2b7b3b2c45">
                    <pc:Coords points="947,1151 1025,1151 1025,1196 947,1196"/>
                    <pc:TextEquiv>
                        <pc:Unicode>Jtē</pc:Unicode>
                    </pc:TextEquiv>
                </pc:Word>
                <pc:Word id="w_w1aab1b1b2b7b3b2c53">
                    <pc:Coords points="1035,1147 1079,1147 1079,1186 1035,1186"/>
                    <pc:TextEquiv>
                        <pc:Unicode>oͤl</pc:Unicode>
                    </pc:TextEquiv>
                </pc:Word>
                <pc:Word id="w_w1aab1b1b2b7b3b2c59">
                    <pc:Coords points="1088,1147 1144,1147 1144,1185 1088,1185"/>
                    <pc:TextEquiv>
                        <pc:Unicode>võ</pc:Unicode>
                    </pc:TextEquiv>
                </pc:Word>
                <pc:Word id="w_w1aab1b1b2b7b3b2c65">
                    <pc:Coords points="1147,1147 1243,1147 1243,1211 1147,1211"/>
                    <pc:TextEquiv>
                        <pc:Unicode>ſtab</pc:Unicode>
                    </pc:TextEquiv>
                </pc:Word>
                <pc:TextEquiv>
                    <pc:Unicode>dem hauß ſpꝛicht. Dyaſcoꝛides. Jtē oͤl võ ſtab</pc:Unicode>
                </pc:TextEquiv>
            </pc:TextLine>
            <pc:TextLine id="tl_19" primaryLanguage="German">
                <pc:Coords points="222,1196 1238,1196 1238,1251 222,1251"/>
                <pc:Baseline points="222,1241 1238,1241"/>
                <pc:Word id="word_1483345652128_53">
                    <pc:Coords points="349,1251 222,1251 222,1200 349,1200"/>
                    <pc:TextEquiv>
                        <pc:Unicode>wurtz</pc:Unicode>
                    </pc:TextEquiv>
                </pc:Word>
                <pc:Word id="word_1483345652127_52">
                    <pc:Coords points="531,1251 349,1251 349,1200 531,1200"/>
                    <pc:TextEquiv>
                        <pc:Unicode>gemacht</pc:Unicode>
                    </pc:TextEquiv>
                </pc:Word>
                <pc:Word id="w_w1aab1b1b2b7b5ac27">
                    <pc:Coords points="541,1206 629,1206 629,1242 541,1242"/>
                    <pc:TextEquiv>
                        <pc:Unicode>vnd</pc:Unicode>
                    </pc:TextEquiv>
                </pc:Word>
                <pc:Word id="w_w1aab1b1b2b7b5ac37">
                    <pc:Coords points="642,1204 697,1204 697,1241 642,1241"/>
                    <pc:TextEquiv>
                        <pc:Unicode>da</pc:Unicode>
                    </pc:TextEquiv>
                </pc:Word>
                <pc:Word id="w_w1aab1b1b2b7b5ac43">
                    <pc:Coords points="706,1207 783,1207 783,1242 706,1242"/>
                    <pc:TextEquiv>
                        <pc:Unicode>mit</pc:Unicode>
                    </pc:TextEquiv>
                </pc:Word>
                <pc:Word id="word_1483345662344_55">
                    <pc:Coords points="923,1244 791,1244 791,1196 923,1196"/>
                    <pc:TextEquiv>
                        <pc:Unicode>vnder</pc:Unicode>
                    </pc:TextEquiv>
                </pc:Word>
                <pc:Word id="word_1483345662343_54">
                    <pc:Coords points="1022,1244 923,1244 923,1196 1022,1196"/>
                    <pc:TextEquiv>
                        <pc:Unicode>dem</pc:Unicode>
                    </pc:TextEquiv>
                </pc:Word>
                <pc:Word id="w_w1aab1b1b2b7b5ac69">
                    <pc:Coords points="1039,1199 1238,1199 1238,1249 1039,1249"/>
                    <pc:TextEquiv>
                        <pc:Unicode>nabel ge/</pc:Unicode>
                    </pc:TextEquiv>
                </pc:Word>
                <pc:TextEquiv>
                    <pc:Unicode>wurtz gemacht vnd da mit vnder dem nabel ge/</pc:Unicode>
                </pc:TextEquiv>
            </pc:TextLine>
            <pc:TextLine id="tl_20" primaryLanguage="German">
                <pc:Coords points="221,1250 737,1250 737,1312 221,1312"/>
                <pc:Baseline points="221,1295 737,1295"/>
                <pc:Word id="w_w1aab1b1b2b7b7ab1">
                    <pc:Coords points="221,1254 402,1254 402,1312 221,1312"/>
                    <pc:TextEquiv>
                        <pc:Unicode>ſchmirbt</pc:Unicode>
                    </pc:TextEquiv>
                </pc:Word>
                <pc:Word id="w_w1aab1b1b2b7b7b1b1">
                    <pc:Coords points="412,1250 550,1250 550,1306 412,1306"/>
                    <pc:TextEquiv>
                        <pc:Unicode>macht</pc:Unicode>
                    </pc:TextEquiv>
                </pc:Word>
                <pc:Word id="w_w1aab1b1b2b7b7b2b1">
                    <pc:Coords points="560,1250 737,1250 737,1306 560,1306"/>
                    <pc:TextEquiv>
                        <pc:Unicode>harnen.</pc:Unicode>
                    </pc:TextEquiv>
                </pc:Word>
                <pc:TextEquiv>
                    <pc:Unicode>ſchmirbt macht harnen.</pc:Unicode>
                </pc:TextEquiv>
            </pc:TextLine>
            <pc:TextEquiv>
                <pc:Unicode>Alſo ſoltn den magȇ erwermen.
Abrotanū dz iſt ſtabwurtz mit wein vñ zucker ge/
ſottēvñ getrunckē macht ein warmē magē der er
kalt iſt von dē ſchleim : anch ſeübert es den frawē
jren fluſs. vñ ſtabwurtz mit wein getrunckē bꝛigt
jnen jr zeyt. Der rauch von ſtabwurtz vertreibt die
ſchlangē ſpꝛicht Diaſcorides. Jtem ab ſtabwurtz
getruncken iſt gůt dem gebiſſen gebiſſen iſt von veꝛgif
ten tyeren. Mim war: Auicēna ſpꝛicht wa man
Stabwurtz byn ſtroͤuwet/ da bleibt kein vergifts
tyer: dann welches da bleibt dzſtirbt. Jtē ſtab/
wurtz gepuluert vñ mit wein getruncken bꝛinget
den frauwen jr zeit menſtruū genant. Jtē der
rauch von Stabwurtz vertreibt die ſchlangē in
dem hauß ſpꝛicht. Dyaſcoꝛides. Jtē oͤl võ ſtab
wurtz gemacht vnd da mit vnder dem nabel ge/
ſchmirbt macht harnen.</pc:Unicode>
            </pc:TextEquiv>
        </pc:TextRegion>
        <pc:TextRegion id="r_1_5" type="heading">
            <pc:Coords points="221,1308 974,1308 974,1377 221,1377"/>
            <pc:TextLine id="tl_21" primaryLanguage="German">
                <pc:Coords points="222,1309 973,1309 973,1376 222,1376"/>
                <pc:Baseline points="222,1356 973,1356"/>
                <pc:Word id="word_1483345676592_57">
                    <pc:Coords points="585,1370 467,1370 467,1309 585,1309"/>
                    <pc:TextEquiv>
                        <pc:Unicode>Dem</pc:Unicode>
                    </pc:TextEquiv>
                </pc:Word>
                <pc:Word id="word_1483345680096_59">
                    <pc:Coords points="681,1370 585,1370 585,1309 681,1309"/>
                    <pc:TextEquiv>
                        <pc:Unicode>das</pc:Unicode>
                    </pc:TextEquiv>
                </pc:Word>
                <pc:Word id="word_1483345686368_61">
                    <pc:Coords points="763,1370 681,1370 681,1309 763,1309"/>
                    <pc:TextEquiv>
                        <pc:Unicode>har</pc:Unicode>
                    </pc:TextEquiv>
                </pc:Word>
                <pc:Word id="word_1483345689744_63">
                    <pc:Coords points="863,1370 763,1370 763,1309 863,1309"/>
                    <pc:TextEquiv>
                        <pc:Unicode>auß</pc:Unicode>
                    </pc:TextEquiv>
                </pc:Word>
                <pc:Word id="word_1483345689743_62">
                    <pc:Coords points="973,1370 863,1370 863,1309 973,1309"/>
                    <pc:TextEquiv>
                        <pc:Unicode>fellt.</pc:Unicode>
                    </pc:TextEquiv>
                </pc:Word>
                <pc:TextEquiv>
                    <pc:Unicode>Dem das har auß fellt.</pc:Unicode>
                </pc:TextEquiv>
            </pc:TextLine>
            <pc:TextEquiv>
                <pc:Unicode>Dem das har auß fellt.</pc:Unicode>
            </pc:TextEquiv>
        </pc:TextRegion>
        <pc:TextRegion id="r_1_6" type="paragraph">
            <pc:Coords points="211,1365 1240,1365 1240,1643 211,1643"/>
            <pc:TextLine id="tl_22" primaryLanguage="German">
                <pc:Coords points="224,1366 1236,1366 1236,1423 224,1423"/>
                <pc:Baseline points="224,1410 1236,1410"/>
                <pc:Word id="w_w1aab1b1b2c11b1ab1">
                    <pc:Coords points="224,1375 345,1375 345,1418 224,1418"/>
                    <pc:TextEquiv>
                        <pc:Unicode>Jtem</pc:Unicode>
                    </pc:TextEquiv>
                </pc:Word>
                <pc:Word id="word_1483345723248_65">
                    <pc:Coords points="543,1423 355,1423 355,1366 543,1366"/>
                    <pc:TextEquiv>
                        <pc:Unicode>wermůt</pc:Unicode>
                    </pc:TextEquiv>
                </pc:Word>
                <pc:Word id="word_1483345723247_64">
                    <pc:Coords points="727,1423 543,1423 543,1366 727,1366"/>
                    <pc:TextEquiv>
                        <pc:Unicode>gesotten</pc:Unicode>
                    </pc:TextEquiv>
                </pc:Word>
                <pc:Word id="w_w1aab1b1b2c11b1b2c33">
                    <pc:Coords points="736,1378 779,1378 779,1411 736,1411"/>
                    <pc:TextEquiv>
                        <pc:Unicode>in</pc:Unicode>
                    </pc:TextEquiv>
                </pc:Word>
                <pc:Word id="w_w1aab1b1b2c11b1b2c39">
                    <pc:Coords points="795,1367 920,1367 920,1418 795,1418"/>
                    <pc:TextEquiv>
                        <pc:Unicode>lauge</pc:Unicode>
                    </pc:TextEquiv>
                </pc:Word>
                <pc:Word id="w_w1aab1b1b2c11b1b2c53">
                    <pc:Coords points="929,1371 1011,1371 1011,1413 929,1413"/>
                    <pc:TextEquiv>
                        <pc:Unicode>mit</pc:Unicode>
                    </pc:TextEquiv>
                </pc:Word>
                <pc:Word id="w_w1aab1b1b2c11b1b2c61">
                    <pc:Coords points="1025,1368 1236,1368 1236,1423 1025,1423"/>
                    <pc:TextEquiv>
                        <pc:Unicode>ſtabwurtz</pc:Unicode>
                    </pc:TextEquiv>
                </pc:Word>
                <pc:TextEquiv>
                    <pc:Unicode>Jtem wermůt gesotten in lauge mit ſtabwurtz</pc:Unicode>
                </pc:TextEquiv>
            </pc:TextLine>
            <pc:TextLine id="tl_23" primaryLanguage="German">
                <pc:Coords points="218,1417 1237,1417 1237,1481 218,1481"/>
                <pc:Baseline points="218,1465 1237,1465"/>
                <pc:Word id="w_w1aab1b1b2c11b3ab1">
                    <pc:Coords points="218,1421 276,1421 276,1461 218,1461"/>
                    <pc:TextEquiv>
                        <pc:Unicode>da</pc:Unicode>
                    </pc:TextEquiv>
                </pc:Word>
                <pc:Word id="w_w1aab1b1b2c11b3ab7">
                    <pc:Coords points="286,1435 369,1435 369,1467 286,1467"/>
                    <pc:TextEquiv>
                        <pc:Unicode>mit</pc:Unicode>
                    </pc:TextEquiv>
                </pc:Word>
                <pc:Word id="w_w1aab1b1b2c11b3ac15">
                    <pc:Coords points="376,1424 455,1424 455,1468 376,1468"/>
                    <pc:TextEquiv>
                        <pc:Unicode>das</pc:Unicode>
                    </pc:TextEquiv>
                </pc:Word>
                <pc:Word id="word_1483345735793_67">
                    <pc:Coords points="594,1479 466,1479 466,1420 594,1420"/>
                    <pc:TextEquiv>
                        <pc:Unicode>haubt</pc:Unicode>
                    </pc:TextEquiv>
                </pc:Word>
                <pc:Word id="word_1483345735792_66">
                    <pc:Coords points="818,1479 594,1479 594,1420 818,1420"/>
                    <pc:TextEquiv>
                        <pc:Unicode>geweſchen</pc:Unicode>
                    </pc:TextEquiv>
                </pc:Word>
                <pc:Word id="word_1483345745928_69">
                    <pc:Coords points="875,1481 824,1481 824,1424 875,1424"/>
                    <pc:TextEquiv>
                        <pc:Unicode>iſt</pc:Unicode>
                    </pc:TextEquiv>
                </pc:Word>
                <pc:Word id="word_1483345745927_68">
                    <pc:Coords points="954,1481 875,1481 875,1424 954,1424"/>
                    <pc:TextEquiv>
                        <pc:Unicode>gůt</pc:Unicode>
                    </pc:TextEquiv>
                </pc:Word>
                <pc:Word id="w_w1aab1b1b2c11b3ac67">
                    <pc:Coords points="963,1426 1082,1426 1082,1465 963,1465"/>
                    <pc:TextEquiv>
                        <pc:Unicode>wider</pc:Unicode>
                    </pc:TextEquiv>
                </pc:Word>
                <pc:Word id="w_w1aab1b1b2c11b3ac79">
                    <pc:Coords points="1100,1424 1146,1424 1146,1467 1100,1467"/>
                    <pc:TextEquiv>
                        <pc:Unicode>dz</pc:Unicode>
                    </pc:TextEquiv>
                </pc:Word>
                <pc:Word id="w_w1aab1b1b2c11b3ac85">
                    <pc:Coords points="1155,1417 1237,1417 1237,1468 1155,1468"/>
                    <pc:TextEquiv>
                        <pc:Unicode>har</pc:Unicode>
                    </pc:TextEquiv>
                </pc:Word>
                <pc:TextEquiv>
                    <pc:Unicode>da mit das haubt geweſchen iſt gůt wider dz har</pc:Unicode>
                </pc:TextEquiv>
            </pc:TextLine>
            <pc:TextLine id="tl_24" primaryLanguage="German">
                <pc:Coords points="219,1471 1236,1471 1236,1533 219,1533"/>
                <pc:Baseline points="219,1519 1236,1519"/>
                <pc:Word id="word_1483345757848_71">
                    <pc:Coords points="436,1532 219,1532 219,1479 436,1479"/>
                    <pc:TextEquiv>
                        <pc:Unicode>außfallen</pc:Unicode>
                    </pc:TextEquiv>
                </pc:Word>
                <pc:Word id="word_1483345757847_70">
                    <pc:Coords points="567,1532 436,1532 436,1479 567,1479"/>
                    <pc:TextEquiv>
                        <pc:Unicode>genãt</pc:Unicode>
                    </pc:TextEquiv>
                </pc:Word>
                <pc:Word id="w_w1aab1b1b2c11b5ac31">
                    <pc:Coords points="577,1474 792,1474 792,1533 577,1533"/>
                    <pc:TextEquiv>
                        <pc:Unicode>Allopitia.</pc:Unicode>
                    </pc:TextEquiv>
                </pc:Word>
                <pc:Word id="w_w1aab1b1b2c11b5ac51">
                    <pc:Coords points="861,1480 936,1480 936,1533 861,1533"/>
                    <pc:TextEquiv>
                        <pc:Unicode>Jtē</pc:Unicode>
                    </pc:TextEquiv>
                </pc:Word>
                <pc:Word id="w_w1aab1b1b2c11b5b1b1">
                    <pc:Coords points="947,1473 1092,1473 1092,1528 947,1528"/>
                    <pc:TextEquiv>
                        <pc:Unicode>geiffen</pc:Unicode>
                    </pc:TextEquiv>
                </pc:Word>
                <pc:Word id="w_w1aab1b1b2c11b5b3b1">
                    <pc:Coords points="1109,1471 1236,1471 1236,1520 1109,1520"/>
                    <pc:TextEquiv>
                        <pc:Unicode>klawē</pc:Unicode>
                    </pc:TextEquiv>
                </pc:Word>
                <pc:TextEquiv>
                    <pc:Unicode>außfallen genãt Allopitia. Jtē geiffen klawē</pc:Unicode>
                </pc:TextEquiv>
            </pc:TextLine>
            <pc:TextLine id="tl_25" primaryLanguage="German">
                <pc:Coords points="212,1524 1239,1524 1239,1587 212,1587"/>
                <pc:Baseline points="212,1571 1239,1571"/>
                <pc:Word id="w_w1aab1b1b2c11b7ab1">
                    <pc:Coords points="212,1531 386,1531 386,1581 212,1581"/>
                    <pc:TextEquiv>
                        <pc:Unicode>gebꝛant</pc:Unicode>
                    </pc:TextEquiv>
                </pc:Word>
                <pc:Word id="word_1483345769703_73">
                    <pc:Coords points="451,1582 394,1582 394,1534 451,1534"/>
                    <pc:TextEquiv>
                        <pc:Unicode>zů</pc:Unicode>
                    </pc:TextEquiv>
                </pc:Word>
                <pc:Word id="word_1483345769703_72">
                    <pc:Coords points="594,1582 451,1582 451,1534 594,1534"/>
                    <pc:TextEquiv>
                        <pc:Unicode>puluer</pc:Unicode>
                    </pc:TextEquiv>
                </pc:Word>
                <pc:Word id="word_1483345779887_75">
                    <pc:Coords points="656,1587 604,1587 604,1532 656,1532"/>
                    <pc:TextEquiv>
                        <pc:Unicode>dz</pc:Unicode>
                    </pc:TextEquiv>
                </pc:Word>
                <pc:Word id="word_1483345779887_74">
                    <pc:Coords points="844,1587 656,1587 656,1532 844,1532"/>
                    <pc:TextEquiv>
                        <pc:Unicode>gemiſcht</pc:Unicode>
                    </pc:TextEquiv>
                </pc:Word>
                <pc:Word id="w_w1aab1b1b2c11b7ac57">
                    <pc:Coords points="853,1535 900,1535 900,1583 853,1583"/>
                    <pc:TextEquiv>
                        <pc:Unicode>iſt</pc:Unicode>
                    </pc:TextEquiv>
                </pc:Word>
                <pc:Word id="w_w1aab1b1b2c11b7b1b1">
                    <pc:Coords points="911,1538 996,1538 996,1570 911,1570"/>
                    <pc:TextEquiv>
                        <pc:Unicode>mit</pc:Unicode>
                    </pc:TextEquiv>
                </pc:Word>
                <pc:Word id="w_w1aab1b1b2c11b7b2b3">
                    <pc:Coords points="1005,1524 1140,1524 1140,1580 1005,1580"/>
                    <pc:TextEquiv>
                        <pc:Unicode>weichē</pc:Unicode>
                    </pc:TextEquiv>
                </pc:Word>
                <pc:Word id="w_w1aab1b1b2c11b7b2c17">
                    <pc:Coords points="1149,1528 1239,1528 1239,1585 1149,1585"/>
                    <pc:TextEquiv>
                        <pc:Unicode>bech</pc:Unicode>
                    </pc:TextEquiv>
                </pc:Word>
                <pc:TextEquiv>
                    <pc:Unicode>gebꝛant zů puluer dz gemiſcht iſt mit weichē bech</pc:Unicode>
                </pc:TextEquiv>
            </pc:TextLine>
            <pc:TextLine id="tl_26" primaryLanguage="German">
                <pc:Coords points="218,1578 1082,1578 1082,1642 218,1642"/>
                <pc:Baseline points="218,1625 1082,1625"/>
                <pc:Word id="w_w1aab1b1b2c11b9ab1">
                    <pc:Coords points="218,1588 265,1588 265,1642 218,1642"/>
                    <pc:TextEquiv>
                        <pc:Unicode>iſt</pc:Unicode>
                    </pc:TextEquiv>
                </pc:Word>
                <pc:Word id="w_w1aab1b1b2c11b9ab7">
                    <pc:Coords points="269,1595 348,1595 348,1638 269,1638"/>
                    <pc:TextEquiv>
                        <pc:Unicode>gůt</pc:Unicode>
                    </pc:TextEquiv>
                </pc:Word>
                <pc:Word id="w_w1aab1b1b2c11b9b2b1">
                    <pc:Coords points="357,1595 455,1595 455,1630 357,1630"/>
                    <pc:TextEquiv>
                        <pc:Unicode>wañ</pc:Unicode>
                    </pc:TextEquiv>
                </pc:Word>
                <pc:Word id="w_w1aab1b1b2c11b9b2b9">
                    <pc:Coords points="465,1594 572,1594 572,1626 465,1626"/>
                    <pc:TextEquiv>
                        <pc:Unicode>man</pc:Unicode>
                    </pc:TextEquiv>
                </pc:Word>
                <pc:Word id="w_w1aab1b1b2c11b9b2c17">
                    <pc:Coords points="581,1590 626,1590 626,1633 581,1633"/>
                    <pc:TextEquiv>
                        <pc:Unicode>dz</pc:Unicode>
                    </pc:TextEquiv>
                </pc:Word>
                <pc:Word id="word_1483345792600_77">
                    <pc:Coords points="760,1632 634,1632 634,1585 760,1585"/>
                    <pc:TextEquiv>
                        <pc:Unicode>haubt</pc:Unicode>
                    </pc:TextEquiv>
                </pc:Word>
                <pc:Word id="word_1483345792599_76">
                    <pc:Coords points="823,1632 760,1632 760,1585 823,1585"/>
                    <pc:TextEquiv>
                        <pc:Unicode>da</pc:Unicode>
                    </pc:TextEquiv>
                </pc:Word>
                <pc:Word id="w_w1aab1b1b2c11b9b2c41">
                    <pc:Coords points="832,1585 914,1585 914,1623 832,1623"/>
                    <pc:TextEquiv>
                        <pc:Unicode>mit</pc:Unicode>
                    </pc:TextEquiv>
                </pc:Word>
                <pc:Word id="w_w1aab1b1b2c11b9b2c49">
                    <pc:Coords points="926,1578 1082,1578 1082,1639 926,1639"/>
                    <pc:TextEquiv>
                        <pc:Unicode>ſalbet.</pc:Unicode>
                    </pc:TextEquiv>
                </pc:Word>
                <pc:TextEquiv>
                    <pc:Unicode>iſt gůt wañ man dz haubt da mit ſalbet.</pc:Unicode>
                </pc:TextEquiv>
            </pc:TextLine>
            <pc:TextEquiv>
                <pc:Unicode>Jtem wermůt gesotten in lauge mit ſtabwurtz
da mit das haubt geweſchen iſt gůt wider dz har
außfallen genãt Allopitia. Jtē geiffen klawē
gebꝛant zů puluer dz gemiſcht iſt mit weichē bech
iſt gůt wañ man dz haubt da mit ſalbet.</pc:Unicode>
            </pc:TextEquiv>
        </pc:TextRegion>
        <pc:TextRegion id="r_1_7" type="heading">
            <pc:Coords points="416,1632 1235,1632 1235,1695 416,1695"/>
            <pc:TextLine id="tl_27" primaryLanguage="German">
                <pc:Coords points="417,1633 1234,1633 1234,1694 417,1694"/>
                <pc:Baseline points="417,1681 1234,1681"/>
                <pc:Word id="word_1483345801344_79">
                    <pc:Coords points="509,1691 417,1691 417,1633 509,1633"/>
                    <pc:TextEquiv>
                        <pc:Unicode>Für</pc:Unicode>
                    </pc:TextEquiv>
                </pc:Word>
                <pc:Word id="word_1483345804368_81">
                    <pc:Coords points="574,1691 509,1691 509,1633 574,1633"/>
                    <pc:TextEquiv>
                        <pc:Unicode>die</pc:Unicode>
                    </pc:TextEquiv>
                </pc:Word>
                <pc:Word id="word_1483345808040_83">
                    <pc:Coords points="669,1691 574,1691 574,1633 669,1633"/>
                    <pc:TextEquiv>
                        <pc:Unicode>geel</pc:Unicode>
                    </pc:TextEquiv>
                </pc:Word>
                <pc:Word id="word_1483345808039_82">
                    <pc:Coords points="798,1691 669,1691 669,1633 798,1633"/>
                    <pc:TextEquiv>
                        <pc:Unicode>ſucht.</pc:Unicode>
                    </pc:TextEquiv>
                </pc:Word>
                <pc:Word id="w_w1aab1b1b2c13b1ac33">
                    <pc:Coords points="987,1635 1234,1635 1234,1694 987,1694"/>
                    <pc:TextEquiv>
                        <pc:Unicode>Abſintheũ.</pc:Unicode>
                    </pc:TextEquiv>
                </pc:Word>
                <pc:TextEquiv>
                    <pc:Unicode>Für die geel ſucht. Abſintheũ.</pc:Unicode>
                </pc:TextEquiv>
            </pc:TextLine>
            <pc:TextEquiv>
                <pc:Unicode>Für die geel ſucht. Abſintheũ.</pc:Unicode>
            </pc:TextEquiv>
        </pc:TextRegion>
        <pc:TextRegion id="r_1_8" type="paragraph">
            <pc:Coords points="218,1687 1234,1687 1234,1749 218,1749"/>
            <pc:TextLine id="tl_28" primaryLanguage="German">
                <pc:Coords points="219,1688 1233,1688 1233,1747 219,1747"/>
                <pc:Baseline points="219,1739 1233,1739"/>
                <pc:Word id="w_w1aab1b1b2c15b1ab1">
                    <pc:Coords points="219,1694 335,1694 335,1750 219,1750"/>
                    <pc:TextEquiv>
                        <pc:Unicode>Jtem</pc:Unicode>
                    </pc:TextEquiv>
                </pc:Word>
                <pc:Word id="w_w1aab1b1b2c15b1ac11">
                    <pc:Coords points="345,1709 422,1709 422,1743 345,1743"/>
                    <pc:TextEquiv>
                        <pc:Unicode>wer</pc:Unicode>
                    </pc:TextEquiv>
                </pc:Word>
                <pc:Word id="w_w1aab1b1b2c15b1ac19">
                    <pc:Coords points="433,1691 608,1691 608,1743 433,1743"/>
                    <pc:TextEquiv>
                        <pc:Unicode>wermůt</pc:Unicode>
                    </pc:TextEquiv>
                </pc:Word>
                <pc:Word id="w_w1aab1b1b2c15b1ac33">
                    <pc:Coords points="617,1692 692,1692 692,1753 617,1753"/>
                    <pc:TextEquiv>
                        <pc:Unicode>faſt</pc:Unicode>
                    </pc:TextEquiv>
                </pc:Word>
                <pc:Word id="w_w1aab1b1b2c15b1b1b1">
                    <pc:Coords points="700,1688 842,1688 842,1753 700,1753"/>
                    <pc:TextEquiv>
                        <pc:Unicode>trinckt</pc:Unicode>
                    </pc:TextEquiv>
                </pc:Word>
                <pc:Word id="w_w1aab1b1b2c15b1b2b1">
                    <pc:Coords points="851,1705 891,1705 891,1753 851,1753"/>
                    <pc:TextEquiv>
                        <pc:Unicode>v.</pc:Unicode>
                    </pc:TextEquiv>
                </pc:Word>
                <pc:Word id="word_1483345839680_85">
                    <pc:Coords points="979,1749 903,1749 903,1695 979,1695"/>
                    <pc:TextEquiv>
                        <pc:Unicode>tag</pc:Unicode>
                    </pc:TextEquiv>
                </pc:Word>
                <pc:Word id="word_1483345839679_84">
                    <pc:Coords points="1083,1749 979,1749 979,1695 1083,1695"/>
                    <pc:TextEquiv>
                        <pc:Unicode>noch</pc:Unicode>
                    </pc:TextEquiv>
                </pc:Word>
                <pc:Word id="w_w1aab1b1b2c15b1b2c23">
                    <pc:Coords points="1097,1707 1233,1707 1233,1741 1097,1741"/>
                    <pc:TextEquiv>
                        <pc:Unicode>eman-</pc:Unicode>
                    </pc:TextEquiv>
                </pc:Word>
                <pc:TextEquiv>
                    <pc:Unicode>Jtem wer wermůt faſt trinckt v. tag noch eman-</pc:Unicode>
                </pc:TextEquiv>
            </pc:TextLine>
            <pc:TextEquiv>
                <pc:Unicode>Jtem wer wermůt faſt trinckt v. tag noch eman-</pc:Unicode>
            </pc:TextEquiv>
        </pc:TextRegion>
        <pc:TextRegion id="r8" type="signature-mark">
            <pc:Coords points="1143,1807 1143,1749 1234,1749 1234,1807"/>
            <pc:TextLine id="l9">
                <pc:Coords points="1161,1751 1211,1751 1211,1774 1221,1774 1221,1775 1222,1775 1222,1777 1223,1777 1223,1778 1224,1778 1224,1780 1225,1780 1225,1783 1226,1783 1225,1783 1225,1785 1224,1785 1224,1787 1223,1787 1223,1788 1222,1788 1222,1789 1209,1789 1209,1790 1206,1790 1206,1799 1205,1799 1205,1800 1203,1800 1203,1805 1202,1805 1202,1806 1202,1805 1197,1805 1197,1802 1196,1802 1196,1793 1153,1793 1153,1792 1152,1792 1152,1791 1150,1791 1150,1781 1149,1781 1149,1777 1150,1777 1150,1774 1151,1774 1151,1773 1152,1773 1152,1772 1153,1772 1153,1771 1154,1771 1154,1770 1155,1770 1155,1769 1156,1769 1156,1768 1157,1768 1157,1767 1158,1767 1158,1765 1160,1765 1160,1751 1161,1751 1161,1750"/>
                <pc:Word id="w10">
                    <pc:Coords points="1161,1750 1161,1751 1211,1751 1211,1774 1221,1774 1221,1775 1222,1775 1222,1777 1223,1777 1223,1778 1224,1778 1224,1780 1225,1780 1225,1783 1226,1783 1225,1783 1225,1785 1224,1785 1224,1787 1223,1787 1223,1788 1222,1788 1222,1789 1209,1789 1209,1790 1206,1790 1206,1799 1205,1799 1205,1800 1203,1800 1203,1805 1202,1805 1202,1806 1202,1805 1197,1805 1197,1802 1196,1802 1196,1793 1153,1793 1153,1792 1152,1792 1152,1791 1150,1791 1150,1781 1149,1781 1149,1777 1150,1777 1150,1774 1151,1774 1151,1773 1152,1773 1152,1772 1153,1772 1153,1771 1154,1771 1154,1770 1155,1770 1155,1769 1156,1769 1156,1768 1157,1768 1157,1767 1158,1767 1158,1765 1160,1765 1160,1751 1161,1751"/>
                    <pc:TextEquiv>
                        <pc:Unicode>aij.</pc:Unicode>
                    </pc:TextEquiv>
                </pc:Word>
                <pc:TextEquiv>
                    <pc:Unicode>aij.</pc:Unicode>
                </pc:TextEquiv>
            </pc:TextLine>
            <pc:TextEquiv>
                <pc:Unicode>aij.</pc:Unicode>
            </pc:TextEquiv>
        </pc:TextRegion>
        <pc:GraphicRegion id="r0" type="handwritten-annotation">
            <pc:Coords points="1260,193 1260,41 986,41 986,193"/>
        </pc:GraphicRegion>
    </pc:Page>
</pc:PcGts>
