<mets:mets xmlns:xlink="http://www.w3.org/1999/xlink" xmlns:DC="http://purl.org/dc/elements/1.1/" xmlns:mods="http://www.loc.gov/mods/v3" xmlns:mets="http://www.loc.gov/METS/" xmlns:DV="http://dfg-viewer.de/" xmlns:xsi="http://www.w3.org/2001/XMLSchema-instance" xmlns:xd="http://www.oxygenxml.com/ns/doc/xsl" xmlns:gt="http://www.ocr-d.de/GT/" xmlns:pre="http://www.loc.gov/premis/v3" xsi:schemaLocation="http://www.loc.gov/mods/v3 https://www.loc.gov/standards/mods/mods-3-7.xsd http://www.loc.gov/mets/ http://www.loc.gov/standards/mets/version111/mets.xsd http://www.loc.gov/standards/premis/premis.xsd">
   <mets:metsHdr CREATEDATE="2019-02-22T17:19:55.525+01:00">
      <mets:agent OTHERTYPE="SOFTWARE" ROLE="CREATOR" TYPE="OTHER">
         <mets:name>DFG-Koordinierungsprojekt zur Weiterentwicklung von Verfahren der Optical
          Character Recognition (OCR-D)</mets:name>
         <mets:note>OCR-D</mets:note>
      </mets:agent>
   </mets:metsHdr>
   <mets:dmdSec ID="dmdSec_0001">
      <mets:mdWrap MDTYPE="MODS">
         <mets:xmlData>
            <mods:mods>
               <mods:location>
                  <mods:physicalLocation>Sammlung Wolfgang Klein</mods:physicalLocation>
                  <mods:shelfLocator>Slg. Klein</mods:shelfLocator>
                  <mods:url/>
               </mods:location>
               <mods:originInfo>
                  <mods:place>
                     <mods:placeTerm type="text">Berlin</mods:placeTerm>
                  </mods:place>
                  <mods:dateIssued encoding="w3cdtf" keyDate="yes">1780</mods:dateIssued>
                  <mods:publisher>
                     Voß
                  </mods:publisher>
               </mods:originInfo>
               <mods:originInfo>
                  <mods:dateCaptured encoding="w3cdtf">2018-05-15T18:08:08Z</mods:dateCaptured>
                  <mods:edition>[Electronic ed.]</mods:edition>
               </mods:originInfo>
               <mods:classification authority="DTA">Fachtext</mods:classification>
               <mods:classification authority="DTA">Philosophie</mods:classification>
               <mods:identifier type="urn">urn:nbn:de:kobv:b4-200905193599</mods:identifier>
               <mods:identifier type="purl">http://www.deutschestextarchiv.de/lessing_menschengeschlecht_1780</mods:identifier>
               <mods:identifier type="dtaid">16509</mods:identifier>
               <mods:titleInfo>
                  <mods:title>Die Erziehung des Menschengeschlechts</mods:title>
                  <mods:subTitle/>
               </mods:titleInfo>
               <mods:language>
                  <mods:languageTerm authority="iso639-2b" type="code">deu</mods:languageTerm>
               </mods:language>
               <mods:relatedItem type="series">
                  <mods:titleInfo>
                     <mods:title/>
                  </mods:titleInfo>
               </mods:relatedItem>
               <mods:name type="personal">
                  <mods:role>
                     <mods:roleTerm authority="marcrelator" type="code">aut</mods:roleTerm>
                  </mods:role>
                  <mods:namePart type="family">Lessing</mods:namePart>
                  <mods:namePart type="given">Gotthold Ephraim</mods:namePart>
                  <mods:displayForm>Gotthold Ephraim Lessing</mods:displayForm>
               </mods:name>
               <mods:physicalDescription>
                  <mods:extent>90 S. </mods:extent>
               </mods:physicalDescription>
               <mods:accessCondition type="use and reproduction" xlink:href="https://creativecommons.org/publicdomain/mark/1.0/">Public Domain Mark 1.0</mods:accessCondition>
               <mods:typeOfResource>text</mods:typeOfResource>
               <mods:accessCondition displayLabel="Access Status" type="restriction on access" xlink:href="http://purl.org/coar/access_right/c_abf2">open access</mods:accessCondition>
               <mods:extension>
                  <zvdd:zvddWrap xmlns:zvdd="http://zvdd.gdz-cms.de/">
                     <zvdd:titleWord>Die Erziehung des Menschengeschlechts</zvdd:titleWord>
                  </zvdd:zvddWrap>
               </mods:extension>
            </mods:mods>
         </mets:xmlData>
      </mets:mdWrap>
   </mets:dmdSec>
   <mets:dmdSec ID="DMDGT_0001">
      <mets:mdWrap MDTYPE="OTHER" OTHERMDTYPE="GT">
         <mets:xmlData>
            <gt:gt>
               <gt:state prop="granularity/physical/document-related/word"/>
               <gt:state prop="granularity/physical/document-related/text-line"/>
               <gt:state prop="granularity/physical/document-related/region"/>
               <gt:state prop="data-attributes/document-related/visual/text/font/multi-font/typefaces"/>
               <gt:state prop="data-attributes/document-related/visual/text/font/multi-font/font-sizes"/>
               <gt:state prop="condition/production-related/document-faults/ink-from-facing"/>
               <gt:state prop="condition/acquisition/content-or-background/included-objects/preceeding-or-proceeding"/>
            </gt:gt>
         </mets:xmlData>
      </mets:mdWrap>
   </mets:dmdSec>
   <mets:amdSec ID="amdSec_0001">
      <mets:rightsMD ID="rights_0001">
         <mets:mdWrap MDTYPE="OTHER" OTHERMDTYPE="DVRIGHTS" MIMETYPE="text/xml">
            <mets:xmlData>
               <DV:rights>
                  <DV:owner>Koordinierte Förderinitiative zur Weiterentwicklung von Verfahren für die
                Optical-Character-Recognition OCR-D</DV:owner>
                  <DV:ownerLogo>http://ocr-d.de/sites/default/files/Header1-Text-gold_3.png</DV:ownerLogo>
                  <DV:ownerSiteURL>http://ocr-d.de/</DV:ownerSiteURL>
                  <DV:ownerContact>mailto:ocrd@bbaw.de</DV:ownerContact>
               </DV:rights>
            </mets:xmlData>
         </mets:mdWrap>
      </mets:rightsMD>
      <mets:rightsMD ID="rights_0002">
         <mets:mdWrap MDTYPE="PREMIS:RIGHTS">
            <mets:xmlData>
               <pre:rightsStatement>
                  <pre:rightsBasis>license</pre:rightsBasis>
                  <pre:licenseInformation>
                     <pre:licenseDocumentationIdentifier>
                        <pre:licenseDocumentationIdentifierValue>http://creativecommons.org/publicdomain/mark/1.0/</pre:licenseDocumentationIdentifierValue>                   
                     </pre:licenseDocumentationIdentifier>
                  </pre:licenseInformation>
               </pre:rightsStatement>
            </mets:xmlData>
         </mets:mdWrap>
      </mets:rightsMD>
      <mets:digiprovMD ID="digiprovMD_0001">
         <mets:mdWrap MIMETYPE="text/xml" MDTYPE="OTHER" OTHERMDTYPE="DVLINKS">
            <mets:xmlData>
               <DV:links>
                  <DV:reference/>
                  <DV:presentation>http://www.deutschestextarchiv.de/lessing_menschengeschlecht_1780</DV:presentation>
               </DV:links>
            </mets:xmlData>
         </mets:mdWrap>
      </mets:digiprovMD>
   </mets:amdSec>
   <mets:fileSec>
      <mets:fileGrp USE="OCR-D-GT-SEG-PAGE">
         <mets:file MIMETYPE="application/vnd.prima.page+xml" ID="OCR-D-GT-SEG-PAGE_0001">
            <mets:FLocat LOCTYPE="OTHER" xlink:href="OCR-D-GT-SEG-PAGE/OCR-D-GT-SEG-PAGE_0001.xml" OTHERLOCTYPE="FILE"/>
         </mets:file>
      </mets:fileGrp>
      <mets:fileGrp USE="OCR-D-GT-SEG-BLOCK">
         <mets:file MIMETYPE="application/vnd.prima.page+xml" ID="OCR-D-GT-SEG-BLOCK_0001">
            <mets:FLocat LOCTYPE="OTHER" xlink:href="OCR-D-GT-SEG-BLOCK/OCR-D-GT-SEG-BLOCK_0001.xml" OTHERLOCTYPE="FILE"/>
         </mets:file>
      </mets:fileGrp>
      <mets:fileGrp USE="OCR-D-GT-SEG-LINE">
         <mets:file MIMETYPE="application/vnd.prima.page+xml" ID="OCR-D-GT-SEG-LINE_0001">
            <mets:FLocat LOCTYPE="OTHER" xlink:href="OCR-D-GT-SEG-LINE/OCR-D-GT-SEG-LINE_0001.xml" OTHERLOCTYPE="FILE"/>
         </mets:file>
      </mets:fileGrp>
      <mets:fileGrp USE="OCR-D-IMG">
         <mets:file MIMETYPE="image/tiff" ID="OCR-D-IMG_0001">
            <mets:FLocat LOCTYPE="OTHER" xlink:href="OCR-D-IMG/OCR-D-IMG_0001.tif" OTHERLOCTYPE="FILE"/>
         </mets:file>
      </mets:fileGrp>
   </mets:fileSec>
   <mets:structMap TYPE="LOGICAL">
      <mets:div TYPE="Monograph" DMDID="dmdSec_0001" ADMID="amdSec_0001" ID="loc_0001">
         <mets:div ID="loc_d1e408" TYPE="Chapter" LABEL=""/>
      </mets:div>
   </mets:structMap>
   <mets:structMap TYPE="PHYSICAL">
      <mets:div TYPE="physSequence" ID="physroot">
         <mets:div TYPE="page" ORDER="1" ID="phys_0001" DMDID="DMDGT_0001">
            <mets:fptr FILEID="OCR-D-GT-SEG-PAGE_0001"/>
            <mets:fptr FILEID="OCR-D-GT-SEG-BLOCK_0001"/>
            <mets:fptr FILEID="OCR-D-GT-SEG-LINE_0001"/>
            <mets:fptr FILEID="OCR-D-IMG_0001"/>
         </mets:div>
      </mets:div>
   </mets:structMap>
   <mets:structLink>
      <mets:smLink xlink:from="loc_0001" xlink:to="phys_0000"/>
      <mets:smLink xlink:from="loc_d1e408" xlink:to="phys_0000"/>
   </mets:structLink>
</mets:mets>
